ply
format ascii 1.0
comment Created by Open Asset Import Library - http://assimp.sf.net (v5.2.3481089591)
element vertex 7099
property float x
property float y
property float z
property float nx
property float ny
property float nz
element face 7084
property list uchar int vertex_index
end_header
-0.00646164082 -0.00696399296 0 -0 -0 1
0.00141590158 0.00939389318 0 -0 -0 1
0 0.00949999969 0 -0 -0 1
0.00280017406 0.009077942 0 -0 -0 1
0.00412189541 0.00855920464 0 -0 -0 1
0.00535154063 0.00784926862 0 -0 -0 1
0.00646164082 0.00696399296 0 -0 -0 1
0.00742739905 0.0059231529 0 -0 -0 1
0.00822724123 0.00474999985 0 -0 -0 1
0.00884330086 0.00347073982 0 -0 -0 1
0.00926181488 0.00211394881 0 -0 -0 1
0.00947343651 0.000709935906 0 -0 -0 1
0.00947343651 -0.000709935906 0 -0 -0 1
0.00926181488 -0.00211394881 0 -0 -0 1
0.00884330086 -0.00347073982 0 -0 -0 1
0.00822724123 -0.00474999985 0 -0 -0 1
0.00742739905 -0.0059231529 0 -0 -0 1
0.00646164082 -0.00696399296 0 -0 -0 1
0.00535154063 -0.00784926862 0 -0 -0 1
0.00412189541 -0.00855920464 0 -0 -0 1
0.00280017406 -0.009077942 0 -0 -0 1
0.00141590158 -0.00939389318 0 -0 -0 1
0 -0.00949999969 0 -0 -0 1
-0.00141590158 -0.00939389318 0 -0 -0 1
-0.00280017406 -0.009077942 0 -0 -0 1
-0.00412189541 -0.00855920464 0 -0 -0 1
-0.00535154063 -0.00784926862 0 -0 -0 1
-0.00822724123 -0.00474999985 0 -0 -0 1
-0.00742739905 -0.0059231529 0 -0 -0 1
-0.00884330086 -0.00347073982 0 -0 -0 1
-0.00926181488 -0.00211394881 0 -0 -0 1
-0.00947343651 -0.000709935906 0 -0 -0 1
-0.00947343651 0.000709935906 0 -0 -0 1
-0.00926181488 0.00211394881 0 -0 -0 1
-0.00884330086 0.00347073982 0 -0 -0 1
-0.00822724123 0.00474999985 0 -0 -0 1
-0.00742739905 0.0059231529 0 -0 -0 1
-0.00646164082 0.00696399296 0 -0 -0 1
-0.00535154063 0.00784926862 0 -0 -0 1
-0.00412189541 0.00855920464 0 -0 -0 1
-0.00280017406 0.009077942 0 -0 -0 1
-0.00141590158 0.00939389318 0 -0 -0 1
0.00142314844 0.0098982146 -0.000500000024 0.0847751647 0.702050805 0.70706284
0 0.00999999978 -0.000500000024 0.0505087227 0.706204236 0.706204236
0 0.00949999969 0 0.0515844785 0.704454243 0.707872391
0.00141590158 0.00939389318 0 0.120128736 0.694653511 0.709243
0.00281732553 0.0095949294 -0.000500000024 0.185624272 0.683363438 0.706086397
0.00280017406 0.009077942 0 0.220485985 0.668556154 0.71022433
0.00415414991 0.00909631979 -0.000500000024 0.282805771 0.650154173 0.705209494
0.00412189541 0.00855920464 0 0.315840602 0.628165007 0.711093128
0.00540640811 0.0084125353 -0.000500000024 0.374224603 0.603100479 0.704432964
0.00535154063 0.00784926862 0 0.4041861 0.574371219 0.711850643
0.00654860726 0.00755749596 -0.000500000024 0.457906127 0.543182015 0.703758001
0.00646164082 0.00696399296 0 0.483666867 0.508343458 0.71249789
0.00755749596 0.00654860726 -0.000500000024 0.53204006 0.471660614 0.70318538
0.00742739905 0.0059231529 0 0.552616239 0.431503326 0.713035882
0.0084125353 0.00540640811 -0.000500000024 0.595020652 0.390052378 0.702715874
0.00822724123 0.00474999985 0 0.609589934 0.345495611 0.713465393
0.00909631979 0.00415414991 -0.000500000024 0.645482361 0.300094932 0.70235008
0.00884330086 0.00347073982 0 0.65339613 0.252153933 0.713787019
0.0095949294 0.00281732553 -0.000500000024 0.682330072 0.203709394 0.702088475
0.00926181488 0.00211394881 0 0.68311888 0.153463244 0.714001179
0.0098982146 0.00142314844 -0.000500000024 0.70476377 0.10295824 0.701931298
0.00947343651 0.000709935906 0 0.698137105 0.0515184812 0.714108169
0.00999999978 2.83276955e-18 -0.000500000024 0.712296247 0 0.701878905
0.00947343651 -0.000709935906 0 0.698137105 -0.0515184812 0.714108169
0.0098982146 -0.00142314844 -0.000500000024 0.70476377 -0.10295824 0.701931298
0.00926181488 -0.00211394881 0 0.68311888 -0.153463259 0.714001179
0.0095949294 -0.00281732553 -0.000500000024 0.682330072 -0.203709394 0.702088475
0.00884330086 -0.00347073982 0 0.65339613 -0.252153933 0.713787019
0.00909631979 -0.00415414991 -0.000500000024 0.645482361 -0.300094903 0.70235008
0.00822724123 -0.00474999985 0 0.609589934 -0.345495611 0.713465393
0.0084125353 -0.00540640811 -0.000500000024 0.595020592 -0.390052348 0.702715874
0.00742739905 -0.0059231529 0 0.552616179 -0.431503326 0.713035941
0.00755749596 -0.00654860726 -0.000500000024 0.53204006 -0.471660614 0.70318538
0.00646164082 -0.00696399296 0 0.483666867 -0.508343458 0.71249789
0.00654860726 -0.00755749596 -0.000500000024 0.457906097 -0.543182015 0.703757942
0.00535154063 -0.00784926862 0 0.40418613 -0.574371219 0.711850643
0.00540640811 -0.0084125353 -0.000500000024 0.374224663 -0.603100419 0.704432964
0.00412189541 -0.00855920464 0 0.315840632 -0.628165007 0.711093128
0.00415414991 -0.00909631979 -0.000500000024 0.2828058 -0.650154233 0.705209494
0.00280017406 -0.009077942 0 0.220485985 -0.668556154 0.71022433
0.00281732553 -0.0095949294 -0.000500000024 0.185624272 -0.683363438 0.706086397
0.00141590158 -0.00939389318 0 0.120128721 -0.694653511 0.709243
0.00142314844 -0.0098982146 -0.000500000024 0.0847751647 -0.702050805 0.707062781
0 -0.00949999969 0 0.0515844785 -0.704454243 0.707872391
0 -0.00999999978 -0.000500000024 0.0505087227 -0.706204236 0.706204236
0.00142314844 0.0098982146 -0.00400000019 0.118683308 0.992932141 2.46188141e-16
0 0.00999999978 -0.00400000019 0.0713391826 0.99745214 0
0 0.00999999978 -0.000500000024 0.0713391826 0.99745214 9.28153226e-17
0.00142314844 0.0098982146 -0.000500000024 0.165865511 0.986148357 2.51576012e-16
0.00281732553 0.0095949294 -0.00400000019 0.258784235 0.965935171 3.09978086e-16
0.00281732553 0.0095949294 -0.000500000024 0.304520786 0.952505708 4.69809206e-17
0.00415414991 0.00909631979 -0.00400000019 0.393617123 0.919274449 6.99269836e-17
0.00415414991 0.00909631979 -0.000500000024 0.436976939 0.899472713 -6.34059218e-17
0.00540640811 0.0084125353 -0.00400000019 0.520437062 0.853900015 1.00422347e-16
0.00540640811 0.0084125353 -0.000500000024 0.560537398 0.828129113 1.21330945e-16
0.00654860726 0.00755749596 -0.00400000019 0.636662424 0.771142662 2.61747342e-16
0.00654860726 0.00755749596 -0.000500000024 0.672687054 0.739927113 1.76745428e-16
0.00755749596 0.00654860726 -0.00400000019 0.739927113 0.672686994 1.98337807e-16
0.00755749596 0.00654860726 -0.000500000024 0.771142602 0.636662424 5.45452888e-17
0.0084125353 0.00540640811 -0.00400000019 0.828129113 0.560537398 8.28792622e-17
0.0084125353 0.00540640811 -0.000500000024 0.853900015 0.520437062 -8.06954855e-17
0.00909631979 0.00415414991 -0.00400000019 0.899472713 0.43697691 -8.56563259e-17
0.00909631979 0.00415414991 -0.000500000024 0.919274449 0.393617123 -1.17977105e-16
0.0095949294 0.00281732553 -0.00400000019 0.952505708 0.304520786 4.20559104e-17
0.0095949294 0.00281732553 -0.000500000024 0.965935171 0.258784264 1.10715485e-16
0.0098982146 0.00142314844 -0.00400000019 0.986148357 0.165865541 2.42205127e-16
0.0098982146 0.00142314844 -0.000500000024 0.992932141 0.118683308 1.36331753e-16
0.00999999978 -2.83276955e-18 -0.00400000019 0.999715924 0.0238336977 1.27881871e-16
0.00999999978 2.83276955e-18 -0.000500000024 0.999715924 -0.0238336977 -1.26394151e-16
0.0098982146 -0.00142314844 -0.00400000019 0.992932141 -0.118683308 -1.37398406e-16
0.0098982146 -0.00142314844 -0.000500000024 0.986148357 -0.165865511 -2.41365665e-16
0.0095949294 -0.00281732553 -0.00400000019 0.965935171 -0.258784235 -1.1459252e-16
0.0095949294 -0.00281732553 -0.000500000024 0.952505708 -0.304520786 -4.65546282e-17
0.00909631979 -0.00415414991 -0.00400000019 0.919274449 -0.393617123 1.10538858e-16
0.00909631979 -0.00415414991 -0.000500000024 0.899472713 -0.436976939 8.42427801e-17
0.0084125353 -0.00540640811 -0.00400000019 0.853900015 -0.520437062 7.99563037e-17
0.0084125353 -0.00540640811 -0.000500000024 0.828129113 -0.560537398 -7.87822499e-17
0.00755749596 -0.00654860726 -0.00400000019 0.771142662 -0.636662424 -5.2486165e-17
0.00755749596 -0.00654860726 -0.000500000024 0.739927113 -0.672687054 -1.83740637e-16
0.00654860726 -0.00755749596 -0.00400000019 0.672686994 -0.739927113 -1.73755429e-16
0.00654860726 -0.00755749596 -0.000500000024 0.636662424 -0.771142602 -2.5595091e-16
0.00540640811 -0.0084125353 -0.00400000019 0.560537398 -0.828129113 -1.24696432e-16
0.00540640811 -0.0084125353 -0.000500000024 0.520437062 -0.853900015 -9.47935946e-17
0.00415414991 -0.00909631979 -0.00400000019 0.43697691 -0.899472713 7.2403794e-17
0.00415414991 -0.00909631979 -0.000500000024 0.393617123 -0.919274449 -6.14832364e-17
0.00281732553 -0.0095949294 -0.00400000019 0.304520786 -0.952505708 -4.18016318e-17
0.00281732553 -0.0095949294 -0.000500000024 0.258784264 -0.965935171 -3.11593008e-16
0.00142314844 -0.0098982146 -0.00400000019 0.165865541 -0.986148357 -2.53853524e-16
0.00142314844 -0.0098982146 -0.000500000024 0.118683308 -0.992932141 -2.46770026e-16
0 -0.00999999978 -0.00400000019 0.0713391826 -0.99745214 -9.27603184e-17
0 -0.00999999978 -0.000500000024 0.0713391826 -0.99745214 0
-0.00142314844 -0.0098982146 -0.00400000019 -0.118683308 -0.992932141 0
0 -0.00999999978 -0.00400000019 -0.0713391826 -0.99745214 0
0 -0.00999999978 -0.000500000024 -0.0713391826 -0.99745214 0
-0.00142314844 -0.0098982146 -0.000500000024 -0.165865511 -0.986148357 0
-0.00281732553 -0.0095949294 -0.00400000019 -0.258784235 -0.965935171 0
-0.00281732553 -0.0095949294 -0.000500000024 -0.304520786 -0.952505708 0
-0.00415414991 -0.00909631979 -0.00400000019 -0.393617123 -0.919274449 0
-0.00415414991 -0.00909631979 -0.000500000024 -0.436976939 -0.899472713 0
-0.00540640811 -0.0084125353 -0.00400000019 -0.520437062 -0.853900015 0
-0.00540640811 -0.0084125353 -0.000500000024 -0.560537398 -0.828129113 0
-0.00654860726 -0.00755749596 -0.00400000019 -0.636662424 -0.771142662 0
-0.00654860726 -0.00755749596 -0.000500000024 -0.672687054 -0.739927113 0
-0.00755749596 -0.00654860726 -0.00400000019 -0.739927113 -0.672686994 0
-0.00755749596 -0.00654860726 -0.000500000024 -0.771142602 -0.636662424 0
-0.0084125353 -0.00540640811 -0.00400000019 -0.828129113 -0.560537398 0
-0.0084125353 -0.00540640811 -0.000500000024 -0.853900015 -0.520437062 0
-0.00909631979 -0.00415414991 -0.00400000019 -0.899472713 -0.43697691 0
-0.00909631979 -0.00415414991 -0.000500000024 -0.919274449 -0.393617123 0
-0.0095949294 -0.00281732553 -0.00400000019 -0.952505708 -0.304520786 0
-0.0095949294 -0.00281732553 -0.000500000024 -0.965935171 -0.258784264 0
-0.0098982146 -0.00142314844 -0.00400000019 -0.986148357 -0.165865541 0
-0.0098982146 -0.00142314844 -0.000500000024 -0.992932141 -0.118683308 0
-0.00999999978 -2.83276955e-18 -0.00400000019 -0.999715924 -0.0238336977 0
-0.00999999978 -2.83276955e-18 -0.000500000024 -0.999715924 0.0238336977 0
-0.0098982146 0.00142314844 -0.00400000019 -0.992932141 0.118683308 0
-0.0098982146 0.00142314844 -0.000500000024 -0.986148357 0.165865511 0
-0.0095949294 0.00281732553 -0.00400000019 -0.965935171 0.258784235 0
-0.0095949294 0.00281732553 -0.000500000024 -0.952505708 0.304520786 0
-0.00909631979 0.00415414991 -0.00400000019 -0.919274449 0.393617123 0
-0.00909631979 0.00415414991 -0.000500000024 -0.899472713 0.436976939 0
-0.0084125353 0.00540640811 -0.00400000019 -0.853900015 0.520437062 0
-0.0084125353 0.00540640811 -0.000500000024 -0.828129113 0.560537398 0
-0.00755749596 0.00654860726 -0.00400000019 -0.771142662 0.636662424 0
-0.00755749596 0.00654860726 -0.000500000024 -0.739927113 0.672687054 0
-0.00654860726 0.00755749596 -0.00400000019 -0.672686994 0.739927113 0
-0.00654860726 0.00755749596 -0.000500000024 -0.636662424 0.771142602 0
-0.00540640811 0.0084125353 -0.00400000019 -0.560537398 0.828129113 0
-0.00540640811 0.0084125353 -0.000500000024 -0.520437062 0.853900015 0
-0.00415414991 0.00909631979 -0.00400000019 -0.43697691 0.899472713 0
-0.00415414991 0.00909631979 -0.000500000024 -0.393617123 0.919274449 0
-0.00281732553 0.0095949294 -0.00400000019 -0.304520786 0.952505708 0
-0.00281732553 0.0095949294 -0.000500000024 -0.258784264 0.965935171 0
-0.00142314844 0.0098982146 -0.00400000019 -0.165865541 0.986148357 0
-0.00142314844 0.0098982146 -0.000500000024 -0.118683308 0.992932141 0
0 0.00999999978 -0.00400000019 -0.0713391826 0.99745214 0
0 0.00999999978 -0.000500000024 -0.0713391826 0.99745214 0
-0.00142314844 -0.0098982146 -0.000500000024 -0.0847751647 -0.702050805 0.70706284
0 -0.00999999978 -0.000500000024 -0.0505087227 -0.706204236 0.706204236
0 -0.00949999969 0 -0.0515844785 -0.704454243 0.707872391
-0.00141590158 -0.00939389318 0 -0.120128736 -0.694653511 0.709243
-0.00281732553 -0.0095949294 -0.000500000024 -0.185624272 -0.683363438 0.706086397
-0.00280017406 -0.009077942 0 -0.220485985 -0.668556154 0.71022433
-0.00415414991 -0.00909631979 -0.000500000024 -0.282805771 -0.650154173 0.705209494
-0.00412189541 -0.00855920464 0 -0.315840602 -0.628165007 0.711093128
-0.00540640811 -0.0084125353 -0.000500000024 -0.374224603 -0.603100479 0.704432964
-0.00535154063 -0.00784926862 0 -0.4041861 -0.574371219 0.711850643
-0.00654860726 -0.00755749596 -0.000500000024 -0.457906127 -0.543182015 0.703758001
-0.00646164082 -0.00696399296 0 -0.483666867 -0.508343458 0.71249789
-0.00755749596 -0.00654860726 -0.000500000024 -0.53204006 -0.471660614 0.70318538
-0.00742739905 -0.0059231529 0 -0.552616239 -0.431503326 0.713035882
-0.0084125353 -0.00540640811 -0.000500000024 -0.595020652 -0.390052378 0.702715874
-0.00822724123 -0.00474999985 0 -0.609589934 -0.345495611 0.713465393
-0.00909631979 -0.00415414991 -0.000500000024 -0.645482361 -0.300094932 0.70235008
-0.00884330086 -0.00347073982 0 -0.65339613 -0.252153933 0.713787019
-0.0095949294 -0.00281732553 -0.000500000024 -0.682330072 -0.203709394 0.702088475
-0.00926181488 -0.00211394881 0 -0.68311888 -0.153463244 0.714001179
-0.0098982146 -0.00142314844 -0.000500000024 -0.70476377 -0.10295824 0.701931298
-0.00947343651 -0.000709935906 0 -0.698137105 -0.0515184812 0.714108169
-0.00999999978 -2.83276955e-18 -0.000500000024 -0.712296247 0 0.701878905
-0.00947343651 0.000709935906 0 -0.698137105 0.0515184812 0.714108169
-0.0098982146 0.00142314844 -0.000500000024 -0.70476377 0.10295824 0.701931298
-0.00926181488 0.00211394881 0 -0.68311888 0.153463259 0.714001179
-0.0095949294 0.00281732553 -0.000500000024 -0.682330072 0.203709394 0.702088475
-0.00884330086 0.00347073982 0 -0.65339613 0.252153933 0.713787019
-0.00909631979 0.00415414991 -0.000500000024 -0.645482361 0.300094903 0.70235008
-0.00822724123 0.00474999985 0 -0.609589934 0.345495611 0.713465393
-0.0084125353 0.00540640811 -0.000500000024 -0.595020592 0.390052348 0.702715874
-0.00742739905 0.0059231529 0 -0.552616179 0.431503326 0.713035941
-0.00755749596 0.00654860726 -0.000500000024 -0.53204006 0.471660614 0.70318538
-0.00646164082 0.00696399296 0 -0.483666867 0.508343458 0.71249789
-0.00654860726 0.00755749596 -0.000500000024 -0.457906097 0.543182015 0.703757942
-0.00535154063 0.00784926862 0 -0.40418613 0.574371219 0.711850643
-0.00540640811 0.0084125353 -0.000500000024 -0.374224663 0.603100419 0.704432964
-0.00412189541 0.00855920464 0 -0.315840632 0.628165007 0.711093128
-0.00415414991 0.00909631979 -0.000500000024 -0.2828058 0.650154233 0.705209494
-0.00280017406 0.009077942 0 -0.220485985 0.668556154 0.71022433
-0.00281732553 0.0095949294 -0.000500000024 -0.185624272 0.683363438 0.706086397
-0.00141590158 0.00939389318 0 -0.120128721 0.694653511 0.709243
-0.00142314844 0.0098982146 -0.000500000024 -0.0847751647 0.702050805 0.707062781
0 0.00949999969 0 -0.0515844785 0.704454243 0.707872391
0 0.00999999978 -0.000500000024 -0.0505087227 0.706204236 0.706204236
-0.00970603898 -0.0174869318 -0.00400000019 -0 -0 1
-0.00788711756 -0.0183791555 -0.00400000019 -0 -0 1
-0.00252444879 -0.015127779 -0.00400000019 -0 -0 1
-0.00415414991 -0.00909631979 -0.00400000019 -0 -0 1
-0.00540640811 -0.0084125353 -0.00400000019 -0 -0 1
-0.0169728845 -0.0105792806 -0.00400000019 -0 -0 1
-0.0084125353 -0.00540640811 -0.00400000019 -0 -0 1
-0.0179560911 -0.00880788267 -0.00400000019 -0 -0 1
-0.0114253648 -0.0164152682 -0.00400000019 -0 -0 1
-0.00654860726 -0.00755749596 -0.00400000019 -0 -0 1
-0.0158155151 -0.0122421198 -0.00400000019 -0 -0 1
-0.00755749596 -0.00654860726 -0.00400000019 -0 -0 1
-0.0130274501 -0.0151751628 -0.00400000019 -0 -0 1
-0.0144958561 -0.0137793384 -0.00400000019 -0 -0 1
0.00194612797 0.0174741186 -0.00400000019 -0 -0 1
0.00402597059 0.0195905995 -0.00400000019 -0 -0 1
0.00202336651 0.0198973864 -0.00400000019 -0 -0 1
0.00147696829 0.0178897586 -0.00400000019 -0 -0 1
0.017226968 0.00213975809 -0.00400000019 -0 -0 1
0.0176961273 0.00172411895 -0.00400000019 -0 -0 1
0.0197693668 0.00302855554 -0.00400000019 -0 -0 1
0.0193615425 0.00501305051 -0.00400000019 -0 -0 1
0.00230218563 0.0169582795 -0.00400000019 -0 -0 1
0.018052185 0.00120828021 -0.00400000019 -0 -0 1
0.0199743304 0.00101298338 -0.00400000019 -0 -0 1
0.000921972678 0.0181810427 -0.00400000019 -0 -0 1
0 0.0199999996 -0.00400000019 -0 -0 1
0.0166719723 0.00243104226 -0.00400000019 -0 -0 1
0.00252444879 0.0163722206 -0.00400000019 -0 -0 1
0.00598726235 0.0190827847 -0.00400000019 -0 -0 1
0.0182744488 0.000622220745 -0.00400000019 -0 -0 1
0.000313395372 0.0183310434 -0.00400000019 -0 -0 1
0.0160633959 0.00258104317 -0.00400000019 -0 -0 1
0.0187550429 0.00694610504 -0.00400000019 -0 -0 1
0.00260000001 0.0157500003 -0.00400000019 -0 -0 1
0.00788711756 0.0183791555 -0.00400000019 -0 -0 1
0.0183499996 0 -0.00400000019 -0 -0 1
0.0199743304 -0.00101298338 -0.00400000019 -0 -0 1
-0.000313395372 0.0183310434 -0.00400000019 -0 -0 1
0.0154366046 0.00258104317 -0.00400000019 -0 -0 1
0.0179560911 0.00880788267 -0.00400000019 -0 -0 1
0.00252444879 0.015127779 -0.00400000019 -0 -0 1
0.00970603898 0.0174869318 -0.00400000019 -0 -0 1
0.0182744488 -0.000622220745 -0.00400000019 -0 -0 1
-0.000921972678 0.0181810427 -0.00400000019 -0 -0 1
-0.00202336651 0.0198973864 -0.00400000019 -0 -0 1
0.0148280272 0.00243104226 -0.00400000019 -0 -0 1
0.018052185 -0.00120828021 -0.00400000019 -0 -0 1
0.0197693668 -0.00302855554 -0.00400000019 -0 -0 1
-0.00147696829 0.0178897586 -0.00400000019 -0 -0 1
0.0176961273 -0.00172411895 -0.00400000019 -0 -0 1
-0.00194612797 0.0174741186 -0.00400000019 -0 -0 1
-0.00402597059 0.0195905995 -0.00400000019 -0 -0 1
0.017226968 -0.00213975809 -0.00400000019 -0 -0 1
-0.00230218563 0.0169582795 -0.00400000019 -0 -0 1
0.0193615425 -0.00501305051 -0.00400000019 -0 -0 1
0.0166719723 -0.00243104226 -0.00400000019 -0 -0 1
0.00654860726 0.00755749596 -0.00400000019 -0 -0 1
0.0144958561 0.0137793384 -0.00400000019 -0 -0 1
0.0130274501 0.0151751628 -0.00400000019 -0 -0 1
0.0114253648 0.0164152682 -0.00400000019 -0 -0 1
0.00755749596 0.00654860726 -0.00400000019 -0 -0 1
0.0158155151 0.0122421198 -0.00400000019 -0 -0 1
-0.00252444879 0.0163722206 -0.00400000019 -0 -0 1
0.00540640811 0.0084125353 -0.00400000019 -0 -0 1
0.0084125353 0.00540640811 -0.00400000019 -0 -0 1
0.0169728845 0.0105792806 -0.00400000019 -0 -0 1
0.0160633959 -0.00258104317 -0.00400000019 -0 -0 1
0.00415414991 0.00909631979 -0.00400000019 -0 -0 1
0.00230218563 0.01454172 -0.00400000019 -0 -0 1
0.00194612797 0.014025881 -0.00400000019 -0 -0 1
0.00909631979 0.00415414991 -0.00400000019 -0 -0 1
0.0142730316 0.00213975809 -0.00400000019 -0 -0 1
-0.00598726235 0.0190827847 -0.00400000019 -0 -0 1
-0.00260000001 0.0157500003 -0.00400000019 -0 -0 1
0.00281732553 0.0095949294 -0.00400000019 -0 -0 1
0.00147696829 0.0136102419 -0.00400000019 -0 -0 1
0.0095949294 0.00281732553 -0.00400000019 -0 -0 1
0.0138038723 0.00172411895 -0.00400000019 -0 -0 1
0.0134478146 0.00120828021 -0.00400000019 -0 -0 1
0.0187550429 -0.00694610504 -0.00400000019 -0 -0 1
0.0154366046 -0.00258104317 -0.00400000019 -0 -0 1
0.00142314844 0.0098982146 -0.00400000019 -0 -0 1
0.000921972678 0.0133189578 -0.00400000019 -0 -0 1
0.000313395372 0.0131689571 -0.00400000019 -0 -0 1
0.0098982146 0.00142314844 -0.00400000019 -0 -0 1
0.0132255517 0.000622220745 -0.00400000019 -0 -0 1
-0.00788711756 0.0183791555 -0.00400000019 -0 -0 1
-0.00252444879 0.015127779 -0.00400000019 -0 -0 1
0 0.00999999978 -0.00400000019 -0 -0 1
-0.000313395372 0.0131689571 -0.00400000019 -0 -0 1
0.00999999978 -2.83276955e-18 -0.00400000019 -0 -0 1
0.01315 0 -0.00400000019 -0 -0 1
0.0132255517 -0.000622220745 -0.00400000019 -0 -0 1
0.0179560911 -0.00880788267 -0.00400000019 -0 -0 1
0.0148280272 -0.00243104226 -0.00400000019 -0 -0 1
-0.00142314844 0.0098982146 -0.00400000019 -0 -0 1
-0.000921972678 0.0133189578 -0.00400000019 -0 -0 1
-0.00147696829 0.0136102419 -0.00400000019 -0 -0 1
0.0098982146 -0.00142314844 -0.00400000019 -0 -0 1
0.0134478146 -0.00120828021 -0.00400000019 -0 -0 1
-0.00970603898 0.0174869318 -0.00400000019 -0 -0 1
-0.00281732553 0.0095949294 -0.00400000019 -0 -0 1
-0.00194612797 0.014025881 -0.00400000019 -0 -0 1
0.0095949294 -0.00281732553 -0.00400000019 -0 -0 1
0.0138038723 -0.00172411895 -0.00400000019 -0 -0 1
0.0142730316 -0.00213975809 -0.00400000019 -0 -0 1
-0.00415414991 0.00909631979 -0.00400000019 -0 -0 1
-0.00230218563 0.01454172 -0.00400000019 -0 -0 1
0.00909631979 -0.00415414991 -0.00400000019 -0 -0 1
0.0084125353 -0.00540640811 -0.00400000019 -0 -0 1
0.0158155151 -0.0122421198 -0.00400000019 -0 -0 1
0.0169728845 -0.0105792806 -0.00400000019 -0 -0 1
-0.00540640811 0.0084125353 -0.00400000019 -0 -0 1
-0.0114253648 0.0164152682 -0.00400000019 -0 -0 1
-0.00654860726 0.00755749596 -0.00400000019 -0 -0 1
-0.0130274501 0.0151751628 -0.00400000019 -0 -0 1
0.00755749596 -0.00654860726 -0.00400000019 -0 -0 1
0.0144958561 -0.0137793384 -0.00400000019 -0 -0 1
-0.0144958561 0.0137793384 -0.00400000019 -0 -0 1
-0.00755749596 0.00654860726 -0.00400000019 -0 -0 1
0.00654860726 -0.00755749596 -0.00400000019 -0 -0 1
0.0130274501 -0.0151751628 -0.00400000019 -0 -0 1
-0.0158155151 0.0122421198 -0.00400000019 -0 -0 1
-0.0084125353 0.00540640811 -0.00400000019 -0 -0 1
0.0114253648 -0.0164152682 -0.00400000019 -0 -0 1
0.00540640811 -0.0084125353 -0.00400000019 -0 -0 1
-0.0169728845 0.0105792806 -0.00400000019 -0 -0 1
0.00970603898 -0.0174869318 -0.00400000019 -0 -0 1
0.00415414991 -0.00909631979 -0.00400000019 -0 -0 1
-0.0179560911 0.00880788267 -0.00400000019 -0 -0 1
0.00194612797 -0.014025881 -0.00400000019 -0 -0 1
0.00281732553 -0.0095949294 -0.00400000019 -0 -0 1
-0.0142730316 0.00213975809 -0.00400000019 -0 -0 1
-0.0138038723 0.00172411895 -0.00400000019 -0 -0 1
-0.0095949294 0.00281732553 -0.00400000019 -0 -0 1
-0.00909631979 0.00415414991 -0.00400000019 -0 -0 1
0.00147696829 -0.0136102419 -0.00400000019 -0 -0 1
0.00142314844 -0.0098982146 -0.00400000019 -0 -0 1
-0.0134478146 0.00120828021 -0.00400000019 -0 -0 1
-0.0098982146 0.00142314844 -0.00400000019 -0 -0 1
0.00230218563 -0.01454172 -0.00400000019 -0 -0 1
-0.0148280272 0.00243104226 -0.00400000019 -0 -0 1
0.000921972678 -0.0133189578 -0.00400000019 -0 -0 1
-0.0132255517 0.000622220745 -0.00400000019 -0 -0 1
-0.00999999978 -2.83276955e-18 -0.00400000019 -0 -0 1
0.00252444879 -0.015127779 -0.00400000019 -0 -0 1
0.00788711756 -0.0183791555 -0.00400000019 -0 -0 1
-0.0154366046 0.00258104317 -0.00400000019 -0 -0 1
-0.0187550429 0.00694610504 -0.00400000019 -0 -0 1
0.000313395372 -0.0131689571 -0.00400000019 -0 -0 1
0 -0.00999999978 -0.00400000019 -0 -0 1
-0.01315 0 -0.00400000019 -0 -0 1
0.00260000001 -0.0157500003 -0.00400000019 -0 -0 1
0.00598726235 -0.0190827847 -0.00400000019 -0 -0 1
-0.0160633959 0.00258104317 -0.00400000019 -0 -0 1
-0.000313395372 -0.0131689571 -0.00400000019 -0 -0 1
-0.00142314844 -0.0098982146 -0.00400000019 -0 -0 1
-0.0132255517 -0.000622220745 -0.00400000019 -0 -0 1
-0.0098982146 -0.00142314844 -0.00400000019 -0 -0 1
0.00252444879 -0.0163722206 -0.00400000019 -0 -0 1
-0.000921972678 -0.0133189578 -0.00400000019 -0 -0 1
-0.0193615425 0.00501305051 -0.00400000019 -0 -0 1
-0.0166719723 0.00243104226 -0.00400000019 -0 -0 1
-0.0134478146 -0.00120828021 -0.00400000019 -0 -0 1
-0.0095949294 -0.00281732553 -0.00400000019 -0 -0 1
-0.017226968 0.00213975809 -0.00400000019 -0 -0 1
-0.00147696829 -0.0136102419 -0.00400000019 -0 -0 1
-0.00281732553 -0.0095949294 -0.00400000019 -0 -0 1
-0.0138038723 -0.00172411895 -0.00400000019 -0 -0 1
0.00402597059 -0.0195905995 -0.00400000019 -0 -0 1
0.00230218563 -0.0169582795 -0.00400000019 -0 -0 1
0.00194612797 -0.0174741186 -0.00400000019 -0 -0 1
-0.00194612797 -0.014025881 -0.00400000019 -0 -0 1
-0.0142730316 -0.00213975809 -0.00400000019 -0 -0 1
-0.00909631979 -0.00415414991 -0.00400000019 -0 -0 1
-0.0197693668 0.00302855554 -0.00400000019 -0 -0 1
-0.0176961273 0.00172411895 -0.00400000019 -0 -0 1
-0.018052185 0.00120828021 -0.00400000019 -0 -0 1
-0.00230218563 -0.01454172 -0.00400000019 -0 -0 1
-0.0148280272 -0.00243104226 -0.00400000019 -0 -0 1
0.00202336651 -0.0198973864 -0.00400000019 -0 -0 1
0.00147696829 -0.0178897586 -0.00400000019 -0 -0 1
0.000921972678 -0.0181810427 -0.00400000019 -0 -0 1
-0.0199743304 0.00101298338 -0.00400000019 -0 -0 1
-0.0182744488 0.000622220745 -0.00400000019 -0 -0 1
-0.0183499996 0 -0.00400000019 -0 -0 1
0 -0.0199999996 -0.00400000019 -0 -0 1
-0.000313395372 -0.0183310434 -0.00400000019 -0 -0 1
-0.000921972678 -0.0181810427 -0.00400000019 -0 -0 1
0.000313395372 -0.0183310434 -0.00400000019 -0 -0 1
-0.0199743304 -0.00101298338 -0.00400000019 -0 -0 1
-0.0182744488 -0.000622220745 -0.00400000019 -0 -0 1
-0.018052185 -0.00120828021 -0.00400000019 -0 -0 1
-0.00202336651 -0.0198973864 -0.00400000019 -0 -0 1
-0.00147696829 -0.0178897586 -0.00400000019 -0 -0 1
-0.00194612797 -0.0174741186 -0.00400000019 -0 -0 1
-0.0197693668 -0.00302855554 -0.00400000019 -0 -0 1
-0.0176961273 -0.00172411895 -0.00400000019 -0 -0 1
-0.017226968 -0.00213975809 -0.00400000019 -0 -0 1
-0.00402597059 -0.0195905995 -0.00400000019 -0 -0 1
-0.00230218563 -0.0169582795 -0.00400000019 -0 -0 1
-0.00252444879 -0.0163722206 -0.00400000019 -0 -0 1
-0.0193615425 -0.00501305051 -0.00400000019 -0 -0 1
-0.0166719723 -0.00243104226 -0.00400000019 -0 -0 1
-0.0160633959 -0.00258104317 -0.00400000019 -0 -0 1
-0.00598726235 -0.0190827847 -0.00400000019 -0 -0 1
-0.00260000001 -0.0157500003 -0.00400000019 -0 -0 1
-0.0187550429 -0.00694610504 -0.00400000019 -0 -0 1
-0.0154366046 -0.00258104317 -0.00400000019 -0 -0 1
-0.00202336651 -0.0198973864 -0.00400000019 0.0843382552 0.996437192 -0
-0.00202336651 -0.0198973864 -0.000500000024 0.117969483 0.993017197 -0
0 -0.0199999996 -0.000500000024 0.0506491698 0.998716533 -0
0 -0.0199999996 -0.00400000019 0.0506491698 0.998716533 -0
-0.00402597059 -0.0195905995 -0.00400000019 0.184713438 0.982792437 -0
-0.00402597059 -0.0195905995 -0.000500000024 0.217826113 0.975987613 -0
-0.00598726235 -0.0190827847 -0.00400000019 0.283193171 0.959062874 -0
-0.00598726235 -0.0190827847 -0.000500000024 0.315447509 0.948943019 -0
-0.00788711756 -0.0183791555 -0.00400000019 0.378766954 0.925492048 -0
-0.00788711756 -0.0183791555 -0.000500000024 0.409832031 0.912160993 -0
-0.00970603898 -0.0174869318 -0.00400000019 0.470454156 0.882424414 -0
-0.00970603898 -0.0174869318 -0.000500000024 0.500011146 0.866018951 -0
-0.0114253648 -0.0164152682 -0.00400000019 0.5573138 0.83030194 -0
-0.0114253648 -0.0164152682 -0.000500000024 0.585059464 0.810990393 -0
-0.0130274501 -0.0151751628 -0.00400000019 0.638454676 0.76965946 -0
-0.0130274501 -0.0151751628 -0.000500000024 0.664104223 0.747640014 -0
-0.0144958561 -0.0137793384 -0.00400000019 0.713044107 0.701119184 -0
-0.0144958561 -0.0137793384 -0.000500000024 0.736334443 0.676617801 -0
-0.0158155151 -0.0122421198 -0.00400000019 0.78031677 0.62538451 -0
-0.0158155151 -0.0122421198 -0.000500000024 0.801008761 0.598652601 -0
-0.0169728845 -0.0105792806 -0.00400000019 0.839582264 0.54323256 -0
-0.0169728845 -0.0105792806 -0.000500000024 0.857463777 0.514544368 -0
-0.0179560911 -0.00880788267 -0.00400000019 0.890232623 0.455506235 -0
-0.0179560911 -0.00880788267 -0.000500000024 0.905119956 0.425156265 -0
-0.0187550429 -0.00694610504 -0.00400000019 0.931747913 0.363105804 -0
-0.0187550429 -0.00694610504 -0.000500000024 0.943488419 0.331405431 -0
-0.0193615425 -0.00501305051 -0.00400000019 0.963702202 0.266979486 -0
-0.0193615425 -0.00501305051 -0.000500000024 0.972175419 0.234253958 -0
-0.0197693668 -0.00302855554 -0.00400000019 0.985767663 0.168113574 -0
-0.0197693668 -0.00302855554 -0.000500000024 0.990886629 0.134698719 -0
-0.0199743304 -0.00101298338 -0.00400000019 0.997717738 0.0675225779 -0
-0.0199743304 -0.00101298338 -0.000500000024 0.999429941 0.033761289 -0
-0.0199743304 0.00101298338 -0.00400000019 0.999429941 -0.0337612852 -0
-0.0199743304 0.00101298338 -0.000500000024 0.997717738 -0.0675225779 -0
-0.0197693668 0.00302855554 -0.00400000019 0.990886629 -0.134698719 -0
-0.0197693668 0.00302855554 -0.000500000024 0.985767663 -0.168113574 -0
-0.0193615425 0.00501305051 -0.00400000019 0.972175419 -0.234253958 -0
-0.0193615425 0.00501305051 -0.000500000024 0.963702202 -0.266979456 -0
-0.0187550429 0.00694610504 -0.00400000019 0.943488419 -0.331405431 -0
-0.0187550429 0.00694610504 -0.000500000024 0.931747913 -0.363105834 -0
-0.0179560911 0.00880788267 -0.00400000019 0.905120015 -0.425156206 -0
-0.0179560911 0.00880788267 -0.000500000024 0.890232623 -0.455506235 -0
-0.0169728845 0.0105792806 -0.00400000019 0.857463777 -0.514544368 -0
-0.0169728845 0.0105792806 -0.000500000024 0.839582264 -0.54323256 -0
-0.0158155151 0.0122421198 -0.00400000019 0.801008761 -0.598652601 -0
-0.0158155151 0.0122421198 -0.000500000024 0.78031671 -0.62538451 -0
-0.0144958561 0.0137793384 -0.00400000019 0.736334443 -0.676617801 -0
-0.0144958561 0.0137793384 -0.000500000024 0.713044107 -0.701119125 -0
-0.0130274501 0.0151751628 -0.00400000019 0.664104283 -0.747639954 -0
-0.0130274501 0.0151751628 -0.000500000024 0.638454676 -0.76965946 -0
-0.0114253648 0.0164152682 -0.00400000019 0.585059464 -0.810990393 -0
-0.0114253648 0.0164152682 -0.000500000024 0.557313859 -0.83030194 -0
-0.00970603898 0.0174869318 -0.00400000019 0.500011146 -0.866018951 -0
-0.00970603898 0.0174869318 -0.000500000024 0.470454156 -0.882424414 -0
-0.00788711756 0.0183791555 -0.00400000019 0.409832031 -0.912160993 -0
-0.00788711756 0.0183791555 -0.000500000024 0.378766954 -0.925492048 -0
-0.00598726235 0.0190827847 -0.00400000019 0.315447539 -0.948943019 -0
-0.00598726235 0.0190827847 -0.000500000024 0.283193171 -0.959062874 -0
-0.00402597059 0.0195905995 -0.00400000019 0.217826113 -0.975987613 -0
-0.00402597059 0.0195905995 -0.000500000024 0.184713438 -0.982792437 -0
-0.00202336651 0.0198973864 -0.00400000019 0.117969483 -0.993017197 -0
-0.00202336651 0.0198973864 -0.000500000024 0.0843382552 -0.996437192 -0
0 0.0199999996 -0.00400000019 0.0506491698 -0.998716533 -0
0 0.0199999996 -0.000500000024 0.0506491698 -0.998716533 -0
-0.0020739506 0.0203948207 0 0.0598354824 -0.704619646 0.707057953
0 0.0199999996 -0.000500000024 0.0358373597 -0.706652582 0.706652582
0 0.0205000006 0 0.0358373635 -0.706652582 0.706652582
-0.00202336651 0.0198973864 -0.000500000024 0.0836193338 -0.702197671 0.707054615
-0.00412661955 0.0200803634 0 0.130813673 -0.694950998 0.707057953
-0.00402597059 0.0195905995 -0.000500000024 0.154230461 -0.6901353 0.707054615
-0.00613694405 0.0195598546 0 0.200449541 -0.67815119 0.707057953
-0.00598726235 0.0190827847 -0.000500000024 0.223258972 -0.670991242 0.707054615
-0.00808429532 0.0188386347 0 0.268028527 -0.65439266 0.707058012
-0.00788711756 0.0183791555 -0.000500000024 0.289996564 -0.644961834 0.707054615
-0.00994869042 0.0179241057 0 0.332857162 -0.623919249 0.707057953
-0.00970603898 0.0174869318 -0.000500000024 0.353758395 -0.612314284 0.707054615
-0.0117109986 0.0168256499 0 0.394270211 -0.587043464 0.707057953
-0.0114253648 0.0164152682 -0.000500000024 0.413890183 -0.57338357 0.707054615
-0.0133531354 0.0155545417 0 0.451637566 -0.544143915 0.707057953
-0.0130274501 0.0151751628 -0.000500000024 0.469774902 -0.528569102 0.707054615
-0.0148582524 0.0141238216 0 0.504370451 -0.495660663 0.707057953
-0.0144958561 0.0137793384 -0.000500000024 0.520839095 -0.478330851 0.707054615
-0.0162109025 0.0125481728 0 0.551927865 -0.442091256 0.707057953
-0.0158155151 0.0122421198 -0.000500000024 0.566558719 -0.423184276 0.707054615
-0.0173972081 0.0108437622 0 0.593821764 -0.3839854 0.707057953
-0.0169728845 0.0105792806 -0.000500000024 0.606464803 -0.363695264 0.707054615
-0.0184049923 0.00902807992 0 0.629622161 -0.321939349 0.707057953
-0.0179560911 0.00880788267 -0.000500000024 0.640147626 -0.300474226 0.707054615
-0.0192239191 0.00711975759 0 0.658961892 -0.2565898 0.707057953
-0.0187550429 0.00694610504 -0.000500000024 0.667261779 -0.234169945 0.707054615
-0.0198455807 0.00513837673 0 0.681539714 -0.188607231 0.707057893
-0.0193615425 0.00501305051 -0.000500000024 0.687528789 -0.165462732 0.707054615
-0.0202636011 0.0031042695 0 0.697124064 -0.118689321 0.707057953
-0.0197693668 0.00302855554 -0.000500000024 0.700740874 -0.0950576663 0.707054615
-0.0204736888 0.00103830791 0 0.705554903 -0.0475534983 0.707057953
-0.0199743304 0.00101298338 -0.000500000024 0.706762433 -0.023677174 0.707054615
-0.0204736888 -0.00103830791 0 0.706745863 0.0240702908 0.707057953
-0.0199743304 -0.00101298338 -0.000500000024 0.705531716 0.0479462743 0.707054615
-0.0202636011 -0.0031042695 0 0.700684607 0.0954470783 0.707057893
-0.0197693668 -0.00302855554 -0.000500000024 0.697061181 0.11907772 0.707054615
-0.0198455807 -0.00513837673 0 0.687433362 0.16584447 0.707057953
-0.0193615425 -0.00501305051 -0.000500000024 0.68143791 0.1889873 0.707054615
-0.0192239191 -0.00711975759 0 0.667128205 0.234540045 0.707057893
-0.0187550429 -0.00694610504 -0.000500000024 0.658822119 0.256957561 0.707054615
-0.0184049923 -0.00902807992 0 0.639977396 0.300828934 0.707057953
-0.0179560911 -0.00880788267 -0.000500000024 0.62944591 0.322291136 0.707054615
-0.0173972081 -0.0108437622 0 0.606259465 0.364030898 0.707057953
-0.0169728845 -0.0105792806 -0.000500000024 0.593610764 0.384317577 0.707054615
-0.0162109025 -0.0125481728 0 0.566320539 0.423497468 0.707057953
-0.0158155151 -0.0122421198 -0.000500000024 0.55168438 0.442400366 0.707054615
-0.0148582524 -0.0141238216 0 0.520570457 0.478618324 0.707057953
-0.0144958561 -0.0137793384 -0.000500000024 0.504096985 0.495943546 0.707054615
-0.0133531354 -0.0155545417 0 0.469478518 0.528827965 0.707057893
-0.0130274501 -0.0151751628 -0.000500000024 0.451336831 0.544397652 0.707054675
-0.0117109986 -0.0168256499 0 0.413569152 0.573611021 0.707057953
-0.0114253648 -0.0164152682 -0.000500000024 0.393945396 0.587265551 0.707054615
-0.00994869042 -0.0179241057 0 0.353415996 0.612508118 0.707057953
-0.00970603898 -0.0174869318 -0.000500000024 0.332511514 0.624107242 0.707054615
-0.00808429532 -0.0188386347 0 0.289636314 0.645120025 0.707057953
-0.00788711756 -0.0183791555 -0.000500000024 0.267665654 0.654544771 0.707054675
-0.00613694405 -0.0195598546 0 0.22288458 0.67111212 0.707057953
-0.00598726235 -0.0190827847 -0.000500000024 0.200073123 0.67826587 0.707054615
-0.00412661955 -0.0200803634 0 0.153845727 0.690217793 0.707057953
-0.00402597059 -0.0195905995 -0.000500000024 0.130427599 0.695026934 0.707054615
-0.0020739506 -0.0203948207 0 0.0832282305 0.702240825 0.707057893
-0.00202336651 -0.0198973864 -0.000500000024 0.059443716 0.704656065 0.707054615
0 -0.0205000006 0 0.0358373597 0.706652582 0.706652582
0 -0.0199999996 -0.000500000024 0.0358373635 0.706652582 0.706652582
0.0148582524 0.0141238216 0 -0 -0 1
0.0170043651 0.0147343669 0 -0 -0 1
0.0155267781 0.016284015 0 -0 -0 1
0.0133531354 0.0155545417 0 -0 -0 1
0.0139085772 0.0176861938 0 -0 -0 1
0.0162109025 0.0125481728 0 -0 -0 1
0.0183279589 0.0130512808 0 -0 -0 1
0.0117109986 0.0168256499 0 -0 -0 1
0.0121644186 0.0189282037 0 -0 -0 1
0.0173972081 0.0108437622 0 -0 -0 1
0.0194855724 0.0112500004 0 -0 -0 1
0.00994869042 0.0179241057 0 -0 -0 1
0.0103100967 0.0199987981 0 -0 -0 1
0.0184049923 0.00902807992 0 -0 -0 1
0.0204667207 0.00934683811 0 -0 -0 1
0.00808429532 0.0188386347 0 -0 -0 1
0.008362405 0.0208882783 0 -0 -0 1
0.0192239191 0.00711975759 0 -0 -0 1
0.0212625191 0.00735902926 0 -0 -0 1
0.00613694405 0.0195598546 0 -0 -0 1
0.00633898238 0.0215885919 0 -0 -0 1
0.0198455807 0.00513837673 0 -0 -0 1
0.0218657609 0.0053045759 0 -0 -0 1
0.00412661955 0.0200803634 0 -0 -0 1
0.00425815303 0.0220933948 0 -0 -0 1
0.0202636011 0.0031042695 0 -0 -0 1
0.0222709831 0.00320208375 0 -0 -0 1
0.0020739506 0.0203948207 0 -0 -0 1
0.00213876087 0.0223981179 0 -0 -0 1
0.0204736888 0.00103830791 0 -0 -0 1
0.0224745143 0.00107059313 0 -0 -0 1
0 0.0205000006 0 -0 -0 1
0 0.0225000009 0 -0 -0 1
-0.00213876087 0.0223981179 0 -0 -0 1
0.0204736888 -0.00103830791 0 -0 -0 1
0.0224745143 -0.00107059313 0 -0 -0 1
0.0222709831 -0.00320208375 0 -0 -0 1
-0.0020739506 0.0203948207 0 -0 -0 1
-0.00425815303 0.0220933948 0 -0 -0 1
0.0202636011 -0.0031042695 0 -0 -0 1
0.0218657609 -0.0053045759 0 -0 -0 1
-0.00412661955 0.0200803634 0 -0 -0 1
-0.00633898238 0.0215885919 0 -0 -0 1
0.0198455807 -0.00513837673 0 -0 -0 1
0.0212625191 -0.00735902926 0 -0 -0 1
-0.00613694405 0.0195598546 0 -0 -0 1
-0.008362405 0.0208882783 0 -0 -0 1
0.0192239191 -0.00711975759 0 -0 -0 1
0.0204667207 -0.00934683811 0 -0 -0 1
-0.00808429532 0.0188386347 0 -0 -0 1
-0.0103100967 0.0199987981 0 -0 -0 1
0.0184049923 -0.00902807992 0 -0 -0 1
0.0194855724 -0.0112500004 0 -0 -0 1
-0.00994869042 0.0179241057 0 -0 -0 1
-0.0121644186 0.0189282037 0 -0 -0 1
0.0173972081 -0.0108437622 0 -0 -0 1
0.0183279589 -0.0130512808 0 -0 -0 1
-0.0117109986 0.0168256499 0 -0 -0 1
-0.0139085772 0.0176861938 0 -0 -0 1
0.0162109025 -0.0125481728 0 -0 -0 1
0.0170043651 -0.0147343669 0 -0 -0 1
-0.0133531354 0.0155545417 0 -0 -0 1
-0.0155267781 0.016284015 0 -0 -0 1
0.0148582524 -0.0141238216 0 -0 -0 1
-0.0148582524 0.0141238216 0 -0 -0 1
0.0155267781 -0.016284015 0 -0 -0 1
0.0133531354 -0.0155545417 0 -0 -0 1
-0.0170043651 0.0147343669 0 -0 -0 1
-0.0162109025 0.0125481728 0 -0 -0 1
0.0139085772 -0.0176861938 0 -0 -0 1
0.0117109986 -0.0168256499 0 -0 -0 1
-0.0183279589 0.0130512808 0 -0 -0 1
-0.0173972081 0.0108437622 0 -0 -0 1
0.0121644186 -0.0189282037 0 -0 -0 1
0.00994869042 -0.0179241057 0 -0 -0 1
-0.0194855724 0.0112500004 0 -0 -0 1
-0.0184049923 0.00902807992 0 -0 -0 1
0.0103100967 -0.0199987981 0 -0 -0 1
0.00808429532 -0.0188386347 0 -0 -0 1
-0.0204667207 0.00934683811 0 -0 -0 1
-0.0192239191 0.00711975759 0 -0 -0 1
0.008362405 -0.0208882783 0 -0 -0 1
0.00613694405 -0.0195598546 0 -0 -0 1
-0.0212625191 0.00735902926 0 -0 -0 1
-0.0198455807 0.00513837673 0 -0 -0 1
0.00633898238 -0.0215885919 0 -0 -0 1
0.00412661955 -0.0200803634 0 -0 -0 1
-0.0218657609 0.0053045759 0 -0 -0 1
-0.0202636011 0.0031042695 0 -0 -0 1
0.00425815303 -0.0220933948 0 -0 -0 1
0.0020739506 -0.0203948207 0 -0 -0 1
-0.0222709831 0.00320208375 0 -0 -0 1
-0.0204736888 0.00103830791 0 -0 -0 1
0.00213876087 -0.0223981179 0 -0 -0 1
0 -0.0205000006 0 -0 -0 1
-0.0224745143 0.00107059313 0 -0 -0 1
0 -0.0225000009 0 -0 -0 1
-0.0224745143 -0.00107059313 0 -0 -0 1
-0.0204736888 -0.00103830791 0 -0 -0 1
-0.00213876087 -0.0223981179 0 -0 -0 1
-0.0020739506 -0.0203948207 0 -0 -0 1
-0.0222709831 -0.00320208375 0 -0 -0 1
-0.0202636011 -0.0031042695 0 -0 -0 1
-0.00425815303 -0.0220933948 0 -0 -0 1
-0.00412661955 -0.0200803634 0 -0 -0 1
-0.0218657609 -0.0053045759 0 -0 -0 1
-0.0198455807 -0.00513837673 0 -0 -0 1
-0.00633898238 -0.0215885919 0 -0 -0 1
-0.00613694405 -0.0195598546 0 -0 -0 1
-0.0212625191 -0.00735902926 0 -0 -0 1
-0.0192239191 -0.00711975759 0 -0 -0 1
-0.008362405 -0.0208882783 0 -0 -0 1
-0.00808429532 -0.0188386347 0 -0 -0 1
-0.0204667207 -0.00934683811 0 -0 -0 1
-0.0184049923 -0.00902807992 0 -0 -0 1
-0.0103100967 -0.0199987981 0 -0 -0 1
-0.00994869042 -0.0179241057 0 -0 -0 1
-0.0194855724 -0.0112500004 0 -0 -0 1
-0.0173972081 -0.0108437622 0 -0 -0 1
-0.0121644186 -0.0189282037 0 -0 -0 1
-0.0117109986 -0.0168256499 0 -0 -0 1
-0.0183279589 -0.0130512808 0 -0 -0 1
-0.0162109025 -0.0125481728 0 -0 -0 1
-0.0139085772 -0.0176861938 0 -0 -0 1
-0.0133531354 -0.0155545417 0 -0 -0 1
-0.0170043651 -0.0147343669 0 -0 -0 1
-0.0148582524 -0.0141238216 0 -0 -0 1
-0.0155267781 -0.016284015 0 -0 -0 1
0.0020739506 -0.0203948207 0 -0.0598354824 0.704619646 0.707057953
0 -0.0199999996 -0.000500000024 -0.0358373597 0.706652582 0.706652582
0 -0.0205000006 0 -0.0358373635 0.706652582 0.706652582
0.00202336651 -0.0198973864 -0.000500000024 -0.0836193338 0.702197671 0.707054615
0.00412661955 -0.0200803634 0 -0.130813673 0.694950998 0.707057953
0.00402597059 -0.0195905995 -0.000500000024 -0.154230461 0.6901353 0.707054615
0.00613694405 -0.0195598546 0 -0.200449541 0.67815119 0.707057953
0.00598726235 -0.0190827847 -0.000500000024 -0.223258972 0.670991242 0.707054615
0.00808429532 -0.0188386347 0 -0.268028527 0.65439266 0.707058012
0.00788711756 -0.0183791555 -0.000500000024 -0.289996564 0.644961834 0.707054615
0.00994869042 -0.0179241057 0 -0.332857162 0.623919249 0.707057953
0.00970603898 -0.0174869318 -0.000500000024 -0.353758395 0.612314284 0.707054615
0.0117109986 -0.0168256499 0 -0.394270211 0.587043464 0.707057953
0.0114253648 -0.0164152682 -0.000500000024 -0.413890183 0.57338357 0.707054615
0.0133531354 -0.0155545417 0 -0.451637566 0.544143915 0.707057953
0.0130274501 -0.0151751628 -0.000500000024 -0.469774902 0.528569102 0.707054615
0.0148582524 -0.0141238216 0 -0.504370451 0.495660663 0.707057953
0.0144958561 -0.0137793384 -0.000500000024 -0.520839095 0.478330851 0.707054615
0.0162109025 -0.0125481728 0 -0.551927865 0.442091256 0.707057953
0.0158155151 -0.0122421198 -0.000500000024 -0.566558719 0.423184276 0.707054615
0.0173972081 -0.0108437622 0 -0.593821764 0.3839854 0.707057953
0.0169728845 -0.0105792806 -0.000500000024 -0.606464803 0.363695264 0.707054615
0.0184049923 -0.00902807992 0 -0.629622161 0.321939349 0.707057953
0.0179560911 -0.00880788267 -0.000500000024 -0.640147626 0.300474226 0.707054615
0.0192239191 -0.00711975759 0 -0.658961892 0.2565898 0.707057953
0.0187550429 -0.00694610504 -0.000500000024 -0.667261779 0.234169945 0.707054615
0.0198455807 -0.00513837673 0 -0.681539714 0.188607231 0.707057893
0.0193615425 -0.00501305051 -0.000500000024 -0.687528789 0.165462732 0.707054615
0.0202636011 -0.0031042695 0 -0.697124064 0.118689321 0.707057953
0.0197693668 -0.00302855554 -0.000500000024 -0.700740874 0.0950576663 0.707054615
0.0204736888 -0.00103830791 0 -0.705554903 0.0475534983 0.707057953
0.0199743304 -0.00101298338 -0.000500000024 -0.706762433 0.023677174 0.707054615
0.0204736888 0.00103830791 0 -0.706745863 -0.0240702908 0.707057953
0.0199743304 0.00101298338 -0.000500000024 -0.705531716 -0.0479462743 0.707054615
0.0202636011 0.0031042695 0 -0.700684607 -0.0954470783 0.707057893
0.0197693668 0.00302855554 -0.000500000024 -0.697061181 -0.11907772 0.707054615
0.0198455807 0.00513837673 0 -0.687433362 -0.16584447 0.707057953
0.0193615425 0.00501305051 -0.000500000024 -0.68143791 -0.1889873 0.707054615
0.0192239191 0.00711975759 0 -0.667128205 -0.234540045 0.707057893
0.0187550429 0.00694610504 -0.000500000024 -0.658822119 -0.256957561 0.707054615
0.0184049923 0.00902807992 0 -0.639977396 -0.300828934 0.707057953
0.0179560911 0.00880788267 -0.000500000024 -0.62944591 -0.322291136 0.707054615
0.0173972081 0.0108437622 0 -0.606259465 -0.364030898 0.707057953
0.0169728845 0.0105792806 -0.000500000024 -0.593610764 -0.384317577 0.707054615
0.0162109025 0.0125481728 0 -0.566320539 -0.423497468 0.707057953
0.0158155151 0.0122421198 -0.000500000024 -0.55168438 -0.442400366 0.707054615
0.0148582524 0.0141238216 0 -0.520570457 -0.478618324 0.707057953
0.0144958561 0.0137793384 -0.000500000024 -0.504096985 -0.495943546 0.707054615
0.0133531354 0.0155545417 0 -0.469478518 -0.528827965 0.707057893
0.0130274501 0.0151751628 -0.000500000024 -0.451336831 -0.544397652 0.707054675
0.0117109986 0.0168256499 0 -0.413569152 -0.573611021 0.707057953
0.0114253648 0.0164152682 -0.000500000024 -0.393945396 -0.587265551 0.707054615
0.00994869042 0.0179241057 0 -0.353415996 -0.612508118 0.707057953
0.00970603898 0.0174869318 -0.000500000024 -0.332511514 -0.624107242 0.707054615
0.00808429532 0.0188386347 0 -0.289636314 -0.645120025 0.707057953
0.00788711756 0.0183791555 -0.000500000024 -0.267665654 -0.654544771 0.707054675
0.00613694405 0.0195598546 0 -0.22288458 -0.67111212 0.707057953
0.00598726235 0.0190827847 -0.000500000024 -0.200073123 -0.67826587 0.707054615
0.00412661955 0.0200803634 0 -0.153845727 -0.690217793 0.707057953
0.00402597059 0.0195905995 -0.000500000024 -0.130427599 -0.695026934 0.707054615
0.0020739506 0.0203948207 0 -0.0832282305 -0.702240825 0.707057893
0.00202336651 0.0198973864 -0.000500000024 -0.059443716 -0.704656065 0.707054615
0 0.0205000006 0 -0.0358373597 -0.706652582 0.706652582
0 0.0199999996 -0.000500000024 -0.0358373635 -0.706652582 0.706652582
0.00202336651 0.0198973864 -0.00400000019 -0.0843382552 -0.996437192 -4.03693024e-17
0.00202336651 0.0198973864 -0.000500000024 -0.117969483 -0.993017197 -7.79386315e-17
0 0.0199999996 -0.000500000024 -0.0506491698 -0.998716533 -1.56896972e-17
0 0.0199999996 -0.00400000019 -0.0506491698 -0.998716533 -0
0.00402597059 0.0195905995 -0.00400000019 -0.184713438 -0.982792437 -1.27262002e-16
0.00402597059 0.0195905995 -0.000500000024 -0.217826113 -0.975987613 -1.38822493e-16
0.00598726235 0.0190827847 -0.00400000019 -0.283193171 -0.959062874 -1.51082408e-16
0.00598726235 0.0190827847 -0.000500000024 -0.315447509 -0.948943019 -9.12872951e-17
0.00788711756 0.0183791555 -0.00400000019 -0.378766954 -0.925492048 -4.98292575e-17
0.00788711756 0.0183791555 -0.000500000024 -0.409832031 -0.912160993 -0
0.00970603898 0.0174869318 -0.00400000019 -0.470454156 -0.882424414 -0
0.00970603898 0.0174869318 -0.000500000024 -0.500011146 -0.866018951 -0
0.0114253648 0.0164152682 -0.00400000019 -0.5573138 -0.83030194 -0
0.0114253648 0.0164152682 -0.000500000024 -0.585059464 -0.810990393 -0
0.0130274501 0.0151751628 -0.00400000019 -0.638454676 -0.76965946 -0
0.0130274501 0.0151751628 -0.000500000024 -0.664104223 -0.747640014 1.13955432e-16
0.0144958561 0.0137793384 -0.00400000019 -0.713044107 -0.701119184 2.33545645e-16
0.0144958561 0.0137793384 -0.000500000024 -0.736334443 -0.676617801 2.33545645e-16
0.0158155151 0.0122421198 -0.00400000019 -0.78031677 -0.62538451 1.19590226e-16
0.0158155151 0.0122421198 -0.000500000024 -0.801008761 -0.598652601 -1.88976028e-16
0.0169728845 0.0105792806 -0.00400000019 -0.839582264 -0.54323256 -3.4842965e-16
0.0169728845 0.0105792806 -0.000500000024 -0.857463777 -0.514544368 -2.19733343e-16
0.0179560911 0.00880788267 -0.00400000019 -0.890232623 -0.455506235 1.48628024e-16
0.0179560911 0.00880788267 -0.000500000024 -0.905119956 -0.425156265 6.93162133e-17
0.0187550429 0.00694610504 -0.00400000019 -0.931747913 -0.363105804 -3.18492223e-16
0.0187550429 0.00694610504 -0.000500000024 -0.943488419 -0.331405431 -4.23605386e-16
0.0193615425 0.00501305051 -0.00400000019 -0.963702202 -0.266979486 -1.35010699e-16
0.0193615425 0.00501305051 -0.000500000024 -0.972175419 -0.234253958 1.65720024e-16
0.0197693668 0.00302855554 -0.00400000019 -0.985767663 -0.168113574 1.08888084e-16
0.0197693668 0.00302855554 -0.000500000024 -0.990886629 -0.134698719 8.20670833e-17
0.0199743304 0.00101298338 -0.00400000019 -0.997717738 -0.0675225779 4.04485066e-17
0.0199743304 0.00101298338 -0.000500000024 -0.999429941 -0.033761289 2.30082686e-17
0.0199743304 -0.00101298338 -0.00400000019 -0.999429941 0.0337612852 -1.99317027e-17
0.0199743304 -0.00101298338 -0.000500000024 -0.997717738 0.0675225779 -4.08483095e-17
0.0197693668 -0.00302855554 -0.00400000019 -0.990886629 0.134698719 -8.07117181e-17
0.0197693668 -0.00302855554 -0.000500000024 -0.985767663 0.168113574 -1.10722314e-16
0.0193615425 -0.00501305051 -0.00400000019 -0.972175419 0.234253958 -1.59566661e-16
0.0193615425 -0.00501305051 -0.000500000024 -0.963702202 0.266979456 1.46412054e-16
0.0187550429 -0.00694610504 -0.00400000019 -0.943488419 0.331405431 4.35534786e-16
0.0187550429 -0.00694610504 -0.000500000024 -0.931747913 0.363105834 3.31756997e-16
0.0179560911 -0.00880788267 -0.00400000019 -0.905120015 0.425156206 -6.39144261e-17
0.0179560911 -0.00880788267 -0.000500000024 -0.890232623 0.455506235 -1.42556558e-16
0.0169728845 -0.0105792806 -0.00400000019 -0.857463777 0.514544368 2.10367594e-16
0.0169728845 -0.0105792806 -0.000500000024 -0.839582264 0.54323256 3.39923639e-16
0.0158155151 -0.0122421198 -0.00400000019 -0.801008761 0.598652601 1.79385326e-16
0.0158155151 -0.0122421198 -0.000500000024 -0.78031671 0.62538451 -1.25498916e-16
0.0144958561 -0.0137793384 -0.00400000019 -0.736334443 0.676617801 -2.45089169e-16
0.0144958561 -0.0137793384 -0.000500000024 -0.713044107 0.701119125 -2.45089169e-16
0.0130274501 -0.0151751628 -0.00400000019 -0.664104283 0.747639954 -1.19590226e-16
0.0130274501 -0.0151751628 -0.000500000024 -0.638454676 0.76965946 -0
0.0114253648 -0.0164152682 -0.00400000019 -0.585059464 0.810990393 -0
0.0114253648 -0.0164152682 -0.000500000024 -0.557313859 0.83030194 -0
0.00970603898 -0.0174869318 -0.00400000019 -0.500011146 0.866018951 -0
0.00970603898 -0.0174869318 -0.000500000024 -0.470454156 0.882424414 -0
0.00788711756 -0.0183791555 -0.00400000019 -0.409832031 0.912160993 -0
0.00788711756 -0.0183791555 -0.000500000024 -0.378766954 0.925492048 5.74444378e-17
0.00598726235 -0.0190827847 -0.00400000019 -0.315447539 0.948943019 9.73078464e-17
0.00598726235 -0.0190827847 -0.000500000024 -0.283193171 0.959062874 1.59494914e-16
0.00402597059 -0.0195905995 -0.00400000019 -0.217826113 0.975987613 1.36930962e-16
0.00402597059 -0.0195905995 -0.000500000024 -0.184713438 0.982792437 1.28375321e-16
0.00202336651 -0.0198973864 -0.00400000019 -0.117969483 0.993017197 7.61541118e-17
0.00202336651 -0.0198973864 -0.000500000024 -0.0843382552 0.996437192 4.12736292e-17
0 -0.0199999996 -0.00400000019 -0.0506491698 0.998716533 1.49317251e-17
0 -0.0199999996 -0.000500000024 -0.0506491698 0.998716533 -0
0.00311178481 0.0256278533 -0.000442144257 0.0141730998 0.131238729 0.991249502
-1.64785262e-14 0.0291321632 -0.000884288514 0.00728350226 0.131539539 0.991284192
0 0.0225000009 0 0.00758273527 0.132561699 0.99114573
0.00213876087 0.0223981179 0 0.0125946021 0.13189663 0.99118346
0.00425815303 0.0220933948 0 0.0245427694 0.130038321 0.991205156
0.00247058016 0.0290272143 -0.000884288514 0.0111532258 0.131040901 0.991314232
0.00492335949 0.0287131239 -0.000884288514 0.0228651185 0.129898965 0.991263568
0.00617819279 0.0250659138 -0.000442144257 0.0319604836 0.12806733 0.991250336
0.00633898238 0.0215885919 0 0.0381688289 0.126728028 0.991202891
0.00734066591 0.0281921551 -0.000884288514 0.0332806408 0.127815768 0.991239369
0.00970508344 0.0274680592 -0.000884288514 0.0420858487 0.124860324 0.991281331
0.00915450882 0.0241384562 -0.000442144257 0.0467092171 0.123473294 0.991248012
0.008362405 0.0208882783 0 0.0514164865 0.122104846 0.991184533
0.0119995745 0.0265460573 -0.000884288514 0.0542576946 0.120233871 0.99126178
0.0119973319 0.0228590053 -0.000442144257 0.0609329268 0.117159307 0.991242111
0.0103100967 0.0199987981 0 0.0605733469 0.117495894 0.991224289
0.0121644186 0.0189282037 0 0.0702842027 0.112199254 0.99119699
0.014207609 0.0254327897 -0.000884288514 0.065792188 0.114189133 0.991278052
0.014665206 0.0212462191 -0.000442144257 0.0748745352 0.108677313 0.991253257
0.0139085772 0.0176861938 0 0.0817186534 0.104078948 0.991206169
0.0163132772 0.0241362788 -0.000884288514 0.0739811882 0.109458737 0.991234362
0.0183014087 0.0226658657 -0.000884288514 0.0822694153 0.10308221 0.99126476
0.0171192288 0.0193236154 -0.000442144257 0.0873781815 0.0989983454 0.991243839
0.0155267781 0.016284015 0 0.0923080593 0.0948852822 0.991199255
0.0201576762 0.0210321434 -0.000884288514 0.092019476 0.0944465473 0.991267979
0.0193236154 0.0171192288 -0.000442144257 0.0990346447 0.0872233659 0.991253853
0.0170043651 0.0147343669 0 0.0999287814 0.0865887851 0.991219759
0.0183279589 0.0130512808 0 0.10644301 0.0789363533 0.991180599
0.0218687076 0.0192468837 -0.000884288514 0.0992075875 0.087313652 0.99122864
0.023422176 0.0173229519 -0.000884288514 0.1051424 0.0795235783 0.991272449
0.0212462191 0.014665206 -0.000442144257 0.109011367 0.0743543953 0.99125576
0.0194855724 0.0112500004 0 0.114064187 0.0671525225 0.991201222
0.0248068869 0.0152742052 -0.000884288514 0.112536848 0.0688024536 0.991262674
0.0228590053 0.0119973319 -0.000442144257 0.117177956 0.060764201 0.991250217
0.0204667207 0.00934683811 0 0.12049783 0.0546926856 0.991205812
0.0260128621 0.0131154088 -0.000884288514 0.117892198 0.0594399907 0.991245866
0.0270314142 0.0108621158 -0.000884288514 0.121445239 0.0510425195 0.991284907
0.0241384562 0.00915450882 -0.000442144257 0.123549588 0.0467127189 0.991238356
0.0212625191 0.00735902926 0 0.125689715 0.0416632704 0.991194367
0.0278552063 0.00853056088 -0.000884288514 0.126051798 0.0388643518 0.991262078
0.0250659138 0.00617819279 -0.000442144257 0.128183007 0.0317121483 0.991243362
0.0218657609 0.0053045759 0 0.128444806 0.0311603751 0.991226971
0.0222709831 0.00320208375 0 0.130790651 0.0209736656 0.991188109
0.0284782983 0.00613754289 -0.000884288514 0.129174665 0.0262211021 0.991275132
0.0256278533 0.00311178481 -0.000442144257 0.130987003 0.0157508869 0.991258979
0.0224745143 0.00107059313 0 0.132155582 0.00701112766 0.991204202
0.0288962051 0.00370030385 -0.000884288514 0.131071851 0.0167844072 0.991230786
0.0291059148 0.00123640406 -0.000884288514 0.131715059 0.00651231222 0.991266251
0.0258160811 7.31918459e-15 -0.000442144257 0.132055178 0 0.991242349
0.0224745143 -0.00107059313 0 0.132155582 -0.00701112766 0.991204202
0.0291059148 -0.00123640406 -0.000884288514 0.131715044 -0.00651231175 0.991266251
0.0256278533 -0.00311178481 -0.000442144257 0.130987003 -0.0157508887 0.991258979
0.0222709831 -0.00320208375 0 0.130790651 -0.0209736656 0.991188109
0.0288962051 -0.00370030385 -0.000884288514 0.131071851 -0.0167844072 0.991230786
0.0284782983 -0.00613754289 -0.000884288514 0.129174665 -0.026221104 0.991275132
0.0250659138 -0.00617819279 -0.000442144257 0.128183007 -0.0317121483 0.991243362
0.0218657609 -0.0053045759 0 0.128444806 -0.0311603751 0.991226971
0.0212625191 -0.00735902926 0 0.125689745 -0.0416632742 0.991194367
0.0278552063 -0.00853056088 -0.000884288514 0.126051784 -0.0388643518 0.991262078
0.0241384562 -0.00915450882 -0.000442144257 0.123549581 -0.0467127189 0.991238356
0.0204667207 -0.00934683811 0 0.12049783 -0.0546926856 0.991205812
0.0270314142 -0.0108621158 -0.000884288514 0.121445239 -0.0510425195 0.991284907
0.0228590053 -0.0119973319 -0.000442144257 0.117177941 -0.0607642047 0.991250217
0.0194855724 -0.0112500004 0 0.114064187 -0.0671525225 0.991201222
0.0260128621 -0.0131154088 -0.000884288514 0.117892198 -0.0594399907 0.991245866
0.0248068869 -0.0152742052 -0.000884288514 0.11253684 -0.068802461 0.991262674
0.0212462191 -0.014665206 -0.000442144257 0.109011367 -0.0743543953 0.99125576
0.0183279589 -0.0130512808 0 0.10644301 -0.0789363533 0.991180599
0.023422176 -0.0173229519 -0.000884288514 0.105142392 -0.0795235708 0.991272449
0.0193236154 -0.0171192288 -0.000442144257 0.0990346372 -0.0872233659 0.991253853
0.0170043651 -0.0147343669 0 0.0999287814 -0.0865887851 0.991219759
0.0155267781 -0.016284015 0 0.0923080593 -0.0948852822 0.991199255
0.0218687076 -0.0192468837 -0.000884288514 0.0992075875 -0.087313652 0.99122864
0.0201576762 -0.0210321434 -0.000884288514 0.092019476 -0.0944465473 0.991267979
0.0171192288 -0.0193236154 -0.000442144257 0.087378189 -0.0989983529 0.991243839
0.0139085772 -0.0176861938 0 0.0817186534 -0.104078948 0.991206169
0.0183014087 -0.0226658657 -0.000884288514 0.0822694153 -0.10308221 0.99126476
0.014665206 -0.0212462191 -0.000442144257 0.0748745352 -0.108677313 0.991253257
0.0121644186 -0.0189282037 0 0.0702842027 -0.112199254 0.99119699
0.0163132772 -0.0241362788 -0.000884288514 0.0739811882 -0.109458737 0.991234362
0.014207609 -0.0254327897 -0.000884288514 0.065792188 -0.114189133 0.991278052
0.0119973319 -0.0228590053 -0.000442144257 0.0609329157 -0.1171593 0.991242111
0.0103100967 -0.0199987981 0 0.0605733469 -0.117495894 0.991224289
0.008362405 -0.0208882783 0 0.0514164865 -0.122104846 0.991184533
0.0119995745 -0.0265460573 -0.000884288514 0.0542576946 -0.120233871 0.99126178
0.00915450882 -0.0241384562 -0.000442144257 0.0467092171 -0.123473302 0.991248012
0.00633898238 -0.0215885919 0 0.0381688289 -0.126728028 0.991202891
0.00970508344 -0.0274680592 -0.000884288514 0.042085845 -0.124860331 0.991281331
0.00617819279 -0.0250659138 -0.000442144257 0.0319604874 -0.128067344 0.991250336
0.00425815303 -0.0220933948 0 0.0245427694 -0.130038321 0.991205156
0.00734066591 -0.0281921551 -0.000884288514 0.0332806408 -0.127815768 0.991239369
0.00492335949 -0.0287131239 -0.000884288514 0.0228651185 -0.129898965 0.991263568
0.00311178481 -0.0256278533 -0.000442144257 0.0141730998 -0.131238729 0.991249502
0.00213876087 -0.0223981179 0 0.0125946021 -0.13189663 0.99118346
0 -0.0225000009 0 0.00758273527 -0.132561699 0.99114573
1.64820939e-14 -0.0291321632 -0.000884288514 0.00728350226 -0.131539539 0.991284192
0.00247058016 -0.0290272143 -0.000884288514 0.0111532258 -0.131040901 0.991314232
0.00247738045 0.0298975352 -0.00187551638 0.0893569738 0.971253037 0.22064206
0 0.0299999993 -0.00187551638 0.0410290137 0.991990149 0.119466312
-6.85543609e-14 0.0299714077 -0.00163809792 0.0459108315 0.970383167 0.237168103
6.71705394e-14 -0.0293637197 -0.000944008294 0.0211889092 -0.363638967 0.931298971
0.00247058016 -0.0290272143 -0.000884288514 0.031366419 -0.339820057 0.939967275
1.64820939e-14 -0.0291321632 -0.000884288514 0.0106079616 -0.249719679 0.96826005
6.85606492e-14 -0.0299714077 -0.00163809792 0.0516501181 -0.970110893 0.237101585
0.00247738045 -0.0298975352 -0.00187551638 0.0708243698 -0.968820214 0.237426296
6.83681695e-14 -0.0298872646 -0.00141425629 0.0451224782 -0.934122205 0.354089886
0 -0.0299999993 -0.00187551638 0.0410290137 -0.991990149 0.119466312
0.00244224095 0.0294734668 -0.00105699652 0.0521588214 0.580108702 0.812867343
-6.80533849e-14 0.0297523849 -0.0012167918 0.0369166136 0.751871228 0.658275604
-6.76464567e-14 0.029574478 -0.00105699652 0.023753887 0.574316084 0.818288982
-6.71643866e-14 0.0293637197 -0.000944008294 0.0267415252 0.363590568 0.931174934
-1.64785262e-14 0.0291321632 -0.000884288514 0.0214263685 0.325096726 0.945438027
0.00247058016 0.0290272143 -0.000884288514 0.0354092941 0.360722661 0.932000697
0.00246807071 0.0297851842 -0.00141425629 0.0705283061 0.88462311 0.460942239
-6.83619014e-14 0.0298872646 -0.00141425629 0.0366728641 0.886668086 0.460949868
0.00486779911 0.0291711204 -0.00105699652 0.0975625366 0.566512346 0.818257451
0.00492335949 0.0287131239 -0.000884288514 0.0655001625 0.35587424 0.932235599
0.00491928216 0.0294796415 -0.00141425629 0.134023428 0.87737304 0.460710555
0.00493783783 0.0295908395 -0.00187551638 0.173049763 0.955874622 0.237397298
0.00726010511 0.0286695063 -0.00105699652 0.144248009 0.556872845 0.817976236
0.00734066591 0.0281921551 -0.000884288514 0.0950370952 0.348560512 0.932455659
0.00733688986 0.0289727226 -0.00141425629 0.206018537 0.863308847 0.460710555
0.00736456458 0.0290820077 -0.00187551638 0.251394182 0.938319504 0.237397298
0.00960281771 0.0279720519 -0.00105699652 0.176794723 0.483055711 0.857555151
0.00970508344 0.0274680592 -0.000884288514 0.188606232 0.496686459 0.847189605
0.00970437936 0.0282678902 -0.00141425629 0.276533037 0.790336549 0.546715319
0.00974098407 0.0283745173 -0.00187551638 0.328021407 0.914354682 0.237397298
0.0118799321 0.027083518 -0.00105699652 0.212005287 0.52759546 0.822615862
0.0119995745 0.0265460573 -0.000884288514 0.229103401 0.478902727 0.847445428
0.0120055778 0.0273699593 -0.00141425629 0.311355025 0.731234312 0.60692209
0.0120508624 0.0274732001 -0.00187551638 0.402407825 0.884143949 0.237397298
0.0140758958 0.0260099769 -0.00105699652 0.255530328 0.506814182 0.823312581
0.014207609 0.0254327897 -0.000884288514 0.267965406 0.457852513 0.847682476
0.0142247658 0.0262850653 -0.00141425629 0.371127158 0.703393817 0.606219292
0.0142784221 0.0263842121 -0.00187551638 0.474045426 0.847893536 0.237397283
0.0161757059 0.0247587617 -0.00105699652 0.297101855 0.482524097 0.823954463
0.0163132772 0.0241362788 -0.000884288514 0.304931521 0.433682948 0.847900867
0.0163467843 0.0250206161 -0.00141425629 0.428403884 0.67064023 0.605567336
0.0164084453 0.0251149945 -0.00187551638 0.542444825 0.805851221 0.237397298
0.0181650203 0.0233384185 -0.00105699652 0.336443752 0.454901904 0.824542224
0.0183014087 0.0226658657 -0.000884288514 0.339754254 0.406561643 0.848100662
0.0183571372 0.0235852506 -0.00141425629 0.482779235 0.633197963 0.604966521
0.0184263811 0.0236742161 -0.00187551638 0.607138753 0.75830406 0.237397298
0.0200302489 0.0217586514 -0.00105699652 0.373295069 0.424145579 0.82507658
0.0201576762 0.0210321434 -0.000884288514 0.372200489 0.376675665 0.84828192
0.0202420931 0.0219887756 -0.00141425629 0.533867478 0.591325104 0.604417145
0.0203184467 0.0220717173 -0.00187551638 0.66768527 0.705576956 0.237397298
0.0217586514 0.0200302489 -0.00105699652 0.387628108 0.415218174 0.823005676
0.0218687076 0.0192468837 -0.000884288514 0.267057985 0.232078001 0.935318053
0.0219887756 0.0202420931 -0.00141425629 0.577967763 0.594770312 0.558749914
0.0220717173 0.0203184467 -0.00187551638 0.71863234 0.659788251 0.219652101
0.0222007409 0.0195391104 -0.00105699652 0.480034769 0.403519839 0.778934121
0.0224355422 0.0197457597 -0.00141425629 0.69795686 0.593652785 0.400540322
0.0236742161 0.0184263811 -0.00187551638 0.767917991 0.605194151 0.209861755
0.0233384185 0.0181650203 -0.00105699652 0.409976482 0.328387201 0.850929558
0.023422176 0.0173229519 -0.000884288514 0.285189867 0.208488345 0.935520887
0.0235852506 0.0183571372 -0.00141425629 0.6646505 0.539844036 0.516534746
0.023777796 0.0175859667 -0.00105699652 0.510661781 0.361546576 0.78006959
0.0240292754 0.0177719593 -0.00141425629 0.743945122 0.533643723 0.40220651
0.0251149945 0.0164084453 -0.00187551638 0.815947533 0.539272845 0.208361149
0.0247587617 0.0161757059 -0.00105699652 0.437823713 0.293329209 0.849863708
0.0248068869 0.0152742052 -0.000884288514 0.408570945 0.214610547 0.887137055
0.0250206161 0.0163467843 -0.00141425629 0.708694339 0.482157975 0.515049517
0.0251835305 0.0155061139 -0.00105699652 0.516842544 0.254678547 0.817320406
0.0254498776 0.0156701114 -0.00141425629 0.784778953 0.470069557 0.403926551
0.0263842121 0.0142784221 -0.00187551638 0.858291388 0.469534129 0.207059473
0.0262850653 0.0142247658 -0.00141425629 0.594197989 0.331938922 0.732629001
0.0260128621 0.0131154088 -0.000884288514 0.468592316 0.235248312 0.851516008
0.0264078155 0.0133145405 -0.00105699652 0.516132116 0.252321601 0.818499506
0.0266871117 0.0134553583 -0.00141425629 0.833554387 0.407499909 0.373002589
0.0274732001 0.0120508624 -0.00187551638 0.894646525 0.396470934 0.205957189
0.0273699593 0.0120055778 -0.00141425629 0.620039225 0.280275404 0.732800782
0.0270314142 0.0108621158 -0.000884288514 0.486529559 0.194708139 0.851691067
0.0274418332 0.0110270353 -0.00105699652 0.535196841 0.208834469 0.818506241
0.0277320649 0.0111436602 -0.00141425629 0.864530683 0.337340921 0.372542292
0.0283745173 0.00974098407 -0.00187551638 0.92475301 0.320600033 0.205054745
0.0282678902 0.00970437936 -0.00141425629 0.641431987 0.226632342 0.73294121
0.0278552063 0.00853056088 -0.000884288514 0.501023948 0.152836651 0.851830959
0.0282781329 0.00866008084 -0.00105699652 0.550606906 0.163922802 0.818511665
0.0285772085 0.00875167176 -0.00141425629 0.889576972 0.264838547 0.372173905
0.0290820077 0.00736456458 -0.00187551638 0.948395431 0.242458507 0.204352483
0.0289727226 0.00733688986 -0.00141425629 0.658227086 0.171389014 0.733050406
0.0284782983 0.00613754289 -0.000884288514 0.511979401 0.1099208 0.851935744
0.0289106853 0.00623072963 -0.00105699652 0.56225729 0.117892973 0.818515718
0.0292164516 0.00629662722 -0.00141425629 0.908517241 0.190496027 0.371897459
0.0295908395 0.00493783783 -0.00187551638 0.965404749 0.162599549 0.203850672
0.0294796415 0.00491928216 -0.00141425629 0.670307755 0.114935823 0.733128428
0.0288962051 0.00370030385 -0.000884288514 0.519323587 0.0662541538 0.852005541
0.0293349382 0.00375648565 -0.00105699652 0.570068598 0.0710589886 0.8185184
0.0296451915 0.00379621517 -0.00141425629 0.921218455 0.114829756 0.371713132
0.0298975352 0.00247738045 -0.00187551638 0.975659192 0.0815887675 0.203549519
0.0297851842 0.00246807071 -0.00141425629 0.677590013 0.0576714091 0.733175159
0.0291059148 0.00123640406 -0.000884288514 0.523007691 0.0221350919 0.85204047
0.029547831 0.00125517638 -0.00105699652 0.573987663 0.0237403028 0.818519771
0.0298603363 0.00126845145 -0.00141425629 0.927591503 0.0383654684 0.371620893
0.0299999993 1.83697024e-18 -0.00187551638 0.979085505 1.00659925e-09 0.2034491
0.0298872646 4.87890978e-19 -0.00141425629 0.680023074 0 0.733190715
0.0291059148 -0.00123640406 -0.000884288514 0.523007751 -0.0221350938 0.85204047
0.029547831 -0.00125517638 -0.00105699652 0.573987663 -0.0237403046 0.818519771
0.0298603363 -0.00126845145 -0.00141425629 0.927591503 -0.0383654684 0.371620893
0.0298975352 -0.00247738045 -0.00187551638 0.975659192 -0.0815887749 0.203549504
0.0297851842 -0.00246807071 -0.00141425629 0.677590013 -0.0576714016 0.733175099
0.0288962051 -0.00370030385 -0.000884288514 0.519323528 -0.0662541538 0.852005541
0.0293349382 -0.00375648565 -0.00105699652 0.570068657 -0.0710589811 0.8185184
0.0296451915 -0.00379621517 -0.00141425629 0.921218455 -0.114829779 0.371713132
0.0295908395 -0.00493783783 -0.00187551638 0.965404749 -0.162599549 0.203850672
0.0294796415 -0.00491928216 -0.00141425629 0.670307875 -0.114935823 0.733128309
0.0284782983 -0.00613754289 -0.000884288514 0.511979342 -0.109920807 0.851935744
0.0289106853 -0.00623072963 -0.00105699652 0.56225729 -0.117892966 0.818515718
0.0292164516 -0.00629662722 -0.00141425629 0.908517241 -0.190496027 0.371897459
0.0290820077 -0.00736456458 -0.00187551638 0.948395431 -0.242458507 0.204352483
0.0289727226 -0.00733688986 -0.00141425629 0.658227026 -0.171389028 0.733050466
0.0278552063 -0.00853056088 -0.000884288514 0.501023889 -0.152836651 0.851830959
0.0282781329 -0.00866008084 -0.00105699652 0.550606906 -0.163922802 0.818511665
0.0285772085 -0.00875167176 -0.00141425629 0.889576972 -0.264838517 0.372173905
0.0283745173 -0.00974098407 -0.00187551638 0.92475301 -0.320600063 0.20505476
0.0282678902 -0.00970437936 -0.00141425629 0.641431928 -0.226632327 0.73294121
0.0270314142 -0.0108621158 -0.000884288514 0.486529589 -0.194708124 0.851691067
0.0274418332 -0.0110270353 -0.00105699652 0.535196841 -0.208834454 0.818506241
0.0277320649 -0.0111436602 -0.00141425629 0.864530683 -0.337340981 0.372542351
0.0274732001 -0.0120508624 -0.00187551638 0.894646525 -0.396470904 0.205957189
0.0273699593 -0.0120055778 -0.00141425629 0.620039284 -0.280275434 0.732800782
0.0260128621 -0.0131154088 -0.000884288514 0.468592316 -0.235248327 0.851515949
0.0264078155 -0.0133145405 -0.00105699652 0.516132116 -0.252321571 0.818499506
0.0266871117 -0.0134553583 -0.00141425629 0.833554387 -0.407499909 0.373002559
0.0263842121 -0.0142784221 -0.00187551638 0.858291388 -0.469534159 0.207059473
0.0262850653 -0.0142247658 -0.00141425629 0.594197989 -0.331938922 0.732629001
0.0248068869 -0.0152742052 -0.000884288514 0.408570915 -0.214610562 0.887137055
0.0251835305 -0.0155061139 -0.00105699652 0.535847068 -0.276987821 0.797587395
0.0254498776 -0.0156701114 -0.00141425629 0.796865523 -0.47482875 0.373554558
0.0251149945 -0.0164084453 -0.00187551638 0.815947533 -0.539272845 0.208361164
0.0247587617 -0.0161757059 -0.00105699652 0.456590891 -0.310933203 0.833573818
0.023422176 -0.0173229519 -0.000884288514 0.285189897 -0.20848839 0.935520887
0.0250206161 -0.0163467843 -0.00141425629 0.723799169 -0.485534847 0.490276128
0.023777796 -0.0175859667 -0.00105699652 0.486868173 -0.351226389 0.799749613
0.0240292754 -0.0177719593 -0.00141425629 0.734716356 -0.522366822 0.432810336
0.0236742161 -0.0184263811 -0.00187551638 0.767917991 -0.605194151 0.20986174
0.0233384185 -0.0181650203 -0.00105699652 0.430126637 -0.349651098 0.83230716
0.0218687076 -0.0192468837 -0.000884288514 0.267057985 -0.232077986 0.935318053
0.0235852506 -0.0183571372 -0.00141425629 0.68086493 -0.545999169 0.488167793
0.0222007409 -0.0195391104 -0.00105699652 0.454737872 -0.388821363 0.801268637
0.0224355422 -0.0197457597 -0.00141425629 0.688133538 -0.580610216 0.435159802
0.0220717173 -0.0203184467 -0.00187551638 0.714546382 -0.666832447 0.211560607
0.0217586514 -0.0200302489 -0.00105699652 0.400390208 -0.386113286 0.831026018
0.0201576762 -0.0210321434 -0.000884288514 0.247625008 -0.261089981 0.93301332
0.0219887756 -0.0202420931 -0.00141425629 0.632885337 -0.602706194 0.486005574
0.0204637311 -0.0213514753 -0.00105699652 0.455832779 -0.524977624 0.718759358
0.0206801612 -0.0215772931 -0.00141425629 0.615038157 -0.646573603 0.451298892
0.0203184467 -0.0220717173 -0.00187551638 0.60843569 -0.677928627 0.412575781
0.0185792781 -0.0230100006 -0.00105699652 0.44651559 -0.546048045 0.708840847
0.0183014087 -0.0226658657 -0.000884288514 0.224446118 -0.286251813 0.931495488
0.0187757779 -0.0232533608 -0.00141425629 0.578413785 -0.6829319 0.446140617
0.0184263811 -0.0236742161 -0.00187551638 0.549307525 -0.726354241 0.41312325
0.0165609624 -0.0245027412 -0.00105699652 0.399044812 -0.582205832 0.708378136
0.0163132772 -0.0241362788 -0.000884288514 0.199361697 -0.304254919 0.931495488
0.0167361144 -0.0247618873 -0.00141425629 0.519629836 -0.727786899 0.447561204
0.0164084453 -0.0251149945 -0.00187551638 0.48633191 -0.769620121 0.413722336
0.0144233238 -0.0258189365 -0.00105699652 0.348676443 -0.614281237 0.707872391
0.014207609 -0.0254327897 -0.000884288514 0.172840863 -0.320065945 0.931495488
0.0145758679 -0.026092004 -0.00141425629 0.457358003 -0.767545819 0.449107021
0.0142784221 -0.0263842121 -0.00187551638 0.419959486 -0.807421267 0.414372921
0.0121817645 -0.0269491076 -0.00105699652 0.295757741 -0.642044544 0.707323253
0.0119995745 -0.0265460573 -0.000884288514 0.14507471 -0.333570808 0.931495488
0.0123106018 -0.0272341277 -0.00141425629 0.392042905 -0.801936626 0.450777113
0.0120508624 -0.0274732001 -0.00187551638 0.350664765 -0.839492142 0.415074855
0.00985243544 -0.0278851092 -0.00105699652 0.240653992 -0.665295184 0.706730425
0.00970508344 -0.0274680592 -0.000884288514 0.116263308 -0.344672322 0.931495488
0.0099566374 -0.0281800274 -0.00141425629 0.324150473 -0.830726504 0.452570319
0.00974098407 -0.0283745173 -0.00187551638 0.278943092 -0.865608394 0.41582799
0.00745211961 -0.0286201965 -0.00105699652 0.185221612 -0.638875723 0.746679783
0.00734066591 -0.0281921551 -0.000884288514 0.0866142213 -0.353290498 0.931495488
0.00753093511 -0.0289228912 -0.00141425629 0.242529616 -0.855811894 0.456908524
0.00736456458 -0.0290820077 -0.00187551638 0.227230355 -0.945252717 0.234230027
0.00499811117 -0.029149076 -0.00105699652 0.0943405032 -0.567547321 0.817918062
0.00492335949 -0.0287131239 -0.000884288514 0.056341067 -0.359363168 0.931495488
0.0050509721 -0.0294573642 -0.00141425629 0.161012873 -0.871087134 0.463985026
0.00493783783 -0.0295908395 -0.00187551638 0.147610873 -0.960522532 0.23581247
0.00250809104 -0.0294679366 -0.00105699652 0.0482479334 -0.539573252 0.840555072
6.7652657e-14 -0.029574478 -0.00105699652 0.0243962687 -0.574307144 0.818276286
6.80596259e-14 -0.0297523849 -0.0012167918 0.0376043469 -0.751851976 0.658258736
0.0025346172 -0.0297795963 -0.00141425629 0.0846806988 -0.877846062 0.4713974
0 0.0299999993 -0.0140000004 0.0413249731 0.999145746 0
0 0.0299999993 -0.00187551638 0.0413249731 0.999145746 0
0.00247738045 0.0298975352 -0.00187551638 0.0825793445 0.996584475 0
0.00247738045 0.0298975352 -0.0140000004 0.0825793445 0.996584475 0
0.00493783783 0.0295908395 -0.0140000004 0.150981516 0.988536596 0
0.00493783783 0.0295908395 -0.00187551638 0.178176373 0.983998597 0
0.00736456458 0.0290820077 -0.0140000004 0.232098535 0.972692251 0
0.00736456458 0.0290820077 -0.00187551638 0.258825749 0.965924025 0
0.00974098407 0.0283745173 -0.0140000004 0.31163007 0.950203478 0
0.00974098407 0.0283745173 -0.00187551638 0.337707132 0.941251218 0
0.0120508624 0.0274732001 -0.0140000004 0.38903293 0.921223879 0
0.0120508624 0.0274732001 -0.00187551638 0.414281607 0.91014874 0
0.0142784221 0.0263842121 -0.0140000004 0.463778228 0.88595134 0
0.0142784221 0.0263842121 -0.00187551638 0.488026142 0.87282902 0
0.0164084453 0.0251149945 -0.0140000004 0.535355508 0.844626844 0
0.0164084453 0.0251149945 -0.00187551638 0.55843699 0.829546928 0
0.0184263811 0.0236742161 -0.0140000004 0.603275716 0.797532737 0
0.0184263811 0.0236742161 -0.00187551638 0.625033021 0.780598283 0
0.0203184467 0.0220717173 -0.0140000004 0.667074919 0.744990647 0
0.0203184467 0.0220717173 -0.00187551638 0.687359512 0.726317346 0
0.0220717173 0.0203184467 -0.0140000004 0.726317346 0.687359512 0
0.0220717173 0.0203184467 -0.00187551638 0.744990647 0.667074919 0
0.0236742161 0.0184263811 -0.0140000004 0.780598283 0.625033021 0
0.0236742161 0.0184263811 -0.00187551638 0.797532737 0.603275716 0
0.0251149945 0.0164084453 -0.0140000004 0.829546928 0.55843699 0
0.0251149945 0.0164084453 -0.00187551638 0.844626844 0.535355508 0
0.0263842121 0.0142784221 -0.0140000004 0.87282902 0.488026142 0
0.0263842121 0.0142784221 -0.00187551638 0.88595134 0.463778228 0
0.0274732001 0.0120508624 -0.0140000004 0.91014874 0.414281607 0
0.0274732001 0.0120508624 -0.00187551638 0.921223879 0.38903293 0
0.0283745173 0.00974098407 -0.0140000004 0.941251218 0.337707132 0
0.0283745173 0.00974098407 -0.00187551638 0.950203478 0.3116301 0
0.0290820077 0.00736456458 -0.0140000004 0.965924025 0.258825749 0
0.0290820077 0.00736456458 -0.00187551638 0.972692251 0.232098535 0
0.0295908395 0.00493783783 -0.0140000004 0.983998537 0.178176403 0
0.0295908395 0.00493783783 -0.00187551638 0.988536596 0.150981516 0
0.0298975352 0.00247738045 -0.0140000004 0.995351374 0.0963098779 0
0.0298975352 0.00247738045 -0.00187551638 0.997628212 0.0688331276 0
0.0299999993 1.83697024e-18 -0.0140000004 0.99990499 0.0137854582 0
0.0299999993 1.83697024e-18 -0.00187551638 0.99990499 -0.0137854582 0
0.0298975352 -0.00247738045 -0.0140000004 0.997628212 -0.0688331276 0
0.0298975352 -0.00247738045 -0.00187551638 0.995351374 -0.0963098779 0
0.0295908395 -0.00493783783 -0.0140000004 0.988536596 -0.150981516 0
0.0295908395 -0.00493783783 -0.00187551638 0.983998597 -0.178176373 0
0.0290820077 -0.00736456458 -0.0140000004 0.972692251 -0.232098535 0
0.0290820077 -0.00736456458 -0.00187551638 0.965924025 -0.258825749 0
0.0283745173 -0.00974098407 -0.0140000004 0.950203478 -0.31163007 0
0.0283745173 -0.00974098407 -0.00187551638 0.941251218 -0.337707132 0
0.0274732001 -0.0120508624 -0.0140000004 0.921223879 -0.38903293 0
0.0274732001 -0.0120508624 -0.00187551638 0.91014874 -0.414281607 0
0.0263842121 -0.0142784221 -0.0140000004 0.88595134 -0.463778228 0
0.0263842121 -0.0142784221 -0.00187551638 0.87282902 -0.488026142 0
0.0251149945 -0.0164084453 -0.0140000004 0.844626844 -0.535355508 0
0.0251149945 -0.0164084453 -0.00187551638 0.829546928 -0.55843699 0
0.0236742161 -0.0184263811 -0.0140000004 0.797532737 -0.603275716 0
0.0236742161 -0.0184263811 -0.00187551638 0.780598283 -0.625033021 0
0.0220717173 -0.0203184467 -0.0140000004 0.744990647 -0.667074919 0
0.0220717173 -0.0203184467 -0.00187551638 0.726317346 -0.687359512 0
0.0203184467 -0.0220717173 -0.0140000004 0.687359512 -0.726317346 0
0.0203184467 -0.0220717173 -0.00187551638 0.667074919 -0.744990647 0
0.0184263811 -0.0236742161 -0.0140000004 0.625033021 -0.780598283 0
0.0184263811 -0.0236742161 -0.00187551638 0.603275716 -0.797532737 0
0.0164084453 -0.0251149945 -0.0140000004 0.55843699 -0.829546928 0
0.0164084453 -0.0251149945 -0.00187551638 0.535355508 -0.844626844 0
0.0142784221 -0.0263842121 -0.0140000004 0.488026142 -0.87282902 0
0.0142784221 -0.0263842121 -0.00187551638 0.463778228 -0.88595134 0
0.0120508624 -0.0274732001 -0.0140000004 0.414281607 -0.91014874 0
0.0120508624 -0.0274732001 -0.00187551638 0.38903293 -0.921223879 0
0.00974098407 -0.0283745173 -0.0140000004 0.337707132 -0.941251218 0
0.00974098407 -0.0283745173 -0.00187551638 0.3116301 -0.950203478 0
0.00736456458 -0.0290820077 -0.0140000004 0.258825749 -0.965924025 0
0.00736456458 -0.0290820077 -0.00187551638 0.232098535 -0.972692251 0
0.00493783783 -0.0295908395 -0.0140000004 0.178176403 -0.983998537 0
0.00493783783 -0.0295908395 -0.00187551638 0.150981516 -0.988536596 0
0.00247738045 -0.0298975352 -0.0140000004 0.0963098779 -0.995351374 0
0.00247738045 -0.0298975352 -0.00187551638 0.0688331276 -0.997628212 0
0 -0.0299999993 -0.0140000004 0.0413249731 -0.999145746 0
0 -0.0299999993 -0.00187551638 0.0413249731 -0.999145746 0
-0.00247738045 -0.0298975352 -0.0140000004 -0.0688331276 -0.997628212 0
0 -0.0299999993 -0.0140000004 -0.0413249731 -0.999145746 0
0 -0.0299999993 -0.00187551638 -0.0413249731 -0.999145746 0
-0.00247738045 -0.0298975352 -0.00187551638 -0.0963098779 -0.995351374 0
-0.00493783783 -0.0295908395 -0.0140000004 -0.150981516 -0.988536596 0
-0.00493783783 -0.0295908395 -0.00187551638 -0.178176373 -0.983998597 0
-0.00736456458 -0.0290820077 -0.0140000004 -0.232098535 -0.972692251 0
-0.00736456458 -0.0290820077 -0.00187551638 -0.258825749 -0.965924025 0
-0.00974098407 -0.0283745173 -0.0140000004 -0.31163007 -0.950203478 0
-0.00974098407 -0.0283745173 -0.00187551638 -0.337707132 -0.941251218 0
-0.0120508624 -0.0274732001 -0.0140000004 -0.38903293 -0.921223879 0
-0.0120508624 -0.0274732001 -0.00187551638 -0.414281607 -0.91014874 0
-0.0142784221 -0.0263842121 -0.0140000004 -0.463778228 -0.88595134 0
-0.0142784221 -0.0263842121 -0.00187551638 -0.488026142 -0.87282902 0
-0.0164084453 -0.0251149945 -0.0140000004 -0.535355508 -0.844626844 0
-0.0164084453 -0.0251149945 -0.00187551638 -0.55843699 -0.829546928 0
-0.0184263811 -0.0236742161 -0.0140000004 -0.603275716 -0.797532737 0
-0.0184263811 -0.0236742161 -0.00187551638 -0.625033021 -0.780598283 0
-0.0203184467 -0.0220717173 -0.0140000004 -0.667074919 -0.744990647 0
-0.0203184467 -0.0220717173 -0.00187551638 -0.687359512 -0.726317346 0
-0.0220717173 -0.0203184467 -0.0140000004 -0.726317346 -0.687359512 0
-0.0220717173 -0.0203184467 -0.00187551638 -0.744990647 -0.667074919 0
-0.0236742161 -0.0184263811 -0.0140000004 -0.780598283 -0.625033021 0
-0.0236742161 -0.0184263811 -0.00187551638 -0.797532737 -0.603275716 0
-0.0251149945 -0.0164084453 -0.0140000004 -0.829546928 -0.55843699 0
-0.0251149945 -0.0164084453 -0.00187551638 -0.844626844 -0.535355508 0
-0.0263842121 -0.0142784221 -0.0140000004 -0.87282902 -0.488026142 0
-0.0263842121 -0.0142784221 -0.00187551638 -0.88595134 -0.463778228 0
-0.0274732001 -0.0120508624 -0.0140000004 -0.91014874 -0.414281607 0
-0.0274732001 -0.0120508624 -0.00187551638 -0.921223879 -0.38903293 0
-0.0283745173 -0.00974098407 -0.0140000004 -0.941251218 -0.337707132 0
-0.0283745173 -0.00974098407 -0.00187551638 -0.950203478 -0.3116301 0
-0.0290820077 -0.00736456458 -0.0140000004 -0.965924025 -0.258825749 0
-0.0290820077 -0.00736456458 -0.00187551638 -0.972692251 -0.232098535 0
-0.0295908395 -0.00493783783 -0.0140000004 -0.983998537 -0.178176403 0
-0.0295908395 -0.00493783783 -0.00187551638 -0.988536596 -0.150981516 0
-0.0298975352 -0.00247738045 -0.0140000004 -0.995351374 -0.0963098779 0
-0.0298975352 -0.00247738045 -0.00187551638 -0.997628212 -0.0688331276 0
-0.0299999993 -1.83697024e-18 -0.0140000004 -0.99990499 -0.0137854582 0
-0.0299999993 -1.83697024e-18 -0.00187551638 -0.99990499 0.0137854582 0
-0.0298975352 0.00247738045 -0.0140000004 -0.997628212 0.0688331276 0
-0.0298975352 0.00247738045 -0.00187551638 -0.995351374 0.0963098779 0
-0.0295908395 0.00493783783 -0.0140000004 -0.988536596 0.150981516 0
-0.0295908395 0.00493783783 -0.00187551638 -0.983998597 0.178176373 0
-0.0290820077 0.00736456458 -0.0140000004 -0.972692251 0.232098535 0
-0.0290820077 0.00736456458 -0.00187551638 -0.965924025 0.258825749 0
-0.0283745173 0.00974098407 -0.0140000004 -0.950203478 0.31163007 0
-0.0283745173 0.00974098407 -0.00187551638 -0.941251218 0.337707132 0
-0.0274732001 0.0120508624 -0.0140000004 -0.921223879 0.38903293 0
-0.0274732001 0.0120508624 -0.00187551638 -0.91014874 0.414281607 0
-0.0263842121 0.0142784221 -0.0140000004 -0.88595134 0.463778228 0
-0.0263842121 0.0142784221 -0.00187551638 -0.87282902 0.488026142 0
-0.0251149945 0.0164084453 -0.0140000004 -0.844626844 0.535355508 0
-0.0251149945 0.0164084453 -0.00187551638 -0.829546928 0.55843699 0
-0.0236742161 0.0184263811 -0.0140000004 -0.797532737 0.603275716 0
-0.0236742161 0.0184263811 -0.00187551638 -0.780598283 0.625033021 0
-0.0220717173 0.0203184467 -0.0140000004 -0.744990647 0.667074919 0
-0.0220717173 0.0203184467 -0.00187551638 -0.726317346 0.687359512 0
-0.0203184467 0.0220717173 -0.0140000004 -0.687359512 0.726317346 0
-0.0203184467 0.0220717173 -0.00187551638 -0.667074919 0.744990647 0
-0.0184263811 0.0236742161 -0.0140000004 -0.625033021 0.780598283 0
-0.0184263811 0.0236742161 -0.00187551638 -0.603275716 0.797532737 0
-0.0164084453 0.0251149945 -0.0140000004 -0.55843699 0.829546928 0
-0.0164084453 0.0251149945 -0.00187551638 -0.535355508 0.844626844 0
-0.0142784221 0.0263842121 -0.0140000004 -0.488026142 0.87282902 0
-0.0142784221 0.0263842121 -0.00187551638 -0.463778228 0.88595134 0
-0.0120508624 0.0274732001 -0.0140000004 -0.414281607 0.91014874 0
-0.0120508624 0.0274732001 -0.00187551638 -0.38903293 0.921223879 0
-0.00974098407 0.0283745173 -0.0140000004 -0.337707132 0.941251218 0
-0.00974098407 0.0283745173 -0.00187551638 -0.3116301 0.950203478 0
-0.00736456458 0.0290820077 -0.0140000004 -0.258825749 0.965924025 0
-0.00736456458 0.0290820077 -0.00187551638 -0.232098535 0.972692251 0
-0.00493783783 0.0295908395 -0.0140000004 -0.178176403 0.983998537 0
-0.00493783783 0.0295908395 -0.00187551638 -0.150981516 0.988536596 0
-0.00247738045 0.0298975352 -0.0140000004 -0.0963098779 0.995351374 0
-0.00247738045 0.0298975352 -0.00187551638 -0.0688331276 0.997628212 0
0 0.0299999993 -0.0140000004 -0.0413249731 0.999145746 0
0 0.0299999993 -0.00187551638 -0.0413249731 0.999145746 0
-0.00247738045 -0.0298975352 -0.00187551638 -0.0893569738 -0.971253037 0.22064206
0 -0.0299999993 -0.00187551638 -0.0410290137 -0.991990149 0.119466312
6.85606492e-14 -0.0299714077 -0.00163809792 -0.0459108315 -0.970383167 0.237168103
-6.71643866e-14 0.0293637197 -0.000944008294 -0.0211889092 0.363638967 0.931298971
-0.00247058016 0.0290272143 -0.000884288514 -0.031366419 0.339820057 0.939967275
-1.64785262e-14 0.0291321632 -0.000884288514 -0.0106079616 0.249719679 0.96826005
-6.85543609e-14 0.0299714077 -0.00163809792 -0.0516501181 0.970110893 0.237101585
-0.00247738045 0.0298975352 -0.00187551638 -0.0708243698 0.968820214 0.237426296
-6.83619014e-14 0.0298872646 -0.00141425629 -0.0451224782 0.934122205 0.354089886
0 0.0299999993 -0.00187551638 -0.0410290137 0.991990149 0.119466312
-0.00244224095 -0.0294734668 -0.00105699652 -0.0521588214 -0.580108702 0.812867343
6.80596259e-14 -0.0297523849 -0.0012167918 -0.0369166136 -0.751871228 0.658275604
6.7652657e-14 -0.029574478 -0.00105699652 -0.023753887 -0.574316084 0.818288982
6.71705394e-14 -0.0293637197 -0.000944008294 -0.0267415252 -0.363590568 0.931174934
1.64820939e-14 -0.0291321632 -0.000884288514 -0.0214263685 -0.325096726 0.945438027
-0.00247058016 -0.0290272143 -0.000884288514 -0.0354092941 -0.360722661 0.932000697
-0.00246807071 -0.0297851842 -0.00141425629 -0.0705283061 -0.88462311 0.460942239
6.83681695e-14 -0.0298872646 -0.00141425629 -0.0366728641 -0.886668086 0.460949868
-0.00486779911 -0.0291711204 -0.00105699652 -0.0975625366 -0.566512346 0.818257451
-0.00492335949 -0.0287131239 -0.000884288514 -0.0655001625 -0.35587424 0.932235599
-0.00491928216 -0.0294796415 -0.00141425629 -0.134023428 -0.87737304 0.460710555
-0.00493783783 -0.0295908395 -0.00187551638 -0.173049763 -0.955874622 0.237397298
-0.00726010511 -0.0286695063 -0.00105699652 -0.144248009 -0.556872845 0.817976236
-0.00734066591 -0.0281921551 -0.000884288514 -0.0950370952 -0.348560512 0.932455659
-0.00733688986 -0.0289727226 -0.00141425629 -0.206018537 -0.863308847 0.460710555
-0.00736456458 -0.0290820077 -0.00187551638 -0.251394182 -0.938319504 0.237397298
-0.00960281771 -0.0279720519 -0.00105699652 -0.176794723 -0.483055711 0.857555151
-0.00970508344 -0.0274680592 -0.000884288514 -0.188606232 -0.496686459 0.847189605
-0.00970437936 -0.0282678902 -0.00141425629 -0.276533037 -0.790336549 0.546715319
-0.00974098407 -0.0283745173 -0.00187551638 -0.328021407 -0.914354682 0.237397298
-0.0118799321 -0.027083518 -0.00105699652 -0.212005287 -0.52759546 0.822615862
-0.0119995745 -0.0265460573 -0.000884288514 -0.229103401 -0.478902727 0.847445428
-0.0120055778 -0.0273699593 -0.00141425629 -0.311355025 -0.731234312 0.60692209
-0.0120508624 -0.0274732001 -0.00187551638 -0.402407825 -0.884143949 0.237397298
-0.0140758958 -0.0260099769 -0.00105699652 -0.255530328 -0.506814182 0.823312581
-0.014207609 -0.0254327897 -0.000884288514 -0.267965406 -0.457852513 0.847682476
-0.0142247658 -0.0262850653 -0.00141425629 -0.371127158 -0.703393817 0.606219292
-0.0142784221 -0.0263842121 -0.00187551638 -0.474045426 -0.847893536 0.237397283
-0.0161757059 -0.0247587617 -0.00105699652 -0.297101855 -0.482524097 0.823954463
-0.0163132772 -0.0241362788 -0.000884288514 -0.304931521 -0.433682948 0.847900867
-0.0163467843 -0.0250206161 -0.00141425629 -0.428403884 -0.67064023 0.605567336
-0.0164084453 -0.0251149945 -0.00187551638 -0.542444825 -0.805851221 0.237397298
-0.0181650203 -0.0233384185 -0.00105699652 -0.336443752 -0.454901904 0.824542224
-0.0183014087 -0.0226658657 -0.000884288514 -0.339754254 -0.406561643 0.848100662
-0.0183571372 -0.0235852506 -0.00141425629 -0.482779235 -0.633197963 0.604966521
-0.0184263811 -0.0236742161 -0.00187551638 -0.607138753 -0.75830406 0.237397298
-0.0200302489 -0.0217586514 -0.00105699652 -0.373295069 -0.424145579 0.82507658
-0.0201576762 -0.0210321434 -0.000884288514 -0.372200489 -0.376675665 0.84828192
-0.0202420931 -0.0219887756 -0.00141425629 -0.533867478 -0.591325104 0.604417145
-0.0203184467 -0.0220717173 -0.00187551638 -0.66768527 -0.705576956 0.237397298
-0.0217586514 -0.0200302489 -0.00105699652 -0.387628108 -0.415218174 0.823005676
-0.0218687076 -0.0192468837 -0.000884288514 -0.267057985 -0.232078001 0.935318053
-0.0219887756 -0.0202420931 -0.00141425629 -0.577967763 -0.594770312 0.558749914
-0.0220717173 -0.0203184467 -0.00187551638 -0.71863234 -0.659788251 0.219652101
-0.0222007409 -0.0195391104 -0.00105699652 -0.480034769 -0.403519839 0.778934121
-0.0224355422 -0.0197457597 -0.00141425629 -0.69795686 -0.593652785 0.400540322
-0.0236742161 -0.0184263811 -0.00187551638 -0.767917991 -0.605194151 0.209861755
-0.0233384185 -0.0181650203 -0.00105699652 -0.409976482 -0.328387201 0.850929558
-0.023422176 -0.0173229519 -0.000884288514 -0.285189867 -0.208488345 0.935520887
-0.0235852506 -0.0183571372 -0.00141425629 -0.6646505 -0.539844036 0.516534746
-0.023777796 -0.0175859667 -0.00105699652 -0.510661781 -0.361546576 0.78006959
-0.0240292754 -0.0177719593 -0.00141425629 -0.743945122 -0.533643723 0.40220651
-0.0251149945 -0.0164084453 -0.00187551638 -0.815947533 -0.539272845 0.208361149
-0.0247587617 -0.0161757059 -0.00105699652 -0.437823713 -0.293329209 0.849863708
-0.0248068869 -0.0152742052 -0.000884288514 -0.408570945 -0.214610547 0.887137055
-0.0250206161 -0.0163467843 -0.00141425629 -0.708694339 -0.482157975 0.515049517
-0.0251835305 -0.0155061139 -0.00105699652 -0.516842544 -0.254678547 0.817320406
-0.0254498776 -0.0156701114 -0.00141425629 -0.784778953 -0.470069557 0.403926551
-0.0263842121 -0.0142784221 -0.00187551638 -0.858291388 -0.469534129 0.207059473
-0.0262850653 -0.0142247658 -0.00141425629 -0.594197989 -0.331938922 0.732629001
-0.0260128621 -0.0131154088 -0.000884288514 -0.468592316 -0.235248312 0.851516008
-0.0264078155 -0.0133145405 -0.00105699652 -0.516132116 -0.252321601 0.818499506
-0.0266871117 -0.0134553583 -0.00141425629 -0.833554387 -0.407499909 0.373002589
-0.0274732001 -0.0120508624 -0.00187551638 -0.894646525 -0.396470934 0.205957189
-0.0273699593 -0.0120055778 -0.00141425629 -0.620039225 -0.280275404 0.732800782
-0.0270314142 -0.0108621158 -0.000884288514 -0.486529559 -0.194708139 0.851691067
-0.0274418332 -0.0110270353 -0.00105699652 -0.535196841 -0.208834469 0.818506241
-0.0277320649 -0.0111436602 -0.00141425629 -0.864530683 -0.337340921 0.372542292
-0.0283745173 -0.00974098407 -0.00187551638 -0.92475301 -0.320600033 0.205054745
-0.0282678902 -0.00970437936 -0.00141425629 -0.641431987 -0.226632342 0.73294121
-0.0278552063 -0.00853056088 -0.000884288514 -0.501023948 -0.152836651 0.851830959
-0.0282781329 -0.00866008084 -0.00105699652 -0.550606906 -0.163922802 0.818511665
-0.0285772085 -0.00875167176 -0.00141425629 -0.889576972 -0.264838547 0.372173905
-0.0290820077 -0.00736456458 -0.00187551638 -0.948395431 -0.242458507 0.204352483
-0.0289727226 -0.00733688986 -0.00141425629 -0.658227086 -0.171389014 0.733050406
-0.0284782983 -0.00613754289 -0.000884288514 -0.511979401 -0.1099208 0.851935744
-0.0289106853 -0.00623072963 -0.00105699652 -0.56225729 -0.117892973 0.818515718
-0.0292164516 -0.00629662722 -0.00141425629 -0.908517241 -0.190496027 0.371897459
-0.0295908395 -0.00493783783 -0.00187551638 -0.965404749 -0.162599549 0.203850672
-0.0294796415 -0.00491928216 -0.00141425629 -0.670307755 -0.114935823 0.733128428
-0.0288962051 -0.00370030385 -0.000884288514 -0.519323587 -0.0662541538 0.852005541
-0.0293349382 -0.00375648565 -0.00105699652 -0.570068598 -0.0710589886 0.8185184
-0.0296451915 -0.00379621517 -0.00141425629 -0.921218455 -0.114829756 0.371713132
-0.0298975352 -0.00247738045 -0.00187551638 -0.975659192 -0.0815887675 0.203549519
-0.0297851842 -0.00246807071 -0.00141425629 -0.677590013 -0.0576714091 0.733175159
-0.0291059148 -0.00123640406 -0.000884288514 -0.523007691 -0.0221350919 0.85204047
-0.029547831 -0.00125517638 -0.00105699652 -0.573987663 -0.0237403028 0.818519771
-0.0298603363 -0.00126845145 -0.00141425629 -0.927591503 -0.0383654684 0.371620893
-0.0299999993 -1.83697024e-18 -0.00187551638 -0.979085505 -1.00659925e-09 0.2034491
-0.0298872646 -4.87890978e-19 -0.00141425629 -0.680023074 0 0.733190715
-0.0291059148 0.00123640406 -0.000884288514 -0.523007751 0.0221350938 0.85204047
-0.029547831 0.00125517638 -0.00105699652 -0.573987663 0.0237403046 0.818519771
-0.0298603363 0.00126845145 -0.00141425629 -0.927591503 0.0383654684 0.371620893
-0.0298975352 0.00247738045 -0.00187551638 -0.975659192 0.0815887749 0.203549504
-0.0297851842 0.00246807071 -0.00141425629 -0.677590013 0.0576714016 0.733175099
-0.0288962051 0.00370030385 -0.000884288514 -0.519323528 0.0662541538 0.852005541
-0.0293349382 0.00375648565 -0.00105699652 -0.570068657 0.0710589811 0.8185184
-0.0296451915 0.00379621517 -0.00141425629 -0.921218455 0.114829779 0.371713132
-0.0295908395 0.00493783783 -0.00187551638 -0.965404749 0.162599549 0.203850672
-0.0294796415 0.00491928216 -0.00141425629 -0.670307875 0.114935823 0.733128309
-0.0284782983 0.00613754289 -0.000884288514 -0.511979342 0.109920807 0.851935744
-0.0289106853 0.00623072963 -0.00105699652 -0.56225729 0.117892966 0.818515718
-0.0292164516 0.00629662722 -0.00141425629 -0.908517241 0.190496027 0.371897459
-0.0290820077 0.00736456458 -0.00187551638 -0.948395431 0.242458507 0.204352483
-0.0289727226 0.00733688986 -0.00141425629 -0.658227026 0.171389028 0.733050466
-0.0278552063 0.00853056088 -0.000884288514 -0.501023889 0.152836651 0.851830959
-0.0282781329 0.00866008084 -0.00105699652 -0.550606906 0.163922802 0.818511665
-0.0285772085 0.00875167176 -0.00141425629 -0.889576972 0.264838517 0.372173905
-0.0283745173 0.00974098407 -0.00187551638 -0.92475301 0.320600063 0.20505476
-0.0282678902 0.00970437936 -0.00141425629 -0.641431928 0.226632327 0.73294121
-0.0270314142 0.0108621158 -0.000884288514 -0.486529589 0.194708124 0.851691067
-0.0274418332 0.0110270353 -0.00105699652 -0.535196841 0.208834454 0.818506241
-0.0277320649 0.0111436602 -0.00141425629 -0.864530683 0.337340981 0.372542351
-0.0274732001 0.0120508624 -0.00187551638 -0.894646525 0.396470904 0.205957189
-0.0273699593 0.0120055778 -0.00141425629 -0.620039284 0.280275434 0.732800782
-0.0260128621 0.0131154088 -0.000884288514 -0.468592316 0.235248327 0.851515949
-0.0264078155 0.0133145405 -0.00105699652 -0.516132116 0.252321571 0.818499506
-0.0266871117 0.0134553583 -0.00141425629 -0.833554387 0.407499909 0.373002559
-0.0263842121 0.0142784221 -0.00187551638 -0.858291388 0.469534159 0.207059473
-0.0262850653 0.0142247658 -0.00141425629 -0.594197989 0.331938922 0.732629001
-0.0248068869 0.0152742052 -0.000884288514 -0.408570915 0.214610562 0.887137055
-0.0251835305 0.0155061139 -0.00105699652 -0.535847068 0.276987821 0.797587395
-0.0254498776 0.0156701114 -0.00141425629 -0.796865523 0.47482875 0.373554558
-0.0251149945 0.0164084453 -0.00187551638 -0.815947533 0.539272845 0.208361164
-0.0247587617 0.0161757059 -0.00105699652 -0.456590891 0.310933203 0.833573818
-0.023422176 0.0173229519 -0.000884288514 -0.285189897 0.20848839 0.935520887
-0.0250206161 0.0163467843 -0.00141425629 -0.723799169 0.485534847 0.490276128
-0.023777796 0.0175859667 -0.00105699652 -0.486868173 0.351226389 0.799749613
-0.0240292754 0.0177719593 -0.00141425629 -0.734716356 0.522366822 0.432810336
-0.0236742161 0.0184263811 -0.00187551638 -0.767917991 0.605194151 0.20986174
-0.0233384185 0.0181650203 -0.00105699652 -0.430126637 0.349651098 0.83230716
-0.0218687076 0.0192468837 -0.000884288514 -0.267057985 0.232077986 0.935318053
-0.0235852506 0.0183571372 -0.00141425629 -0.68086493 0.545999169 0.488167793
-0.0222007409 0.0195391104 -0.00105699652 -0.454737872 0.388821363 0.801268637
-0.0224355422 0.0197457597 -0.00141425629 -0.688133538 0.580610216 0.435159802
-0.0220717173 0.0203184467 -0.00187551638 -0.714546382 0.666832447 0.211560607
-0.0217586514 0.0200302489 -0.00105699652 -0.400390208 0.386113286 0.831026018
-0.0201576762 0.0210321434 -0.000884288514 -0.247625008 0.261089981 0.93301332
-0.0219887756 0.0202420931 -0.00141425629 -0.632885337 0.602706194 0.486005574
-0.0204637311 0.0213514753 -0.00105699652 -0.455832779 0.524977624 0.718759358
-0.0206801612 0.0215772931 -0.00141425629 -0.615038157 0.646573603 0.451298892
-0.0203184467 0.0220717173 -0.00187551638 -0.60843569 0.677928627 0.412575781
-0.0185792781 0.0230100006 -0.00105699652 -0.44651559 0.546048045 0.708840847
-0.0183014087 0.0226658657 -0.000884288514 -0.224446118 0.286251813 0.931495488
-0.0187757779 0.0232533608 -0.00141425629 -0.578413785 0.6829319 0.446140617
-0.0184263811 0.0236742161 -0.00187551638 -0.549307525 0.726354241 0.41312325
-0.0165609624 0.0245027412 -0.00105699652 -0.399044812 0.582205832 0.708378136
-0.0163132772 0.0241362788 -0.000884288514 -0.199361697 0.304254919 0.931495488
-0.0167361144 0.0247618873 -0.00141425629 -0.519629836 0.727786899 0.447561204
-0.0164084453 0.0251149945 -0.00187551638 -0.48633191 0.769620121 0.413722336
-0.0144233238 0.0258189365 -0.00105699652 -0.348676443 0.614281237 0.707872391
-0.014207609 0.0254327897 -0.000884288514 -0.172840863 0.320065945 0.931495488
-0.0145758679 0.026092004 -0.00141425629 -0.457358003 0.767545819 0.449107021
-0.0142784221 0.0263842121 -0.00187551638 -0.419959486 0.807421267 0.414372921
-0.0121817645 0.0269491076 -0.00105699652 -0.295757741 0.642044544 0.707323253
-0.0119995745 0.0265460573 -0.000884288514 -0.14507471 0.333570808 0.931495488
-0.0123106018 0.0272341277 -0.00141425629 -0.392042905 0.801936626 0.450777113
-0.0120508624 0.0274732001 -0.00187551638 -0.350664765 0.839492142 0.415074855
-0.00985243544 0.0278851092 -0.00105699652 -0.240653992 0.665295184 0.706730425
-0.00970508344 0.0274680592 -0.000884288514 -0.116263308 0.344672322 0.931495488
-0.0099566374 0.0281800274 -0.00141425629 -0.324150473 0.830726504 0.452570319
-0.00974098407 0.0283745173 -0.00187551638 -0.278943092 0.865608394 0.41582799
-0.00745211961 0.0286201965 -0.00105699652 -0.185221612 0.638875723 0.746679783
-0.00734066591 0.0281921551 -0.000884288514 -0.0866142213 0.353290498 0.931495488
-0.00753093511 0.0289228912 -0.00141425629 -0.242529616 0.855811894 0.456908524
-0.00736456458 0.0290820077 -0.00187551638 -0.227230355 0.945252717 0.234230027
-0.00499811117 0.029149076 -0.00105699652 -0.0943405032 0.567547321 0.817918062
-0.00492335949 0.0287131239 -0.000884288514 -0.056341067 0.359363168 0.931495488
-0.0050509721 0.0294573642 -0.00141425629 -0.161012873 0.871087134 0.463985026
-0.00493783783 0.0295908395 -0.00187551638 -0.147610873 0.960522532 0.23581247
-0.00250809104 0.0294679366 -0.00105699652 -0.0482479334 0.539573252 0.840555072
-6.76464567e-14 0.029574478 -0.00105699652 -0.0243962687 0.574307144 0.818276286
-6.80533849e-14 0.0297523849 -0.0012167918 -0.0376043469 0.751851976 0.658258736
-0.0025346172 0.0297795963 -0.00141425629 -0.0846806988 0.877846062 0.4713974
-0.00311178481 -0.0256278533 -0.000442144257 -0.0141730998 -0.131238729 0.991249502
1.64820939e-14 -0.0291321632 -0.000884288514 -0.00728350226 -0.131539539 0.991284192
0 -0.0225000009 0 -0.00758273527 -0.132561699 0.99114573
-0.00213876087 -0.0223981179 0 -0.0125946021 -0.13189663 0.99118346
-0.00425815303 -0.0220933948 0 -0.0245427694 -0.130038321 0.991205156
-0.00247058016 -0.0290272143 -0.000884288514 -0.0111532258 -0.131040901 0.991314232
-0.00492335949 -0.0287131239 -0.000884288514 -0.0228651185 -0.129898965 0.991263568
-0.00617819279 -0.0250659138 -0.000442144257 -0.0319604836 -0.12806733 0.991250336
-0.00633898238 -0.0215885919 0 -0.0381688289 -0.126728028 0.991202891
-0.00734066591 -0.0281921551 -0.000884288514 -0.0332806408 -0.127815768 0.991239369
-0.00970508344 -0.0274680592 -0.000884288514 -0.0420858487 -0.124860324 0.991281331
-0.00915450882 -0.0241384562 -0.000442144257 -0.0467092171 -0.123473294 0.991248012
-0.008362405 -0.0208882783 0 -0.0514164865 -0.122104846 0.991184533
-0.0119995745 -0.0265460573 -0.000884288514 -0.0542576946 -0.120233871 0.99126178
-0.0119973319 -0.0228590053 -0.000442144257 -0.0609329268 -0.117159307 0.991242111
-0.0103100967 -0.0199987981 0 -0.0605733469 -0.117495894 0.991224289
-0.0121644186 -0.0189282037 0 -0.0702842027 -0.112199254 0.99119699
-0.014207609 -0.0254327897 -0.000884288514 -0.065792188 -0.114189133 0.991278052
-0.014665206 -0.0212462191 -0.000442144257 -0.0748745352 -0.108677313 0.991253257
-0.0139085772 -0.0176861938 0 -0.0817186534 -0.104078948 0.991206169
-0.0163132772 -0.0241362788 -0.000884288514 -0.0739811882 -0.109458737 0.991234362
-0.0183014087 -0.0226658657 -0.000884288514 -0.0822694153 -0.10308221 0.99126476
-0.0171192288 -0.0193236154 -0.000442144257 -0.0873781815 -0.0989983454 0.991243839
-0.0155267781 -0.016284015 0 -0.0923080593 -0.0948852822 0.991199255
-0.0201576762 -0.0210321434 -0.000884288514 -0.092019476 -0.0944465473 0.991267979
-0.0193236154 -0.0171192288 -0.000442144257 -0.0990346447 -0.0872233659 0.991253853
-0.0170043651 -0.0147343669 0 -0.0999287814 -0.0865887851 0.991219759
-0.0183279589 -0.0130512808 0 -0.10644301 -0.0789363533 0.991180599
-0.0218687076 -0.0192468837 -0.000884288514 -0.0992075875 -0.087313652 0.99122864
-0.023422176 -0.0173229519 -0.000884288514 -0.1051424 -0.0795235783 0.991272449
-0.0212462191 -0.014665206 -0.000442144257 -0.109011367 -0.0743543953 0.99125576
-0.0194855724 -0.0112500004 0 -0.114064187 -0.0671525225 0.991201222
-0.0248068869 -0.0152742052 -0.000884288514 -0.112536848 -0.0688024536 0.991262674
-0.0228590053 -0.0119973319 -0.000442144257 -0.117177956 -0.060764201 0.991250217
-0.0204667207 -0.00934683811 0 -0.12049783 -0.0546926856 0.991205812
-0.0260128621 -0.0131154088 -0.000884288514 -0.117892198 -0.0594399907 0.991245866
-0.0270314142 -0.0108621158 -0.000884288514 -0.121445239 -0.0510425195 0.991284907
-0.0241384562 -0.00915450882 -0.000442144257 -0.123549588 -0.0467127189 0.991238356
-0.0212625191 -0.00735902926 0 -0.125689715 -0.0416632704 0.991194367
-0.0278552063 -0.00853056088 -0.000884288514 -0.126051798 -0.0388643518 0.991262078
-0.0250659138 -0.00617819279 -0.000442144257 -0.128183007 -0.0317121483 0.991243362
-0.0218657609 -0.0053045759 0 -0.128444806 -0.0311603751 0.991226971
-0.0222709831 -0.00320208375 0 -0.130790651 -0.0209736656 0.991188109
-0.0284782983 -0.00613754289 -0.000884288514 -0.129174665 -0.0262211021 0.991275132
-0.0256278533 -0.00311178481 -0.000442144257 -0.130987003 -0.0157508869 0.991258979
-0.0224745143 -0.00107059313 0 -0.132155582 -0.00701112766 0.991204202
-0.0288962051 -0.00370030385 -0.000884288514 -0.131071851 -0.0167844072 0.991230786
-0.0291059148 -0.00123640406 -0.000884288514 -0.131715059 -0.00651231222 0.991266251
-0.0258160811 -1.30454224e-17 -0.000442144257 -0.132055178 0 0.991242349
-0.0224745143 0.00107059313 0 -0.132155582 0.00701112766 0.991204202
-0.0291059148 0.00123640406 -0.000884288514 -0.131715044 0.00651231175 0.991266251
-0.0256278533 0.00311178481 -0.000442144257 -0.130987003 0.0157508887 0.991258979
-0.0222709831 0.00320208375 0 -0.130790651 0.0209736656 0.991188109
-0.0288962051 0.00370030385 -0.000884288514 -0.131071851 0.0167844072 0.991230786
-0.0284782983 0.00613754289 -0.000884288514 -0.129174665 0.026221104 0.991275132
-0.0250659138 0.00617819279 -0.000442144257 -0.128183007 0.0317121483 0.991243362
-0.0218657609 0.0053045759 0 -0.128444806 0.0311603751 0.991226971
-0.0212625191 0.00735902926 0 -0.125689745 0.0416632742 0.991194367
-0.0278552063 0.00853056088 -0.000884288514 -0.126051784 0.0388643518 0.991262078
-0.0241384562 0.00915450882 -0.000442144257 -0.123549581 0.0467127189 0.991238356
-0.0204667207 0.00934683811 0 -0.12049783 0.0546926856 0.991205812
-0.0270314142 0.0108621158 -0.000884288514 -0.121445239 0.0510425195 0.991284907
-0.0228590053 0.0119973319 -0.000442144257 -0.117177941 0.0607642047 0.991250217
-0.0194855724 0.0112500004 0 -0.114064187 0.0671525225 0.991201222
-0.0260128621 0.0131154088 -0.000884288514 -0.117892198 0.0594399907 0.991245866
-0.0248068869 0.0152742052 -0.000884288514 -0.11253684 0.068802461 0.991262674
-0.0212462191 0.014665206 -0.000442144257 -0.109011367 0.0743543953 0.99125576
-0.0183279589 0.0130512808 0 -0.10644301 0.0789363533 0.991180599
-0.023422176 0.0173229519 -0.000884288514 -0.105142392 0.0795235708 0.991272449
-0.0193236154 0.0171192288 -0.000442144257 -0.0990346372 0.0872233659 0.991253853
-0.0170043651 0.0147343669 0 -0.0999287814 0.0865887851 0.991219759
-0.0155267781 0.016284015 0 -0.0923080593 0.0948852822 0.991199255
-0.0218687076 0.0192468837 -0.000884288514 -0.0992075875 0.087313652 0.99122864
-0.0201576762 0.0210321434 -0.000884288514 -0.092019476 0.0944465473 0.991267979
-0.0171192288 0.0193236154 -0.000442144257 -0.087378189 0.0989983529 0.991243839
-0.0139085772 0.0176861938 0 -0.0817186534 0.104078948 0.991206169
-0.0183014087 0.0226658657 -0.000884288514 -0.0822694153 0.10308221 0.99126476
-0.014665206 0.0212462191 -0.000442144257 -0.0748745352 0.108677313 0.991253257
-0.0121644186 0.0189282037 0 -0.0702842027 0.112199254 0.99119699
-0.0163132772 0.0241362788 -0.000884288514 -0.0739811882 0.109458737 0.991234362
-0.014207609 0.0254327897 -0.000884288514 -0.065792188 0.114189133 0.991278052
-0.0119973319 0.0228590053 -0.000442144257 -0.0609329157 0.1171593 0.991242111
-0.0103100967 0.0199987981 0 -0.0605733469 0.117495894 0.991224289
-0.008362405 0.0208882783 0 -0.0514164865 0.122104846 0.991184533
-0.0119995745 0.0265460573 -0.000884288514 -0.0542576946 0.120233871 0.99126178
-0.00915450882 0.0241384562 -0.000442144257 -0.0467092171 0.123473302 0.991248012
-0.00633898238 0.0215885919 0 -0.0381688289 0.126728028 0.991202891
-0.00970508344 0.0274680592 -0.000884288514 -0.042085845 0.124860331 0.991281331
-0.00617819279 0.0250659138 -0.000442144257 -0.0319604874 0.128067344 0.991250336
-0.00425815303 0.0220933948 0 -0.0245427694 0.130038321 0.991205156
-0.00734066591 0.0281921551 -0.000884288514 -0.0332806408 0.127815768 0.991239369
-0.00492335949 0.0287131239 -0.000884288514 -0.0228651185 0.129898965 0.991263568
-0.00311178481 0.0256278533 -0.000442144257 -0.0141730998 0.131238729 0.991249502
-0.00213876087 0.0223981179 0 -0.0125946021 0.13189663 0.99118346
0 0.0225000009 0 -0.00758273527 0.132561699 0.99114573
-1.64785262e-14 0.0291321632 -0.000884288514 -0.00728350226 0.131539539 0.991284192
-0.00247058016 0.0290272143 -0.000884288514 -0.0111532258 0.131040901 0.991314232
-0.00247738045 0.0298975352 -0.0140000004 -0.048982583 0.705433488 -0.707081556
0 0.0299999993 -0.0140000004 -0.0292336531 0.706804574 -0.706804574
0 0.0289999992 -0.0149999997 -0.0296069495 0.706308842 -0.707284451
-0.0024593717 0.0288955271 -0.0149999997 -0.0691344813 0.703105986 -0.707716346
-0.00493783783 0.0295908395 -0.0140000004 -0.107633173 0.699194372 -0.706783116
-0.00490102358 0.0285828616 -0.0149999997 -0.12793836 0.694510579 -0.708016098
-0.00736456458 0.0290820077 -0.0140000004 -0.165580451 0.688068986 -0.706501365
-0.00730736367 0.0280642547 -0.0149999997 -0.185791641 0.681025445 -0.708297789
-0.00974098407 0.0283745173 -0.0140000004 -0.22241655 0.672131717 -0.706236422
-0.00966105424 0.0273434464 -0.0149999997 -0.24229002 0.662748814 -0.708561599
-0.0120508624 0.0274732001 -0.0140000004 -0.277741134 0.651490927 -0.705988228
-0.0119451359 0.0264256261 -0.0149999997 -0.297039032 0.639812231 -0.708807588
-0.0142784221 0.0263842121 -0.0140000004 -0.3311643 0.626288474 -0.705757022
-0.0141431531 0.02531741 -0.0149999997 -0.349656463 0.612379551 -0.709035754
-0.0164084453 0.0251149945 -0.0140000004 -0.382309318 0.596698523 -0.705542684
-0.0162392687 0.0240267795 -0.0149999997 -0.399775445 0.58064574 -0.709246159
-0.0184263811 0.0236742161 -0.0140000004 -0.430815369 0.562926412 -0.705345333
-0.0182183795 0.0225630365 -0.0149999997 -0.447046489 0.544835746 -0.70943886
-0.0203184467 0.0220717173 -0.0140000004 -0.476340026 0.525207102 -0.705164969
-0.0200662278 0.0209367275 -0.0149999997 -0.491140187 0.505202353 -0.709613919
-0.0220717173 0.0203184467 -0.0140000004 -0.5185619 0.483803868 -0.705001712
-0.0217694975 0.0191595666 -0.0149999997 -0.531749308 0.462025255 -0.709771335
-0.0236742161 0.0184263811 -0.0140000004 -0.557182729 0.439005822 -0.704855502
-0.0233159177 0.0172443613 -0.0149999997 -0.568591297 0.415608048 -0.709911168
-0.0251149945 0.0164084453 -0.0140000004 -0.591929615 0.391126484 -0.704726458
-0.0246943459 0.0152049111 -0.0149999997 -0.601409495 0.366277307 -0.710033476
-0.0263842121 0.0142784221 -0.0140000004 -0.622556984 0.340501249 -0.70461452
-0.0258948505 0.0130559085 -0.0149999997 -0.629975557 0.314379483 -0.710138261
-0.0274732001 0.0120508624 -0.0140000004 -0.648848355 0.287484944 -0.704519868
-0.0269087814 0.0108128376 -0.0149999997 -0.654090822 0.260278672 -0.710225523
-0.0283745173 0.00974098407 -0.0140000004 -0.670617819 0.232449532 -0.704442263
-0.0277288351 0.0084918607 -0.0149999997 -0.673587322 0.204354286 -0.71029532
-0.0290820077 0.00736456458 -0.0140000004 -0.687711418 0.17578131 -0.704382002
-0.0283491015 0.00610969868 -0.0149999997 -0.688329637 0.14699842 -0.710347652
-0.0295908395 0.00493783783 -0.0140000004 -0.700008214 0.117878184 -0.704338849
-0.0287651122 0.00368351676 -0.0149999997 -0.698215187 0.0886129066 -0.710382521
-0.0298975352 0.00247738045 -0.0140000004 -0.707421243 0.0591468774 -0.70431298
-0.02897387 0.00123079494 -0.0149999997 -0.703175128 0.0296067521 -0.710399985
-0.0299999993 -1.83697024e-18 -0.0140000004 -0.709898114 0 -0.704304338
-0.02897387 -0.00123079494 -0.0149999997 -0.703175187 -0.029606754 -0.710399985
-0.0298975352 -0.00247738045 -0.0140000004 -0.707421243 -0.0591468811 -0.70431298
-0.0287651122 -0.00368351676 -0.0149999997 -0.698215127 -0.0886128992 -0.710382521
-0.0295908395 -0.00493783783 -0.0140000004 -0.700008273 -0.117878184 -0.704338849
-0.0283491015 -0.00610969868 -0.0149999997 -0.688329577 -0.14699842 -0.710347652
-0.0290820077 -0.00736456458 -0.0140000004 -0.687711418 -0.175781295 -0.704381943
-0.0277288351 -0.0084918607 -0.0149999997 -0.673587322 -0.204354286 -0.71029532
-0.0283745173 -0.00974098407 -0.0140000004 -0.670617819 -0.232449532 -0.704442263
-0.0269087814 -0.0108128376 -0.0149999997 -0.654090703 -0.260278642 -0.710225582
-0.0274732001 -0.0120508624 -0.0140000004 -0.648848414 -0.287484944 -0.704519808
-0.0258948505 -0.0130559085 -0.0149999997 -0.629975498 -0.314379454 -0.710138261
-0.0263842121 -0.0142784221 -0.0140000004 -0.622556984 -0.340501249 -0.70461452
-0.0246943459 -0.0152049111 -0.0149999997 -0.601409495 -0.366277307 -0.710033476
-0.0251149945 -0.0164084453 -0.0140000004 -0.591929615 -0.391126484 -0.704726458
-0.0233159177 -0.0172443613 -0.0149999997 -0.568591297 -0.415608048 -0.709911227
-0.0236742161 -0.0184263811 -0.0140000004 -0.557182729 -0.439005792 -0.704855502
-0.0217694975 -0.0191595666 -0.0149999997 -0.531749308 -0.462025255 -0.709771335
-0.0220717173 -0.0203184467 -0.0140000004 -0.5185619 -0.483803868 -0.705001712
-0.0200662278 -0.0209367275 -0.0149999997 -0.491140157 -0.505202413 -0.70961386
-0.0203184467 -0.0220717173 -0.0140000004 -0.476340026 -0.525207102 -0.705164969
-0.0182183795 -0.0225630365 -0.0149999997 -0.447046459 -0.544835746 -0.70943886
-0.0184263811 -0.0236742161 -0.0140000004 -0.430815339 -0.562926412 -0.705345333
-0.0162392687 -0.0240267795 -0.0149999997 -0.399775445 -0.58064574 -0.709246159
-0.0164084453 -0.0251149945 -0.0140000004 -0.382309318 -0.596698523 -0.705542684
-0.0141431531 -0.02531741 -0.0149999997 -0.349656463 -0.612379491 -0.709035754
-0.0142784221 -0.0263842121 -0.0140000004 -0.3311643 -0.626288474 -0.705757022
-0.0119451359 -0.0264256261 -0.0149999997 -0.297039032 -0.639812231 -0.708807588
-0.0120508624 -0.0274732001 -0.0140000004 -0.277741134 -0.651490927 -0.705988228
-0.00966105424 -0.0273434464 -0.0149999997 -0.24229005 -0.662748814 -0.708561599
-0.00974098407 -0.0283745173 -0.0140000004 -0.22241655 -0.672131717 -0.706236362
-0.00730736367 -0.0280642547 -0.0149999997 -0.185791641 -0.681025445 -0.708297849
-0.00736456458 -0.0290820077 -0.0140000004 -0.165580466 -0.688069046 -0.706501365
-0.00490102358 -0.0285828616 -0.0149999997 -0.12793836 -0.694510579 -0.708016098
-0.00493783783 -0.0295908395 -0.0140000004 -0.107633173 -0.699194372 -0.706783116
-0.0024593717 -0.0288955271 -0.0149999997 -0.0691344887 -0.703105986 -0.707716346
-0.00247738045 -0.0298975352 -0.0140000004 -0.048982583 -0.705433488 -0.707081556
1.28785867e-17 -0.0289999992 -0.0149999997 -0.0296069495 -0.706308842 -0.707284451
0 -0.0299999993 -0.0140000004 -0.0292336531 -0.706804574 -0.706804574
0.0201466214 0.019381864 -0.0149999997 0 0 -1
0.0200662278 0.0209367275 -0.0149999997 0 0 -1
0.0217694975 0.0191595666 -0.0149999997 0 0 -1
0.0196670368 0.0199232027 -0.0149999997 0 0 -1
0.0190718397 0.020334037 -0.0149999997 0 0 -1
0.0204827189 0.0187414847 -0.0149999997 0 0 -1
0.0183956157 0.0205904953 -0.0149999997 0 0 -1
0.0182183795 0.0225630365 -0.0149999997 0 0 -1
0.0206557959 0.0180392787 -0.0149999997 0 0 -1
0.0233159177 0.0172443613 -0.0149999997 0 0 -1
0.0176776703 0.020677669 -0.0149999997 0 0 -1
0.0206557959 0.0173160601 -0.0149999997 0 0 -1
0.0169597231 0.0205904953 -0.0149999997 0 0 -1
0.0162392687 0.0240267795 -0.0149999997 0 0 -1
0.0204827189 0.0166138541 -0.0149999997 0 0 -1
0.0162835009 0.020334037 -0.0149999997 0 0 -1
0.0201466214 0.0159734748 -0.0149999997 0 0 -1
0.0246943459 0.0152049111 -0.0149999997 0 0 -1
0.015688302 0.0199232027 -0.0149999997 0 0 -1
0.0141431531 0.02531741 -0.0149999997 0 0 -1
0.0196670368 0.0154321371 -0.0149999997 0 0 -1
0.0258948505 0.0130559085 -0.0149999997 0 0 -1
0.0152087184 0.019381864 -0.0149999997 0 0 -1
0.0119451359 0.0264256261 -0.0149999997 0 0 -1
0.0190718397 0.0150213018 -0.0149999997 0 0 -1
0.0269087814 0.0108128376 -0.0149999997 0 0 -1
0.0148726208 0.0187414847 -0.0149999997 0 0 -1
0.0269545875 0.00134915381 -0.0149999997 0 0 -1
0.0287651122 0.00368351676 -0.0149999997 0 0 -1
0.02897387 0.00123079494 -0.0149999997 0 0 -1
0.0265749171 0.00177771307 -0.0149999997 0 0 -1
0.00195458671 0.0263491534 -0.0149999997 0 0 -1
0.0015749163 0.0267777126 -0.0149999997 0 0 -1
0.0024593717 0.0288955271 -0.0149999997 0 0 -1
0.00490102358 0.0285828616 -0.0149999997 0 0 -1
0.0261037182 0.00210295804 -0.0149999997 0 0 -1
0.00110371748 0.0271029584 -0.0149999997 0 0 -1
0.0272206627 0.000842186622 -0.0149999997 0 0 -1
0.00222066347 0.0258421861 -0.0149999997 0 0 -1
0.0255683754 0.00230598683 -0.0149999997 0 0 -1
0.0283491015 0.00610969868 -0.0149999997 0 0 -1
0.0005683747 0.0273059867 -0.0149999997 0 0 -1
0 0.0289999992 -0.0149999997 0 0 -1
0.0273576844 0.000286274619 -0.0149999997 0 0 -1
0.00235768361 0.025286274 -0.0149999997 0 0 -1
0.00730736367 0.0280642547 -0.0149999997 0 0 -1
0.0250000004 0.00237499992 -0.0149999997 0 0 -1
0.0277288351 0.0084918607 -0.0149999997 0 0 -1
0 0.0273749996 -0.0149999997 0 0 -1
0.0273576844 -0.000286274619 -0.0149999997 0 0 -1
0.02897387 -0.00123079494 -0.0149999997 0 0 -1
0.00235768361 0.0247137249 -0.0149999997 0 0 -1
0.0244316254 0.00230598683 -0.0149999997 0 0 -1
-0.0005683747 0.0273059867 -0.0149999997 0 0 -1
-0.0024593717 0.0288955271 -0.0149999997 0 0 -1
0.0272206627 -0.000842186622 -0.0149999997 0 0 -1
0.00222066347 0.0241578128 -0.0149999997 0 0 -1
0.00966105424 0.0273434464 -0.0149999997 0 0 -1
-0.00110371748 0.0271029584 -0.0149999997 0 0 -1
0.0269545875 -0.00134915381 -0.0149999997 0 0 -1
-0.0015749163 0.0267777126 -0.0149999997 0 0 -1
0.0287651122 -0.00368351676 -0.0149999997 0 0 -1
0.0265749171 -0.00177771307 -0.0149999997 0 0 -1
-0.00195458671 0.0263491534 -0.0149999997 0 0 -1
0.0261037182 -0.00210295804 -0.0149999997 0 0 -1
-0.00490102358 0.0285828616 -0.0149999997 0 0 -1
-0.00222066347 0.0258421861 -0.0149999997 0 0 -1
0.0255683754 -0.00230598683 -0.0149999997 0 0 -1
-0.00235768361 0.025286274 -0.0149999997 0 0 -1
0.0189618263 0.00356709515 -0.0149999997 0 0 -1
0.0238962825 0.00210295804 -0.0149999997 0 0 -1
0.00321182702 0.0193170942 -0.0149999997 0 0 -1
0.00195458671 0.0236508455 -0.0149999997 0 0 -1
0.019633282 0.0028213691 -0.0149999997 0 0 -1
0.0234250836 0.00177771307 -0.0149999997 0 0 -1
0.00388328149 0.0185713693 -0.0149999997 0 0 -1
0.0181499999 0.00415692199 -0.0149999997 0 0 -1
0.0183956157 0.0147648444 -0.0149999997 0 0 -1
0.00240000011 0.0199069213 -0.0149999997 0 0 -1
0.0015749163 0.0232222863 -0.0149999997 0 0 -1
0.0283491015 -0.00610969868 -0.0149999997 0 0 -1
0.0250000004 -0.00237499992 -0.0149999997 0 0 -1
0.020135019 0.00195233594 -0.0149999997 0 0 -1
0.0230454132 0.00134915381 -0.0149999997 0 0 -1
0.00438501826 0.0177023355 -0.0149999997 0 0 -1
0.0146995429 0.0180392787 -0.0149999997 0 0 -1
0.0172332823 0.00456507131 -0.0149999997 0 0 -1
0.0176776703 0.0146776699 -0.0149999997 0 0 -1
0.00148328161 0.0203150716 -0.0149999997 0 0 -1
0.0005683747 0.022694014 -0.0149999997 0 0 -1
0.00110371748 0.0228970423 -0.0149999997 0 0 -1
0.0204451084 0.000997976167 -0.0149999997 0 0 -1
0.0227793362 0.000842186622 -0.0149999997 0 0 -1
0.0226423163 0.000286274619 -0.0149999997 0 0 -1
0.00469510863 0.0167479757 -0.0149999997 0 0 -1
0.0146995429 0.0173160601 -0.0149999997 0 0 -1
0.0162517373 0.00477370527 -0.0149999997 0 0 -1
0.0169597231 0.0147648444 -0.0149999997 0 0 -1
0.000501736649 0.0205237046 -0.0149999997 0 0 -1
0 0.0226249993 -0.0149999997 0 0 -1
-0.00730736367 0.0280642547 -0.0149999997 0 0 -1
-0.00235768361 0.0247137249 -0.0149999997 0 0 -1
-0.00222066347 0.0241578128 -0.0149999997 0 0 -1
0.0205499995 0 -0.0149999997 0 0 -1
0.0226423163 -0.000286274619 -0.0149999997 0 0 -1
0.00480000023 0.0157500003 -0.0149999997 0 0 -1
0.0148726208 0.0166138541 -0.0149999997 0 0 -1
0.0152482633 0.00477370527 -0.0149999997 0 0 -1
0.0162835009 0.0150213018 -0.0149999997 0 0 -1
-0.000501736649 0.0205237046 -0.0149999997 0 0 -1
-0.0005683747 0.022694014 -0.0149999997 0 0 -1
0.0204451084 -0.000997976167 -0.0149999997 0 0 -1
0.0227793362 -0.000842186622 -0.0149999997 0 0 -1
0.0230454132 -0.00134915381 -0.0149999997 0 0 -1
0.00469510863 0.0147520239 -0.0149999997 0 0 -1
0.0152087184 0.0159734748 -0.0149999997 0 0 -1
0.0277288351 -0.0084918607 -0.0149999997 0 0 -1
0.0244316254 -0.00230598683 -0.0149999997 0 0 -1
0.0142667182 0.00456507131 -0.0149999997 0 0 -1
0.015688302 0.0154321371 -0.0149999997 0 0 -1
-0.00148328161 0.0203150716 -0.0149999997 0 0 -1
-0.0015749163 0.0232222863 -0.0149999997 0 0 -1
-0.00110371748 0.0228970423 -0.0149999997 0 0 -1
0.020135019 -0.00195233594 -0.0149999997 0 0 -1
0.0234250836 -0.00177771307 -0.0149999997 0 0 -1
0.00438501826 0.0137976641 -0.0149999997 0 0 -1
-0.00966105424 0.0273434464 -0.0149999997 0 0 -1
-0.00240000011 0.0199069213 -0.0149999997 0 0 -1
-0.00195458671 0.0236508455 -0.0149999997 0 0 -1
0.019633282 -0.0028213691 -0.0149999997 0 0 -1
0.0238962825 -0.00210295804 -0.0149999997 0 0 -1
-0.00321182702 0.0193170942 -0.0149999997 0 0 -1
0.0189618263 -0.00356709515 -0.0149999997 0 0 -1
0.0269087814 -0.0108128376 -0.0149999997 0 0 -1
-0.00388328149 0.0185713693 -0.0149999997 0 0 -1
-0.0119451359 0.0264256261 -0.0149999997 0 0 -1
0.0181499999 -0.00415692199 -0.0149999997 0 0 -1
0.00646164082 0.00696399296 -0.0149999997 0 0 -1
0.00742739905 0.0059231529 -0.0149999997 0 0 -1
0.0133499997 0.00415692199 -0.0149999997 0 0 -1
-0.00438501826 0.0177023355 -0.0149999997 0 0 -1
0.00535154063 0.00784926862 -0.0149999997 0 0 -1
0.00388328149 0.0129286312 -0.0149999997 0 0 -1
0.00822724123 0.00474999985 -0.0149999997 0 0 -1
0.0125381732 0.00356709515 -0.0149999997 0 0 -1
0.00412189541 0.00855920464 -0.0149999997 0 0 -1
0.00321182702 0.0121829044 -0.0149999997 0 0 -1
0.00884330086 0.00347073982 -0.0149999997 0 0 -1
0.0118667185 0.0028213691 -0.0149999997 0 0 -1
0.00280017406 0.009077942 -0.0149999997 0 0 -1
0.00148328161 0.0111849289 -0.0149999997 0 0 -1
0.00240000011 0.0115930783 -0.0149999997 0 0 -1
0.00926181488 0.00211394881 -0.0149999997 0 0 -1
0.0113649815 0.00195233594 -0.0149999997 0 0 -1
0.0110548912 0.000997976167 -0.0149999997 0 0 -1
0.00141590158 0.00939389318 -0.0149999997 0 0 -1
0.000501736649 0.010976295 -0.0149999997 0 0 -1
0.00947343651 0.000709935906 -0.0149999997 0 0 -1
0.01095 0 -0.0149999997 0 0 -1
0 0.00949999969 -0.0149999997 0 0 -1
-0.000501736649 0.010976295 -0.0149999997 0 0 -1
0.00947343651 -0.000709935906 -0.0149999997 0 0 -1
0.0110548912 -0.000997976167 -0.0149999997 0 0 -1
-0.00141590158 0.00939389318 -0.0149999997 0 0 -1
-0.00148328161 0.0111849289 -0.0149999997 0 0 -1
0.00926181488 -0.00211394881 -0.0149999997 0 0 -1
0.0113649815 -0.00195233594 -0.0149999997 0 0 -1
0.0118667185 -0.0028213691 -0.0149999997 0 0 -1
-0.00280017406 0.009077942 -0.0149999997 0 0 -1
-0.00321182702 0.0121829044 -0.0149999997 0 0 -1
-0.00240000011 0.0115930783 -0.0149999997 0 0 -1
0.00884330086 -0.00347073982 -0.0149999997 0 0 -1
0.0125381732 -0.00356709515 -0.0149999997 0 0 -1
-0.00412189541 0.00855920464 -0.0149999997 0 0 -1
-0.00388328149 0.0129286312 -0.0149999997 0 0 -1
0.0196670368 -0.0154321371 -0.0149999997 0 0 -1
0.0258948505 -0.0130559085 -0.0149999997 0 0 -1
0.0246943459 -0.0152049111 -0.0149999997 0 0 -1
-0.015688302 0.0199232027 -0.0149999997 0 0 -1
-0.0162392687 0.0240267795 -0.0149999997 0 0 -1
-0.0141431531 0.02531741 -0.0149999997 0 0 -1
0.0201466214 -0.0159734748 -0.0149999997 0 0 -1
0.0233159177 -0.0172443613 -0.0149999997 0 0 -1
-0.0152087184 0.019381864 -0.0149999997 0 0 -1
0.0190718397 -0.0150213018 -0.0149999997 0 0 -1
-0.0162835009 0.020334037 -0.0149999997 0 0 -1
0.0204827189 -0.0166138541 -0.0149999997 0 0 -1
-0.0148726208 0.0187414847 -0.0149999997 0 0 -1
0.0183956157 -0.0147648444 -0.0149999997 0 0 -1
0.0172332823 -0.00456507131 -0.0149999997 0 0 -1
-0.0169597231 0.0205904953 -0.0149999997 0 0 -1
-0.0182183795 0.0225630365 -0.0149999997 0 0 -1
0.00822724123 -0.00474999985 -0.0149999997 0 0 -1
0.0133499997 -0.00415692199 -0.0149999997 0 0 -1
0.0206557959 -0.0173160601 -0.0149999997 0 0 -1
-0.0146995429 0.0180392787 -0.0149999997 0 0 -1
-0.00469510863 0.0167479757 -0.0149999997 0 0 -1
0.0176776703 -0.0146776699 -0.0149999997 0 0 -1
0.0162517373 -0.00477370527 -0.0149999997 0 0 -1
-0.0176776703 0.020677669 -0.0149999997 0 0 -1
0.0206557959 -0.0180392787 -0.0149999997 0 0 -1
-0.0146995429 0.0173160601 -0.0149999997 0 0 -1
-0.00480000023 0.0157500003 -0.0149999997 0 0 -1
0.0217694975 -0.0191595666 -0.0149999997 0 0 -1
-0.00535154063 0.00784926862 -0.0149999997 0 0 -1
-0.00438501826 0.0137976641 -0.0149999997 0 0 -1
0.0169597231 -0.0147648444 -0.0149999997 0 0 -1
0.0152482633 -0.00477370527 -0.0149999997 0 0 -1
-0.0183956157 0.0205904953 -0.0149999997 0 0 -1
0.0204827189 -0.0187414847 -0.0149999997 0 0 -1
-0.0148726208 0.0166138541 -0.0149999997 0 0 -1
-0.00469510863 0.0147520239 -0.0149999997 0 0 -1
0.00742739905 -0.0059231529 -0.0149999997 0 0 -1
0.0142667182 -0.00456507131 -0.0149999997 0 0 -1
0.0162835009 -0.0150213018 -0.0149999997 0 0 -1
-0.0200662278 0.0209367275 -0.0149999997 0 0 -1
-0.0190718397 0.020334037 -0.0149999997 0 0 -1
0.0201466214 -0.019381864 -0.0149999997 0 0 -1
-0.0152087184 0.0159734748 -0.0149999997 0 0 -1
-0.00646164082 0.00696399296 -0.0149999997 0 0 -1
0.015688302 -0.0154321371 -0.0149999997 0 0 -1
-0.0196670368 0.0199232027 -0.0149999997 0 0 -1
-0.015688302 0.0154321371 -0.0149999997 0 0 -1
0.00646164082 -0.00696399296 -0.0149999997 0 0 -1
0.0152087184 -0.0159734748 -0.0149999997 0 0 -1
-0.0201466214 0.019381864 -0.0149999997 0 0 -1
0.0200662278 -0.0209367275 -0.0149999997 0 0 -1
0.0196670368 -0.0199232027 -0.0149999997 0 0 -1
0.0190718397 -0.020334037 -0.0149999997 0 0 -1
-0.00742739905 0.0059231529 -0.0149999997 0 0 -1
0.0183956157 -0.0205904953 -0.0149999997 0 0 -1
-0.0217694975 0.0191595666 -0.0149999997 0 0 -1
-0.0204827189 0.0187414847 -0.0149999997 0 0 -1
-0.0206557959 0.0180392787 -0.0149999997 0 0 -1
0.0182183795 -0.0225630365 -0.0149999997 0 0 -1
0.0176776703 -0.020677669 -0.0149999997 0 0 -1
0.0169597231 -0.0205904953 -0.0149999997 0 0 -1
-0.0233159177 0.0172443613 -0.0149999997 0 0 -1
-0.0206557959 0.0173160601 -0.0149999997 0 0 -1
-0.0204827189 0.0166138541 -0.0149999997 0 0 -1
-0.0201466214 0.0159734748 -0.0149999997 0 0 -1
0.0162392687 -0.0240267795 -0.0149999997 0 0 -1
0.015688302 -0.0199232027 -0.0149999997 0 0 -1
0.0162835009 -0.020334037 -0.0149999997 0 0 -1
0.00321182702 -0.0121829044 -0.0149999997 0 0 -1
0.00280017406 -0.009077942 -0.0149999997 0 0 -1
0.00412189541 -0.00855920464 -0.0149999997 0 0 -1
-0.0125381732 0.00356709515 -0.0149999997 0 0 -1
-0.00822724123 0.00474999985 -0.0149999997 0 0 -1
-0.00884330086 0.00347073982 -0.0149999997 0 0 -1
-0.0118667185 0.0028213691 -0.0149999997 0 0 -1
-0.00926181488 0.00211394881 -0.0149999997 0 0 -1
0.00388328149 -0.0129286312 -0.0149999997 0 0 -1
0.00535154063 -0.00784926862 -0.0149999997 0 0 -1
0.00240000011 -0.0115930783 -0.0149999997 0 0 -1
-0.0133499997 0.00415692199 -0.0149999997 0 0 -1
-0.0113649815 0.00195233594 -0.0149999997 0 0 -1
0.00438501826 -0.0137976641 -0.0149999997 0 0 -1
-0.0246943459 0.0152049111 -0.0149999997 0 0 -1
-0.0196670368 0.0154321371 -0.0149999997 0 0 -1
-0.0142667182 0.00456507131 -0.0149999997 0 0 -1
-0.0162835009 0.0150213018 -0.0149999997 0 0 -1
0.00148328161 -0.0111849289 -0.0149999997 0 0 -1
0.00141590158 -0.00939389318 -0.0149999997 0 0 -1
-0.0110548912 0.000997976167 -0.0149999997 0 0 -1
-0.00947343651 0.000709935906 -0.0149999997 0 0 -1
0.00469510863 -0.0147520239 -0.0149999997 0 0 -1
0.0148726208 -0.0166138541 -0.0149999997 0 0 -1
-0.0152482633 0.00477370527 -0.0149999997 0 0 -1
-0.0169597231 0.0147648444 -0.0149999997 0 0 -1
0.000501736649 -0.010976295 -0.0149999997 0 0 -1
0 -0.00949999969 -0.0149999997 0 0 -1
-0.01095 0 -0.0149999997 0 0 -1
-0.00947343651 -0.000709935906 -0.0149999997 0 0 -1
0.00480000023 -0.0157500003 -0.0149999997 0 0 -1
0.0146995429 -0.0173160601 -0.0149999997 0 0 -1
0.0141431531 -0.02531741 -0.0149999997 0 0 -1
0.0152087184 -0.019381864 -0.0149999997 0 0 -1
-0.0162517373 0.00477370527 -0.0149999997 0 0 -1
-0.0176776703 0.0146776699 -0.0149999997 0 0 -1
-0.000501736649 -0.010976295 -0.0149999997 0 0 -1
-0.00141590158 -0.00939389318 -0.0149999997 0 0 -1
-0.0110548912 -0.000997976167 -0.0149999997 0 0 -1
-0.00926181488 -0.00211394881 -0.0149999997 0 0 -1
0.00469510863 -0.0167479757 -0.0149999997 0 0 -1
0.0146995429 -0.0180392787 -0.0149999997 0 0 -1
-0.0172332823 0.00456507131 -0.0149999997 0 0 -1
-0.0183956157 0.0147648444 -0.0149999997 0 0 -1
-0.00148328161 -0.0111849289 -0.0149999997 0 0 -1
-0.00280017406 -0.009077942 -0.0149999997 0 0 -1
-0.0258948505 0.0130559085 -0.0149999997 0 0 -1
-0.0190718397 0.0150213018 -0.0149999997 0 0 -1
-0.0113649815 -0.00195233594 -0.0149999997 0 0 -1
0.00438501826 -0.0177023355 -0.0149999997 0 0 -1
0.0148726208 -0.0187414847 -0.0149999997 0 0 -1
-0.00240000011 -0.0115930783 -0.0149999997 0 0 -1
-0.0181499999 0.00415692199 -0.0149999997 0 0 -1
0.0119451359 -0.0264256261 -0.0149999997 0 0 -1
0.00388328149 -0.0185713693 -0.0149999997 0 0 -1
-0.0118667185 -0.0028213691 -0.0149999997 0 0 -1
-0.00884330086 -0.00347073982 -0.0149999997 0 0 -1
-0.00321182702 -0.0121829044 -0.0149999997 0 0 -1
-0.00412189541 -0.00855920464 -0.0149999997 0 0 -1
-0.0269087814 0.0108128376 -0.0149999997 0 0 -1
-0.0189618263 0.00356709515 -0.0149999997 0 0 -1
-0.0125381732 -0.00356709515 -0.0149999997 0 0 -1
-0.00822724123 -0.00474999985 -0.0149999997 0 0 -1
-0.00388328149 -0.0129286312 -0.0149999997 0 0 -1
-0.00535154063 -0.00784926862 -0.0149999997 0 0 -1
-0.0133499997 -0.00415692199 -0.0149999997 0 0 -1
-0.00742739905 -0.0059231529 -0.0149999997 0 0 -1
0.00966105424 -0.0273434464 -0.0149999997 0 0 -1
0.00321182702 -0.0193170942 -0.0149999997 0 0 -1
-0.00438501826 -0.0137976641 -0.0149999997 0 0 -1
-0.00646164082 -0.00696399296 -0.0149999997 0 0 -1
-0.0142667182 -0.00456507131 -0.0149999997 0 0 -1
-0.0277288351 0.0084918607 -0.0149999997 0 0 -1
0.0015749163 -0.0232222863 -0.0149999997 0 0 -1
0.00148328161 -0.0203150716 -0.0149999997 0 0 -1
0.00240000011 -0.0199069213 -0.0149999997 0 0 -1
-0.0234250836 0.00177771307 -0.0149999997 0 0 -1
-0.019633282 0.0028213691 -0.0149999997 0 0 -1
-0.020135019 0.00195233594 -0.0149999997 0 0 -1
0.00195458671 -0.0236508455 -0.0149999997 0 0 -1
-0.0230454132 0.00134915381 -0.0149999997 0 0 -1
-0.0204451084 0.000997976167 -0.0149999997 0 0 -1
-0.0238962825 0.00210295804 -0.0149999997 0 0 -1
0.00110371748 -0.0228970423 -0.0149999997 0 0 -1
0.00222066347 -0.0241578128 -0.0149999997 0 0 -1
0.00730736367 -0.0280642547 -0.0149999997 0 0 -1
-0.0227793362 0.000842186622 -0.0149999997 0 0 -1
-0.0244316254 0.00230598683 -0.0149999997 0 0 -1
0.0005683747 -0.022694014 -0.0149999997 0 0 -1
0.000501736649 -0.0205237046 -0.0149999997 0 0 -1
0.00235768361 -0.0247137249 -0.0149999997 0 0 -1
-0.0226423163 0.000286274619 -0.0149999997 0 0 -1
-0.0205499995 0 -0.0149999997 0 0 -1
0 -0.0226249993 -0.0149999997 0 0 -1
-0.000501736649 -0.0205237046 -0.0149999997 0 0 -1
-0.0250000004 0.00237499992 -0.0149999997 0 0 -1
-0.0283491015 0.00610969868 -0.0149999997 0 0 -1
-0.0226423163 -0.000286274619 -0.0149999997 0 0 -1
-0.0204451084 -0.000997976167 -0.0149999997 0 0 -1
0.00235768361 -0.025286274 -0.0149999997 0 0 -1
-0.0255683754 0.00230598683 -0.0149999997 0 0 -1
-0.0005683747 -0.022694014 -0.0149999997 0 0 -1
-0.00148328161 -0.0203150716 -0.0149999997 0 0 -1
-0.0227793362 -0.000842186622 -0.0149999997 0 0 -1
0.00490102358 -0.0285828616 -0.0149999997 0 0 -1
0.00222066347 -0.0258421861 -0.0149999997 0 0 -1
-0.00110371748 -0.0228970423 -0.0149999997 0 0 -1
0.00195458671 -0.0263491534 -0.0149999997 0 0 -1
-0.0230454132 -0.00134915381 -0.0149999997 0 0 -1
-0.020135019 -0.00195233594 -0.0149999997 0 0 -1
-0.0015749163 -0.0232222863 -0.0149999997 0 0 -1
-0.00240000011 -0.0199069213 -0.0149999997 0 0 -1
-0.0287651122 0.00368351676 -0.0149999997 0 0 -1
-0.0261037182 0.00210295804 -0.0149999997 0 0 -1
-0.0265749171 0.00177771307 -0.0149999997 0 0 -1
-0.0234250836 -0.00177771307 -0.0149999997 0 0 -1
-0.019633282 -0.0028213691 -0.0149999997 0 0 -1
-0.00195458671 -0.0236508455 -0.0149999997 0 0 -1
-0.00321182702 -0.0193170942 -0.0149999997 0 0 -1
-0.0269545875 0.00134915381 -0.0149999997 0 0 -1
-0.0238962825 -0.00210295804 -0.0149999997 0 0 -1
-0.0189618263 -0.00356709515 -0.0149999997 0 0 -1
-0.00222066347 -0.0241578128 -0.0149999997 0 0 -1
0.0024593717 -0.0288955271 -0.0149999997 0 0 -1
0.00110371748 -0.0271029584 -0.0149999997 0 0 -1
0.0015749163 -0.0267777126 -0.0149999997 0 0 -1
0.0005683747 -0.0273059867 -0.0149999997 0 0 -1
-0.0244316254 -0.00230598683 -0.0149999997 0 0 -1
-0.02897387 0.00123079494 -0.0149999997 0 0 -1
-0.0272206627 0.000842186622 -0.0149999997 0 0 -1
-0.0273576844 0.000286274619 -0.0149999997 0 0 -1
-0.0273576844 -0.000286274619 -0.0149999997 0 0 -1
1.28785867e-17 -0.0289999992 -0.0149999997 0 0 -1
0 -0.0273749996 -0.0149999997 0 0 -1
-0.0005683747 -0.0273059867 -0.0149999997 0 0 -1
-0.02897387 -0.00123079494 -0.0149999997 0 0 -1
-0.0272206627 -0.000842186622 -0.0149999997 0 0 -1
-0.0269545875 -0.00134915381 -0.0149999997 0 0 -1
-0.015688302 -0.0154321371 -0.0149999997 0 0 -1
-0.0152087184 -0.0159734748 -0.0149999997 0 0 -1
-0.00469510863 -0.0147520239 -0.0149999997 0 0 -1
-0.0162835009 -0.0150213018 -0.0149999997 0 0 -1
-0.0152482633 -0.00477370527 -0.0149999997 0 0 -1
-0.0024593717 -0.0288955271 -0.0149999997 0 0 -1
-0.00195458671 -0.0263491534 -0.0149999997 0 0 -1
-0.0015749163 -0.0267777126 -0.0149999997 0 0 -1
-0.00110371748 -0.0271029584 -0.0149999997 0 0 -1
-0.0148726208 -0.0166138541 -0.0149999997 0 0 -1
-0.00480000023 -0.0157500003 -0.0149999997 0 0 -1
-0.0169597231 -0.0147648444 -0.0149999997 0 0 -1
-0.0162517373 -0.00477370527 -0.0149999997 0 0 -1
-0.0146995429 -0.0173160601 -0.0149999997 0 0 -1
-0.00469510863 -0.0167479757 -0.0149999997 0 0 -1
-0.0176776703 -0.0146776699 -0.0149999997 0 0 -1
-0.0172332823 -0.00456507131 -0.0149999997 0 0 -1
-0.0287651122 -0.00368351676 -0.0149999997 0 0 -1
-0.0265749171 -0.00177771307 -0.0149999997 0 0 -1
-0.0261037182 -0.00210295804 -0.0149999997 0 0 -1
-0.0255683754 -0.00230598683 -0.0149999997 0 0 -1
-0.0146995429 -0.0180392787 -0.0149999997 0 0 -1
-0.00438501826 -0.0177023355 -0.0149999997 0 0 -1
-0.0183956157 -0.0147648444 -0.0149999997 0 0 -1
-0.0181499999 -0.00415692199 -0.0149999997 0 0 -1
-0.00490102358 -0.0285828616 -0.0149999997 0 0 -1
-0.00235768361 -0.025286274 -0.0149999997 0 0 -1
-0.00222066347 -0.0258421861 -0.0149999997 0 0 -1
-0.0148726208 -0.0187414847 -0.0149999997 0 0 -1
-0.0190718397 -0.0150213018 -0.0149999997 0 0 -1
-0.0283491015 -0.00610969868 -0.0149999997 0 0 -1
-0.0250000004 -0.00237499992 -0.0149999997 0 0 -1
-0.00730736367 -0.0280642547 -0.0149999997 0 0 -1
-0.00235768361 -0.0247137249 -0.0149999997 0 0 -1
-0.0277288351 -0.0084918607 -0.0149999997 0 0 -1
-0.00966105424 -0.0273434464 -0.0149999997 0 0 -1
-0.00388328149 -0.0185713693 -0.0149999997 0 0 -1
-0.0269087814 -0.0108128376 -0.0149999997 0 0 -1
-0.0119451359 -0.0264256261 -0.0149999997 0 0 -1
-0.0152087184 -0.019381864 -0.0149999997 0 0 -1
-0.0258948505 -0.0130559085 -0.0149999997 0 0 -1
-0.0196670368 -0.0154321371 -0.0149999997 0 0 -1
-0.0141431531 -0.02531741 -0.0149999997 0 0 -1
-0.015688302 -0.0199232027 -0.0149999997 0 0 -1
-0.0246943459 -0.0152049111 -0.0149999997 0 0 -1
-0.0201466214 -0.0159734748 -0.0149999997 0 0 -1
-0.0162392687 -0.0240267795 -0.0149999997 0 0 -1
-0.0169597231 -0.0205904953 -0.0149999997 0 0 -1
-0.0162835009 -0.020334037 -0.0149999997 0 0 -1
-0.0233159177 -0.0172443613 -0.0149999997 0 0 -1
-0.0204827189 -0.0166138541 -0.0149999997 0 0 -1
-0.0206557959 -0.0173160601 -0.0149999997 0 0 -1
-0.0206557959 -0.0180392787 -0.0149999997 0 0 -1
-0.0182183795 -0.0225630365 -0.0149999997 0 0 -1
-0.0183956157 -0.0205904953 -0.0149999997 0 0 -1
-0.0176776703 -0.020677669 -0.0149999997 0 0 -1
-0.0217694975 -0.0191595666 -0.0149999997 0 0 -1
-0.0204827189 -0.0187414847 -0.0149999997 0 0 -1
-0.0201466214 -0.019381864 -0.0149999997 0 0 -1
-0.0200662278 -0.0209367275 -0.0149999997 0 0 -1
-0.0196670368 -0.0199232027 -0.0149999997 0 0 -1
-0.0190718397 -0.020334037 -0.0149999997 0 0 -1
-0.00141590158 -0.00939389318 -0.0149999997 0.0885335803 0.701645732 -0.707004249
0 -0.00899999961 -0.0144999996 0.0529160872 0.70611608 -0.70611608
0 -0.00949999969 -0.0149999997 0.0529160835 0.70611608 -0.70611608
-0.00134138041 -0.00889947731 -0.0144999996 0.123469397 0.696363986 -0.706988335
-0.00280017406 -0.009077942 -0.0149999997 0.192119613 0.680613697 -0.707004309
-0.00265279668 -0.00860015489 -0.0144999996 0.225878015 0.670183957 -0.706988335
-0.00412189541 -0.00855920464 -0.0149999997 0.291414022 0.644377887 -0.707004249
-0.0039049536 -0.00810872018 -0.0144999996 0.323240876 0.629033267 -0.706988335
-0.00535154063 -0.00784926862 -0.0149999997 0.384198695 0.593747675 -0.707004249
-0.00506988075 -0.00743614882 -0.0144999996 0.413383096 0.573830903 -0.706988335
-0.00646164082 -0.00696399296 -0.0149999997 0.468401045 0.529854178 -0.707004249
-0.00612155441 -0.00659746677 -0.0144999996 0.494291008 0.505810082 -0.706988335
-0.00742739905 -0.0059231529 -0.0149999997 0.542140007 0.454124629 -0.707004249
-0.00703648338 -0.00561140804 -0.0144999996 0.564157248 0.426490426 -0.706988335
-0.00822724123 -0.00474999985 -0.0149999997 0.603768528 0.368250638 -0.707004249
-0.00779422885 -0.00449999981 -0.0144999996 0.621421218 0.337643534 -0.706988335
-0.00884330086 -0.00347073982 -0.0149999997 0.651909828 0.274150521 -0.707004249
-0.00837786403 -0.00328806927 -0.0144999996 0.664803565 0.241254345 -0.706988335
-0.00926181488 -0.00211394881 -0.0149999997 0.685488582 0.173926398 -0.707004309
-0.00877435133 -0.00200268836 -0.0144999996 0.693335354 0.139475912 -0.706988335
-0.00947343651 -0.000709935906 -0.0149999997 0.703754604 0.0698169991 -0.707004249
-0.00897483435 -0.000672570837 -0.0144999996 0.706379175 0.0345817953 -0.706988335
-0.00947343651 0.000709935906 -0.0149999997 0.706299901 -0.0358519778 -0.707004249
-0.00897483435 0.000672570837 -0.0144999996 0.70364368 -0.0710848123 -0.706988394
-0.00926181488 0.00211394881 -0.0149999997 0.693067729 -0.140720069 -0.707004249
-0.00877435133 0.00200268836 -0.0144999996 0.685189962 -0.175163493 -0.706988335
-0.00884330086 0.00347073982 -0.0149999997 0.66435343 -0.242444724 -0.707004249
-0.00837786403 0.00328806927 -0.0144999996 0.65143013 -0.275329322 -0.706988335
-0.00822724123 0.00474999985 -0.0149999997 0.620798647 -0.338753551 -0.707004249
-0.00779422885 0.00449999981 -0.0144999996 0.603118479 -0.369344741 -0.706988335
-0.00742739905 0.0059231529 -0.0149999997 0.563376248 -0.427495241 -0.707004249
-0.00703648338 0.00561140804 -0.0144999996 0.541334212 -0.455109626 -0.706988335
-0.00646164082 0.00696399296 -0.0149999997 0.493368953 -0.506687343 -0.707004249
-0.00612155441 0.00659746677 -0.0144999996 0.467457384 -0.530708075 -0.706988335
-0.00535154063 0.00784926862 -0.0149999997 0.412340581 -0.574560881 -0.707004309
-0.00506988075 0.00743614882 -0.0144999996 0.383138329 -0.594451427 -0.706988335
-0.00412189541 0.00855920464 -0.0149999997 0.322101265 -0.62959969 -0.707004249
-0.0039049536 0.00810872018 -0.0144999996 0.290260583 -0.6449157 -0.706988335
-0.00280017406 0.009077942 -0.0149999997 0.22466667 -0.670574248 -0.707004249
-0.00265279668 0.00860015489 -0.0144999996 0.190898925 -0.680973649 -0.706988335
-0.00141590158 0.00939389318 -0.0149999997 0.105388798 -0.699209034 -0.707106769
-0.00134138041 0.00889947731 -0.0144999996 0.10538879 -0.699208975 -0.707106769
0 0.00899999961 -0.0144999996 0.0529160872 -0.70611608 -0.70611608
0 0.00949999969 -0.0149999997 0.0529160835 -0.70611608 -0.70611608
0.00134138041 0.00889947731 -0.0144999996 -0.10538879 -0.699209034 -0.707106769
0 0.00899999961 -0.0144999996 -0.0529160835 -0.70611608 -0.70611608
0 0.00949999969 -0.0149999997 -0.0529160872 -0.70611608 -0.70611608
0.00141590158 0.00939389318 -0.0149999997 -0.105388798 -0.699208975 -0.707106769
0.00280017406 0.009077942 -0.0149999997 -0.192119613 -0.680613697 -0.707004309
0.00265279668 0.00860015489 -0.0144999996 -0.225878015 -0.670183957 -0.706988335
0.00412189541 0.00855920464 -0.0149999997 -0.291414022 -0.644377887 -0.707004249
0.0039049536 0.00810872018 -0.0144999996 -0.323240876 -0.629033267 -0.706988335
0.00535154063 0.00784926862 -0.0149999997 -0.384198695 -0.593747675 -0.707004249
0.00506988075 0.00743614882 -0.0144999996 -0.413383096 -0.573830903 -0.706988335
0.00646164082 0.00696399296 -0.0149999997 -0.468401045 -0.529854178 -0.707004249
0.00612155441 0.00659746677 -0.0144999996 -0.494291008 -0.505810082 -0.706988335
0.00742739905 0.0059231529 -0.0149999997 -0.542140007 -0.454124629 -0.707004249
0.00703648338 0.00561140804 -0.0144999996 -0.564157248 -0.426490426 -0.706988335
0.00822724123 0.00474999985 -0.0149999997 -0.603768528 -0.368250638 -0.707004249
0.00779422885 0.00449999981 -0.0144999996 -0.621421218 -0.337643534 -0.706988335
0.00884330086 0.00347073982 -0.0149999997 -0.651909828 -0.274150521 -0.707004249
0.00837786403 0.00328806927 -0.0144999996 -0.664803565 -0.241254345 -0.706988335
0.00926181488 0.00211394881 -0.0149999997 -0.685488582 -0.173926398 -0.707004309
0.00877435133 0.00200268836 -0.0144999996 -0.693335354 -0.139475912 -0.706988335
0.00947343651 0.000709935906 -0.0149999997 -0.703754604 -0.0698169991 -0.707004249
0.00897483435 0.000672570837 -0.0144999996 -0.706379175 -0.0345817953 -0.706988335
0.00947343651 -0.000709935906 -0.0149999997 -0.706299901 0.0358519778 -0.707004249
0.00897483435 -0.000672570837 -0.0144999996 -0.70364368 0.0710848123 -0.706988394
0.00926181488 -0.00211394881 -0.0149999997 -0.693067729 0.140720069 -0.707004249
0.00877435133 -0.00200268836 -0.0144999996 -0.685189962 0.175163493 -0.706988335
0.00884330086 -0.00347073982 -0.0149999997 -0.66435343 0.242444724 -0.707004249
0.00837786403 -0.00328806927 -0.0144999996 -0.65143013 0.275329322 -0.706988335
0.00822724123 -0.00474999985 -0.0149999997 -0.620798647 0.338753551 -0.707004249
0.00779422885 -0.00449999981 -0.0144999996 -0.603118479 0.369344741 -0.706988335
0.00742739905 -0.0059231529 -0.0149999997 -0.563376248 0.427495241 -0.707004249
0.00703648338 -0.00561140804 -0.0144999996 -0.541334212 0.455109626 -0.706988335
0.00646164082 -0.00696399296 -0.0149999997 -0.493368953 0.506687343 -0.707004249
0.00612155441 -0.00659746677 -0.0144999996 -0.467457384 0.530708075 -0.706988335
0.00535154063 -0.00784926862 -0.0149999997 -0.412340581 0.574560881 -0.707004309
0.00506988075 -0.00743614882 -0.0144999996 -0.383138329 0.594451427 -0.706988335
0.00412189541 -0.00855920464 -0.0149999997 -0.322101265 0.62959969 -0.707004249
0.0039049536 -0.00810872018 -0.0144999996 -0.290260583 0.6449157 -0.706988335
0.00280017406 -0.009077942 -0.0149999997 -0.22466667 0.670574248 -0.707004249
0.00265279668 -0.00860015489 -0.0144999996 -0.190898925 0.680973649 -0.706988335
0.00141590158 -0.00939389318 -0.0149999997 -0.122213438 0.696569324 -0.707004249
0.00134138041 -0.00889947731 -0.0144999996 -0.0872728825 0.701819718 -0.706988335
0 -0.00949999969 -0.0149999997 -0.0529160872 0.70611608 -0.70611608
0 -0.00899999961 -0.0144999996 -0.0529160835 0.70611608 -0.70611608
0.00134138041 0.00889947731 -0.0144999996 -0.124302611 -0.992244363 -7.75916326e-17
0 0.00899999961 -0.00700000022 -0.0747300908 -0.997203827 -8.72370482e-17
0 0.00899999961 -0.0144999996 -0.0747300908 -0.997203827 -0
0.00134138041 0.00889947731 -0.00700000022 -0.173688963 -0.984800577 -1.14247288e-16
0.00265279668 0.00860015489 -0.0144999996 -0.27080062 -0.962635458 -6.29584436e-17
0.00265279668 0.00860015489 -0.00700000022 -0.31852591 -0.947914183 -7.32615009e-17
0.0039049536 0.00810872018 -0.0144999996 -0.41124934 -0.911522925 -4.71269511e-17
0.0039049536 0.00810872018 -0.00700000022 -0.456247509 -0.889852941 -1.56126436e-17
0.00506988075 0.00743614882 -0.0144999996 -0.542511463 -0.840048373 5.60635623e-17
0.00506988075 0.00743614882 -0.00700000022 -0.583777249 -0.811913848 9.0679721e-17
0.00612155441 0.00659746677 -0.0144999996 -0.66165483 -0.74980855 9.42357903e-17
0.00612155441 0.00659746677 -0.00700000022 -0.698266506 -0.715837896 2.38222243e-17
0.00703648338 0.00561140804 -0.0144999996 -0.766017854 -0.642819345 -3.18361568e-17
0.00703648338 0.00561140804 -0.00700000022 -0.797157526 -0.603771329 -3.81226931e-17
0.00779422885 0.00449999981 -0.0144999996 -0.853269279 -0.521470547 4.23457041e-18
0.00779422885 0.00449999981 -0.00700000022 -0.87824136 -0.478217602 9.44846194e-17
0.00837786403 0.00328806927 -0.0144999996 -0.921460152 -0.388472974 1.14799315e-16
0.00837786403 0.00328806927 -0.00700000022 -0.939706802 -0.341981232 1.40639471e-16
0.00877435133 0.00200268836 -0.0144999996 -0.969067097 -0.246797532 1.02994978e-16
0.00877435133 0.00200268836 -0.00700000022 -0.980180681 -0.198105529 8.17898256e-17
0.00897483435 0.000672570837 -0.0144999996 -0.995026648 -0.0996090546 4.19215201e-17
0.00897483435 0.000672570837 -0.00700000022 -0.998758972 -0.0498045273 2.08792943e-17
0.00897483435 -0.000672570837 -0.0144999996 -0.998758972 0.0498045273 -2.10422241e-17
0.00897483435 -0.000672570837 -0.00700000022 -0.995026648 0.0996090546 -4.12015421e-17
0.00877435133 -0.00200268836 -0.0144999996 -0.980180681 0.198105544 -8.32859836e-17
0.00877435133 -0.00200268836 -0.00700000022 -0.969067097 0.246797532 -1.02112078e-16
0.00837786403 -0.00328806927 -0.0144999996 -0.939706802 0.341981232 -1.38065351e-16
0.00837786403 -0.00328806927 -0.00700000022 -0.921460152 0.388472974 -1.12748542e-16
0.00779422885 -0.00449999981 -0.0144999996 -0.87824142 0.478217572 -9.39224543e-17
0.00779422885 -0.00449999981 -0.00700000022 -0.853269279 0.521470547 -5.87948895e-18
0.00703648338 -0.00561140804 -0.0144999996 -0.797157526 0.603771389 4.24514814e-17
0.00703648338 -0.00561140804 -0.00700000022 -0.766017854 0.642819345 3.5164586e-17
0.00612155441 -0.00659746677 -0.0144999996 -0.698266506 0.715837896 -2.13150448e-17
0.00612155441 -0.00659746677 -0.00700000022 -0.66165483 0.74980855 -9.49492766e-17
0.00506988075 -0.00743614882 -0.0144999996 -0.583777249 0.811913848 -9.11694251e-17
0.00506988075 -0.00743614882 -0.00700000022 -0.542511463 0.840048373 -5.76524505e-17
0.0039049536 -0.00810872018 -0.0144999996 -0.456247509 0.889852941 1.24747447e-17
0.0039049536 -0.00810872018 -0.00700000022 -0.41124934 0.911522925 4.54376167e-17
0.00265279668 -0.00860015489 -0.0144999996 -0.31852591 0.947914183 7.32938006e-17
0.00265279668 -0.00860015489 -0.00700000022 -0.27080062 0.962635458 6.46943185e-17
0.00134138041 -0.00889947731 -0.0144999996 -0.149042264 0.988830805 8.59645202e-17
0.00134138041 -0.00889947731 -0.00700000022 -0.149042264 0.988830805 1.16675996e-16
0 -0.00899999961 -0.00700000022 -0.0747300908 0.997203827 8.72370482e-17
0 -0.00899999961 -0.0144999996 -0.0747300908 0.997203827 -0
0 -0.00899999961 -0.0144999996 0.0747300908 0.997203827 -8.72370482e-17
-0.00134138041 -0.00889947731 -0.00700000022 0.149042249 0.988830805 -8.57121838e-17
0 -0.00899999961 -0.00700000022 0.0747300908 0.997203827 -0
-0.00134138041 -0.00889947731 -0.0144999996 0.149042264 0.988830805 -1.16423739e-16
-0.00265279668 -0.00860015489 -0.0144999996 0.27080062 0.962635458 -6.29584436e-17
-0.00265279668 -0.00860015489 -0.00700000022 0.31852591 0.947914183 -7.32615009e-17
-0.0039049536 -0.00810872018 -0.0144999996 0.41124934 0.911522925 -4.71269511e-17
-0.0039049536 -0.00810872018 -0.00700000022 0.456247509 0.889852941 -1.56126436e-17
-0.00506988075 -0.00743614882 -0.0144999996 0.542511463 0.840048373 5.60635623e-17
-0.00506988075 -0.00743614882 -0.00700000022 0.583777249 0.811913848 9.0679721e-17
-0.00612155441 -0.00659746677 -0.0144999996 0.66165483 0.74980855 9.42357903e-17
-0.00612155441 -0.00659746677 -0.00700000022 0.698266506 0.715837896 2.38222243e-17
-0.00703648338 -0.00561140804 -0.0144999996 0.766017854 0.642819345 -3.18361568e-17
-0.00703648338 -0.00561140804 -0.00700000022 0.797157526 0.603771329 -3.81226931e-17
-0.00779422885 -0.00449999981 -0.0144999996 0.853269279 0.521470547 4.23457041e-18
-0.00779422885 -0.00449999981 -0.00700000022 0.87824136 0.478217602 9.44846194e-17
-0.00837786403 -0.00328806927 -0.0144999996 0.921460152 0.388472974 1.14799315e-16
-0.00837786403 -0.00328806927 -0.00700000022 0.939706802 0.341981232 1.40639471e-16
-0.00877435133 -0.00200268836 -0.0144999996 0.969067097 0.246797532 1.02994978e-16
-0.00877435133 -0.00200268836 -0.00700000022 0.980180681 0.198105529 8.17898256e-17
-0.00897483435 -0.000672570837 -0.0144999996 0.995026648 0.0996090546 4.19215201e-17
-0.00897483435 -0.000672570837 -0.00700000022 0.998758972 0.0498045273 2.08792943e-17
-0.00897483435 0.000672570837 -0.0144999996 0.998758972 -0.0498045273 -2.10422241e-17
-0.00897483435 0.000672570837 -0.00700000022 0.995026648 -0.0996090546 -4.12015421e-17
-0.00877435133 0.00200268836 -0.0144999996 0.980180681 -0.198105544 -8.32859836e-17
-0.00877435133 0.00200268836 -0.00700000022 0.969067097 -0.246797532 -1.02112078e-16
-0.00837786403 0.00328806927 -0.0144999996 0.939706802 -0.341981232 -1.38065351e-16
-0.00837786403 0.00328806927 -0.00700000022 0.921460152 -0.388472974 -1.12748542e-16
-0.00779422885 0.00449999981 -0.0144999996 0.87824142 -0.478217572 -9.39224543e-17
-0.00779422885 0.00449999981 -0.00700000022 0.853269279 -0.521470547 -5.87948895e-18
-0.00703648338 0.00561140804 -0.0144999996 0.797157526 -0.603771389 4.24514814e-17
-0.00703648338 0.00561140804 -0.00700000022 0.766017854 -0.642819345 3.5164586e-17
-0.00612155441 0.00659746677 -0.0144999996 0.698266506 -0.715837896 -2.13150448e-17
-0.00612155441 0.00659746677 -0.00700000022 0.66165483 -0.74980855 -9.49492766e-17
-0.00506988075 0.00743614882 -0.0144999996 0.583777249 -0.811913848 -9.11694251e-17
-0.00506988075 0.00743614882 -0.00700000022 0.542511463 -0.840048373 -5.76524505e-17
-0.0039049536 0.00810872018 -0.0144999996 0.456247509 -0.889852941 1.24747447e-17
-0.0039049536 0.00810872018 -0.00700000022 0.41124934 -0.911522925 4.54376167e-17
-0.00265279668 0.00860015489 -0.0144999996 0.31852591 -0.947914183 7.32938006e-17
-0.00265279668 0.00860015489 -0.00700000022 0.27080062 -0.962635458 6.46943185e-17
-0.00134138041 0.00889947731 -0.0144999996 0.173688963 -0.984800577 1.1502358e-16
-0.00134138041 0.00889947731 -0.00700000022 0.124302611 -0.992244363 7.81996897e-17
0 0.00899999961 -0.0144999996 0.0747300908 -0.997203827 8.78953384e-17
0 0.00899999961 -0.00700000022 0.0747300908 -0.997203827 -0
0.00612155441 0.00659746677 -0.00700000022 0 0 -1
0 -0.00899999961 -0.00700000022 0 0 -1
-0.00134138041 -0.00889947731 -0.00700000022 0 0 -1
-0.00265279668 -0.00860015489 -0.00700000022 0 0 -1
-0.0039049536 -0.00810872018 -0.00700000022 0 0 -1
-0.00506988075 -0.00743614882 -0.00700000022 0 0 -1
-0.00612155441 -0.00659746677 -0.00700000022 0 0 -1
-0.00703648338 -0.00561140804 -0.00700000022 0 0 -1
-0.00779422885 -0.00449999981 -0.00700000022 0 0 -1
-0.00837786403 -0.00328806927 -0.00700000022 0 0 -1
-0.00877435133 -0.00200268836 -0.00700000022 0 0 -1
-0.00897483435 -0.000672570837 -0.00700000022 0 0 -1
-0.00897483435 0.000672570837 -0.00700000022 0 0 -1
-0.00877435133 0.00200268836 -0.00700000022 0 0 -1
-0.00837786403 0.00328806927 -0.00700000022 0 0 -1
-0.00779422885 0.00449999981 -0.00700000022 0 0 -1
-0.00703648338 0.00561140804 -0.00700000022 0 0 -1
-0.00612155441 0.00659746677 -0.00700000022 0 0 -1
-0.00506988075 0.00743614882 -0.00700000022 0 0 -1
-0.0039049536 0.00810872018 -0.00700000022 0 0 -1
-0.00265279668 0.00860015489 -0.00700000022 0 0 -1
-0.00134138041 0.00889947731 -0.00700000022 0 0 -1
0 0.00899999961 -0.00700000022 0 0 -1
0.00134138041 0.00889947731 -0.00700000022 0 0 -1
0.00265279668 0.00860015489 -0.00700000022 0 0 -1
0.0039049536 0.00810872018 -0.00700000022 0 0 -1
0.00506988075 0.00743614882 -0.00700000022 0 0 -1
0.00703648338 0.00561140804 -0.00700000022 0 0 -1
0.00779422885 0.00449999981 -0.00700000022 0 0 -1
0.00837786403 0.00328806927 -0.00700000022 0 0 -1
0.00877435133 0.00200268836 -0.00700000022 0 0 -1
0.00897483435 0.000672570837 -0.00700000022 0 0 -1
0.00897483435 -0.000672570837 -0.00700000022 0 0 -1
0.00877435133 -0.00200268836 -0.00700000022 0 0 -1
0.00837786403 -0.00328806927 -0.00700000022 0 0 -1
0.00779422885 -0.00449999981 -0.00700000022 0 0 -1
0.00703648338 -0.00561140804 -0.00700000022 0 0 -1
0.00612155441 -0.00659746677 -0.00700000022 0 0 -1
0.00506988075 -0.00743614882 -0.00700000022 0 0 -1
0.0039049536 -0.00810872018 -0.00700000022 0 0 -1
0.00265279668 -0.00860015489 -0.00700000022 0 0 -1
0.00134138041 -0.00889947731 -0.00700000022 0 0 -1
0.0262433551 0.0014034576 -0.00700000022 0 0 -1
0.0250000004 -0.00187499996 -0.00700000022 0 0 -1
0.0245512836 -0.00182051596 -0.00700000022 0 0 -1
0.0241286438 -0.0016602301 -0.00700000022 0 0 -1
0.0237566456 -0.0014034576 -0.00700000022 0 0 -1
0.023456905 -0.00106512138 -0.00700000022 0 0 -1
0.0232468452 -0.000664884166 -0.00700000022 0 0 -1
0.0231386703 -0.000226006276 -0.00700000022 0 0 -1
0.0231386703 0.000226006276 -0.00700000022 0 0 -1
0.0232468452 0.000664884166 -0.00700000022 0 0 -1
0.023456905 0.00106512138 -0.00700000022 0 0 -1
0.0237566456 0.0014034576 -0.00700000022 0 0 -1
0.0241286438 0.0016602301 -0.00700000022 0 0 -1
0.0245512836 0.00182051596 -0.00700000022 0 0 -1
0.0250000004 0.00187499996 -0.00700000022 0 0 -1
0.0254487172 0.00182051596 -0.00700000022 0 0 -1
0.0258713551 0.0016602301 -0.00700000022 0 0 -1
0.0265430938 0.00106512138 -0.00700000022 0 0 -1
0.0267531555 0.000664884166 -0.00700000022 0 0 -1
0.0268613286 0.000226006276 -0.00700000022 0 0 -1
0.0268613286 -0.000226006276 -0.00700000022 0 0 -1
0.0267531555 -0.000664884166 -0.00700000022 0 0 -1
0.0265430938 -0.00106512138 -0.00700000022 0 0 -1
0.0262433551 -0.0014034576 -0.00700000022 0 0 -1
0.0258713551 -0.0016602301 -0.00700000022 0 0 -1
0.0254487172 -0.00182051596 -0.00700000022 0 0 -1
-0.0237566456 0.0014034576 -0.00700000022 0 0 -1
-0.0250000004 -0.00187499996 -0.00700000022 0 0 -1
-0.0254487172 -0.00182051596 -0.00700000022 0 0 -1
-0.0258713551 -0.0016602301 -0.00700000022 0 0 -1
-0.0262433551 -0.0014034576 -0.00700000022 0 0 -1
-0.0265430938 -0.00106512138 -0.00700000022 0 0 -1
-0.0267531555 -0.000664884166 -0.00700000022 0 0 -1
-0.0268613286 -0.000226006276 -0.00700000022 0 0 -1
-0.0268613286 0.000226006276 -0.00700000022 0 0 -1
-0.0267531555 0.000664884166 -0.00700000022 0 0 -1
-0.0265430938 0.00106512138 -0.00700000022 0 0 -1
-0.0262433551 0.0014034576 -0.00700000022 0 0 -1
-0.0258713551 0.0016602301 -0.00700000022 0 0 -1
-0.0254487172 0.00182051596 -0.00700000022 0 0 -1
-0.0250000004 0.00187499996 -0.00700000022 0 0 -1
-0.0245512836 0.00182051596 -0.00700000022 0 0 -1
-0.0241286438 0.0016602301 -0.00700000022 0 0 -1
-0.023456905 0.00106512138 -0.00700000022 0 0 -1
-0.0232468452 0.000664884166 -0.00700000022 0 0 -1
-0.0231386703 0.000226006276 -0.00700000022 0 0 -1
-0.0231386703 -0.000226006276 -0.00700000022 0 0 -1
-0.0232468452 -0.000664884166 -0.00700000022 0 0 -1
-0.023456905 -0.00106512138 -0.00700000022 0 0 -1
-0.0237566456 -0.0014034576 -0.00700000022 0 0 -1
-0.0241286438 -0.0016602301 -0.00700000022 0 0 -1
-0.0245512836 -0.00182051596 -0.00700000022 0 0 -1
0.00124335499 -0.023596542 -0.00700000022 0 0 -1
0 -0.0268750004 -0.00700000022 0 0 -1
-0.000448716863 -0.0268205162 -0.00700000022 0 0 -1
-0.000871355936 -0.02666023 -0.00700000022 0 0 -1
-0.00124335499 -0.0264034569 -0.00700000022 0 0 -1
-0.00154309475 -0.0260651205 -0.00700000022 0 0 -1
-0.00175315549 -0.0256648846 -0.00700000022 0 0 -1
-0.00186132919 -0.0252260063 -0.00700000022 0 0 -1
-0.00186132919 -0.0247739945 -0.00700000022 0 0 -1
-0.00175315549 -0.0243351161 -0.00700000022 0 0 -1
-0.00154309475 -0.0239348784 -0.00700000022 0 0 -1
-0.00124335499 -0.023596542 -0.00700000022 0 0 -1
-0.000871355936 -0.0233397707 -0.00700000022 0 0 -1
-0.000448716863 -0.0231794845 -0.00700000022 0 0 -1
0 -0.0231250003 -0.00700000022 0 0 -1
0.000448716863 -0.0231794845 -0.00700000022 0 0 -1
0.000871355936 -0.0233397707 -0.00700000022 0 0 -1
0.00154309475 -0.0239348784 -0.00700000022 0 0 -1
0.00175315549 -0.0243351161 -0.00700000022 0 0 -1
0.00186132919 -0.0247739945 -0.00700000022 0 0 -1
0.00186132919 -0.0252260063 -0.00700000022 0 0 -1
0.00175315549 -0.0256648846 -0.00700000022 0 0 -1
0.00154309475 -0.0260651205 -0.00700000022 0 0 -1
0.00124335499 -0.0264034569 -0.00700000022 0 0 -1
0.000871355936 -0.02666023 -0.00700000022 0 0 -1
0.000448716863 -0.0268205162 -0.00700000022 0 0 -1
0.00124335499 0.0264034569 -0.00700000022 0 0 -1
0 0.0231250003 -0.00700000022 0 0 -1
-0.000448716863 0.0231794845 -0.00700000022 0 0 -1
-0.000871355936 0.0233397707 -0.00700000022 0 0 -1
-0.00124335499 0.023596542 -0.00700000022 0 0 -1
-0.00154309475 0.0239348784 -0.00700000022 0 0 -1
-0.00175315549 0.0243351161 -0.00700000022 0 0 -1
-0.00186132919 0.0247739945 -0.00700000022 0 0 -1
-0.00186132919 0.0252260063 -0.00700000022 0 0 -1
-0.00175315549 0.0256648846 -0.00700000022 0 0 -1
-0.00154309475 0.0260651205 -0.00700000022 0 0 -1
-0.00124335499 0.0264034569 -0.00700000022 0 0 -1
-0.000871355936 0.02666023 -0.00700000022 0 0 -1
-0.000448716863 0.0268205162 -0.00700000022 0 0 -1
0 0.0268750004 -0.00700000022 0 0 -1
0.000448716863 0.0268205162 -0.00700000022 0 0 -1
0.000871355936 0.02666023 -0.00700000022 0 0 -1
0.00154309475 0.0260651205 -0.00700000022 0 0 -1
0.00175315549 0.0256648846 -0.00700000022 0 0 -1
0.00186132919 0.0252260063 -0.00700000022 0 0 -1
0.00186132919 0.0247739945 -0.00700000022 0 0 -1
0.00175315549 0.0243351161 -0.00700000022 0 0 -1
0.00154309475 0.0239348784 -0.00700000022 0 0 -1
0.00124335499 0.023596542 -0.00700000022 0 0 -1
0.000871355936 0.0233397707 -0.00700000022 0 0 -1
0.000448716863 0.0231794845 -0.00700000022 0 0 -1
0.0193354767 -0.0158063918 -0.00700000022 0 0 -1
0.0176776703 -0.0201776698 -0.00700000022 0 0 -1
0.0170793813 -0.0201050248 -0.00700000022 0 0 -1
0.0165158622 -0.0198913105 -0.00700000022 0 0 -1
0.0160198621 -0.019548947 -0.00700000022 0 0 -1
0.0156202102 -0.0190978311 -0.00700000022 0 0 -1
0.0153401289 -0.0185641814 -0.00700000022 0 0 -1
0.0151958978 -0.0179790109 -0.00700000022 0 0 -1
0.0151958978 -0.0173763279 -0.00700000022 0 0 -1
0.0153401289 -0.0167911574 -0.00700000022 0 0 -1
0.0156202102 -0.0162575077 -0.00700000022 0 0 -1
0.0160198621 -0.0158063918 -0.00700000022 0 0 -1
0.0165158622 -0.0154640293 -0.00700000022 0 0 -1
0.0170793813 -0.015250315 -0.00700000022 0 0 -1
0.0176776703 -0.0151776699 -0.00700000022 0 0 -1
0.0182759594 -0.015250315 -0.00700000022 0 0 -1
0.0188394766 -0.0154640293 -0.00700000022 0 0 -1
0.0197351296 -0.0162575077 -0.00700000022 0 0 -1
0.0200152099 -0.0167911574 -0.00700000022 0 0 -1
0.020159442 -0.0173763279 -0.00700000022 0 0 -1
0.020159442 -0.0179790109 -0.00700000022 0 0 -1
0.0200152099 -0.0185641814 -0.00700000022 0 0 -1
0.0197351296 -0.0190978311 -0.00700000022 0 0 -1
0.0193354767 -0.019548947 -0.00700000022 0 0 -1
0.0188394766 -0.0198913105 -0.00700000022 0 0 -1
0.0182759594 -0.0201050248 -0.00700000022 0 0 -1
0.0193354767 0.019548947 -0.00700000022 0 0 -1
0.0176776703 0.0151776699 -0.00700000022 0 0 -1
0.0170793813 0.015250315 -0.00700000022 0 0 -1
0.0165158622 0.0154640293 -0.00700000022 0 0 -1
0.0160198621 0.0158063918 -0.00700000022 0 0 -1
0.0156202102 0.0162575077 -0.00700000022 0 0 -1
0.0153401289 0.0167911574 -0.00700000022 0 0 -1
0.0151958978 0.0173763279 -0.00700000022 0 0 -1
0.0151958978 0.0179790109 -0.00700000022 0 0 -1
0.0153401289 0.0185641814 -0.00700000022 0 0 -1
0.0156202102 0.0190978311 -0.00700000022 0 0 -1
0.0160198621 0.019548947 -0.00700000022 0 0 -1
0.0165158622 0.0198913105 -0.00700000022 0 0 -1
0.0170793813 0.0201050248 -0.00700000022 0 0 -1
0.0176776703 0.0201776698 -0.00700000022 0 0 -1
0.0182759594 0.0201050248 -0.00700000022 0 0 -1
0.0188394766 0.0198913105 -0.00700000022 0 0 -1
0.0197351296 0.0190978311 -0.00700000022 0 0 -1
0.0200152099 0.0185641814 -0.00700000022 0 0 -1
0.020159442 0.0179790109 -0.00700000022 0 0 -1
0.020159442 0.0173763279 -0.00700000022 0 0 -1
0.0200152099 0.0167911574 -0.00700000022 0 0 -1
0.0197351296 0.0162575077 -0.00700000022 0 0 -1
0.0193354767 0.0158063918 -0.00700000022 0 0 -1
0.0188394766 0.0154640293 -0.00700000022 0 0 -1
0.0182759594 0.015250315 -0.00700000022 0 0 -1
-0.0160198621 0.019548947 -0.00700000022 0 0 -1
-0.0176776703 0.0151776699 -0.00700000022 0 0 -1
-0.0182759594 0.015250315 -0.00700000022 0 0 -1
-0.0188394766 0.0154640293 -0.00700000022 0 0 -1
-0.0193354767 0.0158063918 -0.00700000022 0 0 -1
-0.0197351296 0.0162575077 -0.00700000022 0 0 -1
-0.0200152099 0.0167911574 -0.00700000022 0 0 -1
-0.020159442 0.0173763279 -0.00700000022 0 0 -1
-0.020159442 0.0179790109 -0.00700000022 0 0 -1
-0.0200152099 0.0185641814 -0.00700000022 0 0 -1
-0.0197351296 0.0190978311 -0.00700000022 0 0 -1
-0.0193354767 0.019548947 -0.00700000022 0 0 -1
-0.0188394766 0.0198913105 -0.00700000022 0 0 -1
-0.0182759594 0.0201050248 -0.00700000022 0 0 -1
-0.0176776703 0.0201776698 -0.00700000022 0 0 -1
-0.0170793813 0.0201050248 -0.00700000022 0 0 -1
-0.0165158622 0.0198913105 -0.00700000022 0 0 -1
-0.0156202102 0.0190978311 -0.00700000022 0 0 -1
-0.0153401289 0.0185641814 -0.00700000022 0 0 -1
-0.0151958978 0.0179790109 -0.00700000022 0 0 -1
-0.0151958978 0.0173763279 -0.00700000022 0 0 -1
-0.0153401289 0.0167911574 -0.00700000022 0 0 -1
-0.0156202102 0.0162575077 -0.00700000022 0 0 -1
-0.0160198621 0.0158063918 -0.00700000022 0 0 -1
-0.0165158622 0.0154640293 -0.00700000022 0 0 -1
-0.0170793813 0.015250315 -0.00700000022 0 0 -1
-0.0160198621 -0.0158063918 -0.00700000022 0 0 -1
-0.0176776703 -0.0201776698 -0.00700000022 0 0 -1
-0.0182759594 -0.0201050248 -0.00700000022 0 0 -1
-0.0188394766 -0.0198913105 -0.00700000022 0 0 -1
-0.0193354767 -0.019548947 -0.00700000022 0 0 -1
-0.0197351296 -0.0190978311 -0.00700000022 0 0 -1
-0.0200152099 -0.0185641814 -0.00700000022 0 0 -1
-0.020159442 -0.0179790109 -0.00700000022 0 0 -1
-0.020159442 -0.0173763279 -0.00700000022 0 0 -1
-0.0200152099 -0.0167911574 -0.00700000022 0 0 -1
-0.0197351296 -0.0162575077 -0.00700000022 0 0 -1
-0.0193354767 -0.0158063918 -0.00700000022 0 0 -1
-0.0188394766 -0.0154640293 -0.00700000022 0 0 -1
-0.0182759594 -0.015250315 -0.00700000022 0 0 -1
-0.0176776703 -0.0151776699 -0.00700000022 0 0 -1
-0.0170793813 -0.015250315 -0.00700000022 0 0 -1
-0.0165158622 -0.0154640293 -0.00700000022 0 0 -1
-0.0156202102 -0.0162575077 -0.00700000022 0 0 -1
-0.0153401289 -0.0167911574 -0.00700000022 0 0 -1
-0.0151958978 -0.0173763279 -0.00700000022 0 0 -1
-0.0151958978 -0.0179790109 -0.00700000022 0 0 -1
-0.0153401289 -0.0185641814 -0.00700000022 0 0 -1
-0.0156202102 -0.0190978311 -0.00700000022 0 0 -1
-0.0160198621 -0.019548947 -0.00700000022 0 0 -1
-0.0165158622 -0.0198913105 -0.00700000022 0 0 -1
-0.0170793813 -0.0201050248 -0.00700000022 0 0 -1
0.0254487172 0.00182051596 -0.0144999996 -0.199854121 -0.979825675 -3.61235531e-17
0.0250000004 0.00187499996 -0.00700000022 -0.12053667 -0.992708862 8.21548547e-19
0.0250000004 0.00187499996 -0.0144999996 -0.12053667 -0.992708862 -0
0.0254487172 0.00182051596 -0.00700000022 -0.278385669 -0.960469365 -8.9140366e-18
0.0258713551 0.0016602301 -0.0144999996 -0.428534359 -0.903525472 1.41113671e-17
0.0258713551 0.0016602301 -0.00700000022 -0.500151634 -0.865937829 -1.34299158e-17
0.0262433551 0.0014034576 -0.0144999996 -0.632309735 -0.774715722 -1.37565761e-16
0.0262433551 0.0014034576 -0.00700000022 -0.69285059 -0.721081138 -1.48277578e-16
0.0265430938 0.00106512138 -0.0144999996 -0.799337566 -0.600882232 -7.48927805e-17
0.0265430938 0.00106512138 -0.00700000022 -0.845283628 -0.534317851 3.33033072e-17
0.0267531555 0.000664884166 -0.0144999996 -0.919910789 -0.392127663 2.63326347e-17
0.0267531555 0.000664884166 -0.00700000022 -0.948591888 -0.316501945 2.4128157e-17
0.0268613286 0.000226006276 -0.0144999996 -0.987022161 -0.160584092 1.28583928e-17
0.0268613286 0.000226006276 -0.00700000022 -0.996771395 -0.0802920461 6.96422466e-18
0.0268613286 -0.000226006276 -0.0144999996 -0.996771395 0.0802920461 -7.20398296e-18
0.0268613286 -0.000226006276 -0.00700000022 -0.987022161 0.160584092 -1.30075036e-17
0.0267531555 -0.000664884166 -0.0144999996 -0.948591888 0.316501945 -2.47958407e-17
0.0267531555 -0.000664884166 -0.00700000022 -0.919910789 0.392127663 -2.66076673e-17
0.0265430938 -0.00106512138 -0.0144999996 -0.845283628 0.534317851 -3.39022985e-17
0.0265430938 -0.00106512138 -0.00700000022 -0.799337566 0.600882232 7.47599683e-17
0.0262433551 -0.0014034576 -0.0144999996 -0.69285059 0.721081138 1.47956711e-16
0.0262433551 -0.0014034576 -0.00700000022 -0.632309735 0.774715722 1.3710557e-16
0.0258713551 -0.0016602301 -0.0144999996 -0.500151634 0.865937829 1.27255136e-17
0.0258713551 -0.0016602301 -0.00700000022 -0.428534359 0.903525472 -1.45593251e-17
0.0254487172 -0.00182051596 -0.0144999996 -0.278385669 0.960469365 8.73507773e-18
0.0254487172 -0.00182051596 -0.00700000022 -0.19985415 0.979825675 3.62411947e-17
0.0250000004 -0.00187499996 -0.0144999996 -0.12053667 0.992708862 -9.75997229e-19
0.0250000004 -0.00187499996 -0.00700000022 -0.12053667 0.992708862 -0
0.0255683754 0.00230598683 -0.0149999997 -0.145585328 -0.692170441 -0.706898093
0.0250000004 0.00187499996 -0.0144999996 -0.0855435804 -0.704514861 -0.704514861
0.0250000004 0.00237499992 -0.0149999997 -0.0855435804 -0.704514861 -0.704514861
0.0254487172 0.00182051596 -0.0144999996 -0.201434731 -0.678216517 -0.706715226
0.0261037182 0.00210295804 -0.0149999997 -0.307002127 -0.637216389 -0.706898093
0.0258713551 0.0016602301 -0.0144999996 -0.357889205 -0.610302269 -0.706715226
0.0265749171 0.00177771307 -0.0149999997 -0.45057705 -0.545229614 -0.706898153
0.0262433551 0.0014034576 -0.0144999996 -0.493544489 -0.506919503 -0.706715226
0.0269545875 0.00134915381 -0.0149999997 -0.567966104 -0.421556115 -0.706898153
0.0265430938 0.00106512138 -0.0144999996 -0.600516796 -0.374076366 -0.706715226
0.0272206627 0.000842186622 -0.0149999997 -0.652347028 -0.27338323 -0.706898093
0.0267531555 0.000664884166 -0.0144999996 -0.672589183 -0.219493344 -0.706715226
0.0273576844 0.000286274619 -0.0149999997 -0.698815882 -0.109322384 -0.706898153
0.0268613286 0.000226006276 -0.0144999996 -0.705573201 -0.0521541499 -0.706715226
0.0273576844 -0.000286274619 -0.0149999997 -0.704672158 0.0610919185 -0.706898153
0.0268613286 -0.000226006276 -0.0144999996 -0.697551787 0.118216075 -0.706715286
0.0272206627 -0.000842186622 -0.0149999997 -0.669575393 0.227955788 -0.706898153
0.0267531555 -0.000664884166 -0.0144999996 -0.648991287 0.281715959 -0.706715226
0.0269545875 -0.00134915381 -0.0149999997 -0.595565379 0.381571651 -0.706898093
0.0265430938 -0.00106512138 -0.0144999996 -0.562713683 0.428843617 -0.706715226
0.0265749171 -0.00177771307 -0.0149999997 -0.486943245 0.513011992 -0.706898153
0.0262433551 -0.0014034576 -0.0144999996 -0.443733245 0.551048398 -0.706715226
0.0261037182 -0.00210295804 -0.0149999997 -0.35002172 0.614637971 -0.706898093
0.0258713551 -0.0016602301 -0.0144999996 -0.298964649 0.641228259 -0.706715226
0.0255683754 -0.00230598683 -0.0149999997 -0.192758247 0.680543363 -0.706898093
0.0254487172 -0.00182051596 -0.0144999996 -0.136821344 0.694142282 -0.706715226
0.0250000004 -0.00237499992 -0.0149999997 -0.0855435804 0.704514861 -0.704514861
0.0250000004 -0.00187499996 -0.0144999996 -0.0855435953 0.704514802 -0.704514802
0.0244316254 -0.00230598683 -0.0149999997 0.145585328 0.692170441 -0.706898093
0.0250000004 -0.00187499996 -0.0144999996 0.0855435804 0.704514861 -0.704514861
0.0250000004 -0.00237499992 -0.0149999997 0.0855435804 0.704514861 -0.704514861
0.0245512836 -0.00182051596 -0.0144999996 0.201434731 0.678216517 -0.706715226
0.0238962825 -0.00210295804 -0.0149999997 0.307002127 0.637216389 -0.706898093
0.0241286438 -0.0016602301 -0.0144999996 0.357889205 0.610302269 -0.706715226
0.0234250836 -0.00177771307 -0.0149999997 0.45057705 0.545229614 -0.706898153
0.0237566456 -0.0014034576 -0.0144999996 0.493544489 0.506919503 -0.706715226
0.0230454132 -0.00134915381 -0.0149999997 0.567966104 0.421556115 -0.706898153
0.023456905 -0.00106512138 -0.0144999996 0.600516796 0.374076366 -0.706715226
0.0227793362 -0.000842186622 -0.0149999997 0.652347028 0.27338323 -0.706898093
0.0232468452 -0.000664884166 -0.0144999996 0.672589183 0.219493344 -0.706715226
0.0226423163 -0.000286274619 -0.0149999997 0.698815882 0.109322384 -0.706898153
0.0231386703 -0.000226006276 -0.0144999996 0.705573201 0.0521541499 -0.706715226
0.0226423163 0.000286274619 -0.0149999997 0.704672158 -0.0610919185 -0.706898153
0.0231386703 0.000226006276 -0.0144999996 0.697551787 -0.118216075 -0.706715286
0.0227793362 0.000842186622 -0.0149999997 0.669575393 -0.227955788 -0.706898153
0.0232468452 0.000664884166 -0.0144999996 0.648991287 -0.281715959 -0.706715226
0.0230454132 0.00134915381 -0.0149999997 0.595565379 -0.381571651 -0.706898093
0.023456905 0.00106512138 -0.0144999996 0.562713683 -0.428843617 -0.706715226
0.0234250836 0.00177771307 -0.0149999997 0.486943245 -0.513011992 -0.706898153
0.0237566456 0.0014034576 -0.0144999996 0.443733245 -0.551048398 -0.706715226
0.0238962825 0.00210295804 -0.0149999997 0.35002172 -0.614637971 -0.706898093
0.0241286438 0.0016602301 -0.0144999996 0.298964649 -0.641228259 -0.706715226
0.0244316254 0.00230598683 -0.0149999997 0.192758247 -0.680543363 -0.706898093
0.0245512836 0.00182051596 -0.0144999996 0.136821344 -0.694142282 -0.706715226
0.0250000004 0.00237499992 -0.0149999997 0.0855435804 -0.704514861 -0.704514861
0.0250000004 0.00187499996 -0.0144999996 0.0855435953 -0.704514802 -0.704514802
0.0245512836 -0.00182051596 -0.0144999996 0.199854121 0.979825675 -3.61235531e-17
0.0250000004 -0.00187499996 -0.00700000022 0.12053667 0.992708862 8.21548547e-19
0.0250000004 -0.00187499996 -0.0144999996 0.12053667 0.992708862 -0
0.0245512836 -0.00182051596 -0.00700000022 0.278385669 0.960469365 -8.9140366e-18
0.0241286438 -0.0016602301 -0.0144999996 0.428534359 0.903525472 1.41113671e-17
0.0241286438 -0.0016602301 -0.00700000022 0.500151634 0.865937829 -1.34299158e-17
0.0237566456 -0.0014034576 -0.0144999996 0.632309735 0.774715722 -1.37565761e-16
0.0237566456 -0.0014034576 -0.00700000022 0.69285059 0.721081138 -1.48277578e-16
0.023456905 -0.00106512138 -0.0144999996 0.799337566 0.600882232 -7.48927805e-17
0.023456905 -0.00106512138 -0.00700000022 0.845283628 0.534317851 3.33033072e-17
0.0232468452 -0.000664884166 -0.0144999996 0.919910789 0.392127663 2.63326347e-17
0.0232468452 -0.000664884166 -0.00700000022 0.948591888 0.316501945 2.4128157e-17
0.0231386703 -0.000226006276 -0.0144999996 0.987022161 0.160584092 1.28583928e-17
0.0231386703 -0.000226006276 -0.00700000022 0.996771395 0.0802920461 6.96422466e-18
0.0231386703 0.000226006276 -0.0144999996 0.996771395 -0.0802920461 -7.20398296e-18
0.0231386703 0.000226006276 -0.00700000022 0.987022161 -0.160584092 -1.30075036e-17
0.0232468452 0.000664884166 -0.0144999996 0.948591888 -0.316501945 -2.47958407e-17
0.0232468452 0.000664884166 -0.00700000022 0.919910789 -0.392127663 -2.66076673e-17
0.023456905 0.00106512138 -0.0144999996 0.845283628 -0.534317851 -3.39022985e-17
0.023456905 0.00106512138 -0.00700000022 0.799337566 -0.600882232 7.47599683e-17
0.0237566456 0.0014034576 -0.0144999996 0.69285059 -0.721081138 1.47956711e-16
0.0237566456 0.0014034576 -0.00700000022 0.632309735 -0.774715722 1.3710557e-16
0.0241286438 0.0016602301 -0.0144999996 0.500151634 -0.865937829 1.27255136e-17
0.0241286438 0.0016602301 -0.00700000022 0.428534359 -0.903525472 -1.45593251e-17
0.0245512836 0.00182051596 -0.0144999996 0.278385669 -0.960469365 8.73507773e-18
0.0245512836 0.00182051596 -0.00700000022 0.19985415 -0.979825675 3.62411947e-17
0.0250000004 0.00187499996 -0.0144999996 0.12053667 -0.992708862 -9.75997229e-19
0.0250000004 0.00187499996 -0.00700000022 0.12053667 -0.992708862 -0
-0.0245512836 0.00182051596 -0.0144999996 -0.199854121 -0.979825675 -3.61235531e-17
-0.0250000004 0.00187499996 -0.00700000022 -0.12053667 -0.992708862 8.21548547e-19
-0.0250000004 0.00187499996 -0.0144999996 -0.12053667 -0.992708862 -0
-0.0245512836 0.00182051596 -0.00700000022 -0.278385669 -0.960469365 -8.9140366e-18
-0.0241286438 0.0016602301 -0.0144999996 -0.428534359 -0.903525472 1.41113671e-17
-0.0241286438 0.0016602301 -0.00700000022 -0.500151634 -0.865937829 -1.34299158e-17
-0.0237566456 0.0014034576 -0.0144999996 -0.632309735 -0.774715722 -1.37565761e-16
-0.0237566456 0.0014034576 -0.00700000022 -0.69285059 -0.721081138 -1.48277578e-16
-0.023456905 0.00106512138 -0.0144999996 -0.799337566 -0.600882232 -7.48927805e-17
-0.023456905 0.00106512138 -0.00700000022 -0.845283628 -0.534317851 3.33033072e-17
-0.0232468452 0.000664884166 -0.0144999996 -0.919910789 -0.392127663 2.63326347e-17
-0.0232468452 0.000664884166 -0.00700000022 -0.948591888 -0.316501945 2.4128157e-17
-0.0231386703 0.000226006276 -0.0144999996 -0.987022161 -0.160584092 1.28583928e-17
-0.0231386703 0.000226006276 -0.00700000022 -0.996771395 -0.0802920461 6.96422466e-18
-0.0231386703 -0.000226006276 -0.0144999996 -0.996771395 0.0802920461 -7.20398296e-18
-0.0231386703 -0.000226006276 -0.00700000022 -0.987022161 0.160584092 -1.30075036e-17
-0.0232468452 -0.000664884166 -0.0144999996 -0.948591888 0.316501945 -2.47958407e-17
-0.0232468452 -0.000664884166 -0.00700000022 -0.919910789 0.392127663 -2.66076673e-17
-0.023456905 -0.00106512138 -0.0144999996 -0.845283628 0.534317851 -3.39022985e-17
-0.023456905 -0.00106512138 -0.00700000022 -0.799337566 0.600882232 7.47599683e-17
-0.0237566456 -0.0014034576 -0.0144999996 -0.69285059 0.721081138 1.47956711e-16
-0.0237566456 -0.0014034576 -0.00700000022 -0.632309735 0.774715722 1.3710557e-16
-0.0241286438 -0.0016602301 -0.0144999996 -0.500151634 0.865937829 1.27255136e-17
-0.0241286438 -0.0016602301 -0.00700000022 -0.428534359 0.903525472 -1.45593251e-17
-0.0245512836 -0.00182051596 -0.0144999996 -0.278385669 0.960469365 8.73507773e-18
-0.0245512836 -0.00182051596 -0.00700000022 -0.19985415 0.979825675 3.62411947e-17
-0.0250000004 -0.00187499996 -0.0144999996 -0.12053667 0.992708862 -9.75997229e-19
-0.0250000004 -0.00187499996 -0.00700000022 -0.12053667 0.992708862 -0
-0.0244316254 0.00230598683 -0.0149999997 -0.145585328 -0.692170441 -0.706898093
-0.0250000004 0.00187499996 -0.0144999996 -0.0855435804 -0.704514861 -0.704514861
-0.0250000004 0.00237499992 -0.0149999997 -0.0855435804 -0.704514861 -0.704514861
-0.0245512836 0.00182051596 -0.0144999996 -0.201434731 -0.678216517 -0.706715226
-0.0238962825 0.00210295804 -0.0149999997 -0.307002127 -0.637216389 -0.706898093
-0.0241286438 0.0016602301 -0.0144999996 -0.357889205 -0.610302269 -0.706715226
-0.0234250836 0.00177771307 -0.0149999997 -0.45057705 -0.545229614 -0.706898153
-0.0237566456 0.0014034576 -0.0144999996 -0.493544489 -0.506919503 -0.706715226
-0.0230454132 0.00134915381 -0.0149999997 -0.567966104 -0.421556115 -0.706898153
-0.023456905 0.00106512138 -0.0144999996 -0.600516796 -0.374076366 -0.706715226
-0.0227793362 0.000842186622 -0.0149999997 -0.652347028 -0.27338323 -0.706898093
-0.0232468452 0.000664884166 -0.0144999996 -0.672589183 -0.219493344 -0.706715226
-0.0226423163 0.000286274619 -0.0149999997 -0.698815882 -0.109322384 -0.706898153
-0.0231386703 0.000226006276 -0.0144999996 -0.705573201 -0.0521541499 -0.706715226
-0.0226423163 -0.000286274619 -0.0149999997 -0.704672158 0.0610919185 -0.706898153
-0.0231386703 -0.000226006276 -0.0144999996 -0.697551787 0.118216075 -0.706715286
-0.0227793362 -0.000842186622 -0.0149999997 -0.669575393 0.227955788 -0.706898153
-0.0232468452 -0.000664884166 -0.0144999996 -0.648991287 0.281715959 -0.706715226
-0.0230454132 -0.00134915381 -0.0149999997 -0.595565379 0.381571651 -0.706898093
-0.023456905 -0.00106512138 -0.0144999996 -0.562713683 0.428843617 -0.706715226
-0.0234250836 -0.00177771307 -0.0149999997 -0.486943245 0.513011992 -0.706898153
-0.0237566456 -0.0014034576 -0.0144999996 -0.443733245 0.551048398 -0.706715226
-0.0238962825 -0.00210295804 -0.0149999997 -0.35002172 0.614637971 -0.706898093
-0.0241286438 -0.0016602301 -0.0144999996 -0.298964649 0.641228259 -0.706715226
-0.0244316254 -0.00230598683 -0.0149999997 -0.192758247 0.680543363 -0.706898093
-0.0245512836 -0.00182051596 -0.0144999996 -0.136821344 0.694142282 -0.706715226
-0.0250000004 -0.00237499992 -0.0149999997 -0.0855435804 0.704514861 -0.704514861
-0.0250000004 -0.00187499996 -0.0144999996 -0.0855435953 0.704514802 -0.704514802
-0.0255683754 -0.00230598683 -0.0149999997 0.145585328 0.692170441 -0.706898093
-0.0250000004 -0.00187499996 -0.0144999996 0.0855435804 0.704514861 -0.704514861
-0.0250000004 -0.00237499992 -0.0149999997 0.0855435804 0.704514861 -0.704514861
-0.0254487172 -0.00182051596 -0.0144999996 0.201434731 0.678216517 -0.706715226
-0.0261037182 -0.00210295804 -0.0149999997 0.307002127 0.637216389 -0.706898093
-0.0258713551 -0.0016602301 -0.0144999996 0.357889205 0.610302269 -0.706715226
-0.0265749171 -0.00177771307 -0.0149999997 0.45057705 0.545229614 -0.706898153
-0.0262433551 -0.0014034576 -0.0144999996 0.493544489 0.506919503 -0.706715226
-0.0269545875 -0.00134915381 -0.0149999997 0.567966104 0.421556115 -0.706898153
-0.0265430938 -0.00106512138 -0.0144999996 0.600516796 0.374076366 -0.706715226
-0.0272206627 -0.000842186622 -0.0149999997 0.652347028 0.27338323 -0.706898093
-0.0267531555 -0.000664884166 -0.0144999996 0.672589183 0.219493344 -0.706715226
-0.0273576844 -0.000286274619 -0.0149999997 0.698815882 0.109322384 -0.706898153
-0.0268613286 -0.000226006276 -0.0144999996 0.705573201 0.0521541499 -0.706715226
-0.0273576844 0.000286274619 -0.0149999997 0.704672158 -0.0610919185 -0.706898153
-0.0268613286 0.000226006276 -0.0144999996 0.697551787 -0.118216075 -0.706715286
-0.0272206627 0.000842186622 -0.0149999997 0.669575393 -0.227955788 -0.706898153
-0.0267531555 0.000664884166 -0.0144999996 0.648991287 -0.281715959 -0.706715226
-0.0269545875 0.00134915381 -0.0149999997 0.595565379 -0.381571651 -0.706898093
-0.0265430938 0.00106512138 -0.0144999996 0.562713683 -0.428843617 -0.706715226
-0.0265749171 0.00177771307 -0.0149999997 0.486943245 -0.513011992 -0.706898153
-0.0262433551 0.0014034576 -0.0144999996 0.443733245 -0.551048398 -0.706715226
-0.0261037182 0.00210295804 -0.0149999997 0.35002172 -0.614637971 -0.706898093
-0.0258713551 0.0016602301 -0.0144999996 0.298964649 -0.641228259 -0.706715226
-0.0255683754 0.00230598683 -0.0149999997 0.192758247 -0.680543363 -0.706898093
-0.0254487172 0.00182051596 -0.0144999996 0.136821344 -0.694142282 -0.706715226
-0.0250000004 0.00237499992 -0.0149999997 0.0855435804 -0.704514861 -0.704514861
-0.0250000004 0.00187499996 -0.0144999996 0.0855435953 -0.704514802 -0.704514802
-0.0254487172 -0.00182051596 -0.0144999996 0.199854121 0.979825675 -3.61235531e-17
-0.0250000004 -0.00187499996 -0.00700000022 0.12053667 0.992708862 8.21548547e-19
-0.0250000004 -0.00187499996 -0.0144999996 0.12053667 0.992708862 -0
-0.0254487172 -0.00182051596 -0.00700000022 0.278385669 0.960469365 -8.9140366e-18
-0.0258713551 -0.0016602301 -0.0144999996 0.428534359 0.903525472 1.41113671e-17
-0.0258713551 -0.0016602301 -0.00700000022 0.500151634 0.865937829 -1.34299158e-17
-0.0262433551 -0.0014034576 -0.0144999996 0.632309735 0.774715722 -1.37565761e-16
-0.0262433551 -0.0014034576 -0.00700000022 0.69285059 0.721081138 -1.48277578e-16
-0.0265430938 -0.00106512138 -0.0144999996 0.799337566 0.600882232 -7.48927805e-17
-0.0265430938 -0.00106512138 -0.00700000022 0.845283628 0.534317851 3.33033072e-17
-0.0267531555 -0.000664884166 -0.0144999996 0.919910789 0.392127663 2.63326347e-17
-0.0267531555 -0.000664884166 -0.00700000022 0.948591888 0.316501945 2.4128157e-17
-0.0268613286 -0.000226006276 -0.0144999996 0.987022161 0.160584092 1.28583928e-17
-0.0268613286 -0.000226006276 -0.00700000022 0.996771395 0.0802920461 6.96422466e-18
-0.0268613286 0.000226006276 -0.0144999996 0.996771395 -0.0802920461 -7.20398296e-18
-0.0268613286 0.000226006276 -0.00700000022 0.987022161 -0.160584092 -1.30075036e-17
-0.0267531555 0.000664884166 -0.0144999996 0.948591888 -0.316501945 -2.47958407e-17
-0.0267531555 0.000664884166 -0.00700000022 0.919910789 -0.392127663 -2.66076673e-17
-0.0265430938 0.00106512138 -0.0144999996 0.845283628 -0.534317851 -3.39022985e-17
-0.0265430938 0.00106512138 -0.00700000022 0.799337566 -0.600882232 7.47599683e-17
-0.0262433551 0.0014034576 -0.0144999996 0.69285059 -0.721081138 1.47956711e-16
-0.0262433551 0.0014034576 -0.00700000022 0.632309735 -0.774715722 1.3710557e-16
-0.0258713551 0.0016602301 -0.0144999996 0.500151634 -0.865937829 1.27255136e-17
-0.0258713551 0.0016602301 -0.00700000022 0.428534359 -0.903525472 -1.45593251e-17
-0.0254487172 0.00182051596 -0.0144999996 0.278385669 -0.960469365 8.73507773e-18
-0.0254487172 0.00182051596 -0.00700000022 0.19985415 -0.979825675 3.62411947e-17
-0.0250000004 0.00187499996 -0.0144999996 0.12053667 -0.992708862 -9.75997229e-19
-0.0250000004 0.00187499996 -0.00700000022 0.12053667 -0.992708862 -0
0.000448716863 -0.0231794845 -0.0144999996 -0.199854121 -0.979825675 -3.17612771e-17
0 -0.0231250003 -0.00700000022 -0.12053667 -0.992708862 -1.21973712e-17
0 -0.0231250003 -0.0144999996 -0.12053667 -0.992708862 -0
0.000448716863 -0.0231794845 -0.00700000022 -0.278385669 -0.960469365 -4.72400863e-17
0.000871355936 -0.0233397707 -0.0144999996 -0.428534359 -0.903525472 -6.39419679e-17
0.000871355936 -0.0233397707 -0.00700000022 -0.500151634 -0.865937829 -5.13859684e-17
0.00124335499 -0.023596542 -0.0144999996 -0.632309735 -0.774715722 -5.03151335e-17
0.00124335499 -0.023596542 -0.00700000022 -0.69285059 -0.721081138 -3.26893407e-17
0.00154309475 -0.0239348784 -0.0144999996 -0.799337566 -0.600882232 -2.95275553e-17
0.00154309475 -0.0239348784 -0.00700000022 -0.845283628 -0.534317851 -2.37086855e-17
0.00175315549 -0.0243351161 -0.0144999996 -0.919910789 -0.392127663 -2.62715971e-17
0.00175315549 -0.0243351161 -0.00700000022 -0.948591888 -0.316501945 -1.84127096e-17
0.00186132919 -0.0247739945 -0.0144999996 -0.987022161 -0.160584092 -9.82361267e-18
0.00186132919 -0.0247739945 -0.00700000022 -0.996771395 -0.0802920461 -0
0.00186132919 -0.0252260063 -0.0144999996 -0.996771395 0.0802920461 -0
0.00186132919 -0.0252260063 -0.00700000022 -0.987022161 0.160584092 9.41832312e-18
0.00175315549 -0.0256648846 -0.0144999996 -0.948591888 0.316501945 1.72772139e-17
0.00175315549 -0.0256648846 -0.00700000022 -0.919910789 0.392127663 2.586631e-17
0.00154309475 -0.0260651205 -0.0144999996 -0.845283628 0.534317851 2.2997062e-17
0.00154309475 -0.0260651205 -0.00700000022 -0.799337566 0.600882232 2.965957e-17
0.00124335499 -0.0264034569 -0.0144999996 -0.69285059 0.721081138 3.15489928e-17
0.00124335499 -0.0264034569 -0.00700000022 -0.632309735 0.774715722 4.97964449e-17
0.000871355936 -0.02666023 -0.0144999996 -0.500151634 0.865937829 5.09928194e-17
0.000871355936 -0.02666023 -0.00700000022 -0.428534359 0.903525472 6.45924495e-17
0.000448716863 -0.0268205162 -0.0144999996 -0.278385669 0.960469365 4.7982279e-17
0.000448716863 -0.0268205162 -0.00700000022 -0.19985415 0.979825675 3.22644974e-17
0 -0.0268750004 -0.0144999996 -0.12053667 0.992708862 1.21999644e-17
0 -0.0268750004 -0.00700000022 -0.12053667 0.992708862 -0
0.0005683747 -0.022694014 -0.0149999997 -0.145585328 -0.692170441 -0.706898093
0 -0.0231250003 -0.0144999996 -0.0855435804 -0.704514861 -0.704514861
0 -0.0226249993 -0.0149999997 -0.0855435804 -0.704514861 -0.704514861
0.000448716863 -0.0231794845 -0.0144999996 -0.201434731 -0.678216517 -0.706715226
0.00110371748 -0.0228970423 -0.0149999997 -0.307002127 -0.637216389 -0.706898093
0.000871355936 -0.0233397707 -0.0144999996 -0.357889205 -0.610302269 -0.706715226
0.0015749163 -0.0232222863 -0.0149999997 -0.45057705 -0.545229614 -0.706898153
0.00124335499 -0.023596542 -0.0144999996 -0.493544489 -0.506919503 -0.706715226
0.00195458671 -0.0236508455 -0.0149999997 -0.567966104 -0.421556115 -0.706898153
0.00154309475 -0.0239348784 -0.0144999996 -0.600516796 -0.374076366 -0.706715226
0.00222066347 -0.0241578128 -0.0149999997 -0.652347028 -0.27338323 -0.706898093
0.00175315549 -0.0243351161 -0.0144999996 -0.672589183 -0.219493344 -0.706715226
0.00235768361 -0.0247137249 -0.0149999997 -0.698815882 -0.109322384 -0.706898153
0.00186132919 -0.0247739945 -0.0144999996 -0.705573201 -0.0521541499 -0.706715226
0.00235768361 -0.025286274 -0.0149999997 -0.704672158 0.0610919185 -0.706898153
0.00186132919 -0.0252260063 -0.0144999996 -0.697551787 0.118216075 -0.706715286
0.00222066347 -0.0258421861 -0.0149999997 -0.669575393 0.227955788 -0.706898153
0.00175315549 -0.0256648846 -0.0144999996 -0.648991287 0.281715959 -0.706715226
0.00195458671 -0.0263491534 -0.0149999997 -0.595565379 0.381571651 -0.706898093
0.00154309475 -0.0260651205 -0.0144999996 -0.562713683 0.428843617 -0.706715226
0.0015749163 -0.0267777126 -0.0149999997 -0.486943245 0.513011992 -0.706898153
0.00124335499 -0.0264034569 -0.0144999996 -0.443733245 0.551048398 -0.706715226
0.00110371748 -0.0271029584 -0.0149999997 -0.35002172 0.614637971 -0.706898093
0.000871355936 -0.02666023 -0.0144999996 -0.298964649 0.641228259 -0.706715226
0.0005683747 -0.0273059867 -0.0149999997 -0.192758247 0.680543363 -0.706898093
0.000448716863 -0.0268205162 -0.0144999996 -0.136821344 0.694142282 -0.706715226
0 -0.0273749996 -0.0149999997 -0.0855435804 0.704514861 -0.704514861
0 -0.0268750004 -0.0144999996 -0.0855435953 0.704514802 -0.704514802
-0.0005683747 -0.0273059867 -0.0149999997 0.145585328 0.692170441 -0.706898093
0 -0.0268750004 -0.0144999996 0.0855435804 0.704514861 -0.704514861
0 -0.0273749996 -0.0149999997 0.0855435804 0.704514861 -0.704514861
-0.000448716863 -0.0268205162 -0.0144999996 0.201434731 0.678216517 -0.706715226
-0.00110371748 -0.0271029584 -0.0149999997 0.307002127 0.637216389 -0.706898093
-0.000871355936 -0.02666023 -0.0144999996 0.357889205 0.610302269 -0.706715226
-0.0015749163 -0.0267777126 -0.0149999997 0.45057705 0.545229614 -0.706898153
-0.00124335499 -0.0264034569 -0.0144999996 0.493544489 0.506919503 -0.706715226
-0.00195458671 -0.0263491534 -0.0149999997 0.567966104 0.421556115 -0.706898153
-0.00154309475 -0.0260651205 -0.0144999996 0.600516796 0.374076366 -0.706715226
-0.00222066347 -0.0258421861 -0.0149999997 0.652347028 0.27338323 -0.706898093
-0.00175315549 -0.0256648846 -0.0144999996 0.672589183 0.219493344 -0.706715226
-0.00235768361 -0.025286274 -0.0149999997 0.698815882 0.109322384 -0.706898153
-0.00186132919 -0.0252260063 -0.0144999996 0.705573201 0.0521541499 -0.706715226
-0.00235768361 -0.0247137249 -0.0149999997 0.704672158 -0.0610919185 -0.706898153
-0.00186132919 -0.0247739945 -0.0144999996 0.697551787 -0.118216075 -0.706715286
-0.00222066347 -0.0241578128 -0.0149999997 0.669575393 -0.227955788 -0.706898153
-0.00175315549 -0.0243351161 -0.0144999996 0.648991287 -0.281715959 -0.706715226
-0.00195458671 -0.0236508455 -0.0149999997 0.595565379 -0.381571651 -0.706898093
-0.00154309475 -0.0239348784 -0.0144999996 0.562713683 -0.428843617 -0.706715226
-0.0015749163 -0.0232222863 -0.0149999997 0.486943245 -0.513011992 -0.706898153
-0.00124335499 -0.023596542 -0.0144999996 0.443733245 -0.551048398 -0.706715226
-0.00110371748 -0.0228970423 -0.0149999997 0.35002172 -0.614637971 -0.706898093
-0.000871355936 -0.0233397707 -0.0144999996 0.298964649 -0.641228259 -0.706715226
-0.0005683747 -0.022694014 -0.0149999997 0.192758247 -0.680543363 -0.706898093
-0.000448716863 -0.0231794845 -0.0144999996 0.136821344 -0.694142282 -0.706715226
0 -0.0226249993 -0.0149999997 0.0855435804 -0.704514861 -0.704514861
0 -0.0231250003 -0.0144999996 0.0855435953 -0.704514802 -0.704514802
-0.000448716863 -0.0268205162 -0.0144999996 0.199854121 0.979825675 -3.17612771e-17
0 -0.0268750004 -0.00700000022 0.12053667 0.992708862 -1.21973712e-17
0 -0.0268750004 -0.0144999996 0.12053667 0.992708862 -0
-0.000448716863 -0.0268205162 -0.00700000022 0.278385669 0.960469365 -4.72400863e-17
-0.000871355936 -0.02666023 -0.0144999996 0.428534359 0.903525472 -6.39419679e-17
-0.000871355936 -0.02666023 -0.00700000022 0.500151634 0.865937829 -5.13859684e-17
-0.00124335499 -0.0264034569 -0.0144999996 0.632309735 0.774715722 -5.03151335e-17
-0.00124335499 -0.0264034569 -0.00700000022 0.69285059 0.721081138 -3.26893407e-17
-0.00154309475 -0.0260651205 -0.0144999996 0.799337566 0.600882232 -2.95275553e-17
-0.00154309475 -0.0260651205 -0.00700000022 0.845283628 0.534317851 -2.37086855e-17
-0.00175315549 -0.0256648846 -0.0144999996 0.919910789 0.392127663 -2.62715971e-17
-0.00175315549 -0.0256648846 -0.00700000022 0.948591888 0.316501945 -1.84127096e-17
-0.00186132919 -0.0252260063 -0.0144999996 0.987022161 0.160584092 -9.82361267e-18
-0.00186132919 -0.0252260063 -0.00700000022 0.996771395 0.0802920461 -0
-0.00186132919 -0.0247739945 -0.0144999996 0.996771395 -0.0802920461 -0
-0.00186132919 -0.0247739945 -0.00700000022 0.987022161 -0.160584092 9.41832312e-18
-0.00175315549 -0.0243351161 -0.0144999996 0.948591888 -0.316501945 1.72772139e-17
-0.00175315549 -0.0243351161 -0.00700000022 0.919910789 -0.392127663 2.586631e-17
-0.00154309475 -0.0239348784 -0.0144999996 0.845283628 -0.534317851 2.2997062e-17
-0.00154309475 -0.0239348784 -0.00700000022 0.799337566 -0.600882232 2.965957e-17
-0.00124335499 -0.023596542 -0.0144999996 0.69285059 -0.721081138 3.15489928e-17
-0.00124335499 -0.023596542 -0.00700000022 0.632309735 -0.774715722 4.97964449e-17
-0.000871355936 -0.0233397707 -0.0144999996 0.500151634 -0.865937829 5.09928194e-17
-0.000871355936 -0.0233397707 -0.00700000022 0.428534359 -0.903525472 6.45924495e-17
-0.000448716863 -0.0231794845 -0.0144999996 0.278385669 -0.960469365 4.7982279e-17
-0.000448716863 -0.0231794845 -0.00700000022 0.19985415 -0.979825675 3.22644974e-17
0 -0.0231250003 -0.0144999996 0.12053667 -0.992708862 1.21999644e-17
0 -0.0231250003 -0.00700000022 0.12053667 -0.992708862 -0
0.000448716863 0.0268205162 -0.0144999996 -0.199854121 -0.979825675 -3.17612771e-17
0 0.0268750004 -0.00700000022 -0.12053667 -0.992708862 -1.21973712e-17
0 0.0268750004 -0.0144999996 -0.12053667 -0.992708862 -0
0.000448716863 0.0268205162 -0.00700000022 -0.278385669 -0.960469365 -4.72400863e-17
0.000871355936 0.02666023 -0.0144999996 -0.428534359 -0.903525472 -6.39419679e-17
0.000871355936 0.02666023 -0.00700000022 -0.500151634 -0.865937829 -5.13859684e-17
0.00124335499 0.0264034569 -0.0144999996 -0.632309735 -0.774715722 -5.03151335e-17
0.00124335499 0.0264034569 -0.00700000022 -0.69285059 -0.721081138 -3.26893407e-17
0.00154309475 0.0260651205 -0.0144999996 -0.799337566 -0.600882232 -2.95275553e-17
0.00154309475 0.0260651205 -0.00700000022 -0.845283628 -0.534317851 -2.37086855e-17
0.00175315549 0.0256648846 -0.0144999996 -0.919910789 -0.392127663 -2.62715971e-17
0.00175315549 0.0256648846 -0.00700000022 -0.948591888 -0.316501945 -1.84127096e-17
0.00186132919 0.0252260063 -0.0144999996 -0.987022161 -0.160584092 -9.82361267e-18
0.00186132919 0.0252260063 -0.00700000022 -0.996771395 -0.0802920461 -0
0.00186132919 0.0247739945 -0.0144999996 -0.996771395 0.0802920461 -0
0.00186132919 0.0247739945 -0.00700000022 -0.987022161 0.160584092 9.41832312e-18
0.00175315549 0.0243351161 -0.0144999996 -0.948591888 0.316501945 1.72772139e-17
0.00175315549 0.0243351161 -0.00700000022 -0.919910789 0.392127663 2.586631e-17
0.00154309475 0.0239348784 -0.0144999996 -0.845283628 0.534317851 2.2997062e-17
0.00154309475 0.0239348784 -0.00700000022 -0.799337566 0.600882232 2.965957e-17
0.00124335499 0.023596542 -0.0144999996 -0.69285059 0.721081138 3.15489928e-17
0.00124335499 0.023596542 -0.00700000022 -0.632309735 0.774715722 4.97964449e-17
0.000871355936 0.0233397707 -0.0144999996 -0.500151634 0.865937829 5.09928194e-17
0.000871355936 0.0233397707 -0.00700000022 -0.428534359 0.903525472 6.45924495e-17
0.000448716863 0.0231794845 -0.0144999996 -0.278385669 0.960469365 4.7982279e-17
0.000448716863 0.0231794845 -0.00700000022 -0.19985415 0.979825675 3.22644974e-17
0 0.0231250003 -0.0144999996 -0.12053667 0.992708862 1.21999644e-17
0 0.0231250003 -0.00700000022 -0.12053667 0.992708862 -0
0.0005683747 0.0273059867 -0.0149999997 -0.145585328 -0.692170441 -0.706898093
0 0.0268750004 -0.0144999996 -0.0855435804 -0.704514861 -0.704514861
0 0.0273749996 -0.0149999997 -0.0855435804 -0.704514861 -0.704514861
0.000448716863 0.0268205162 -0.0144999996 -0.201434731 -0.678216517 -0.706715226
0.00110371748 0.0271029584 -0.0149999997 -0.307002127 -0.637216389 -0.706898093
0.000871355936 0.02666023 -0.0144999996 -0.357889205 -0.610302269 -0.706715226
0.0015749163 0.0267777126 -0.0149999997 -0.45057705 -0.545229614 -0.706898153
0.00124335499 0.0264034569 -0.0144999996 -0.493544489 -0.506919503 -0.706715226
0.00195458671 0.0263491534 -0.0149999997 -0.567966104 -0.421556115 -0.706898153
0.00154309475 0.0260651205 -0.0144999996 -0.600516796 -0.374076366 -0.706715226
0.00222066347 0.0258421861 -0.0149999997 -0.652347028 -0.27338323 -0.706898093
0.00175315549 0.0256648846 -0.0144999996 -0.672589183 -0.219493344 -0.706715226
0.00235768361 0.025286274 -0.0149999997 -0.698815882 -0.109322384 -0.706898153
0.00186132919 0.0252260063 -0.0144999996 -0.705573201 -0.0521541499 -0.706715226
0.00235768361 0.0247137249 -0.0149999997 -0.704672158 0.0610919185 -0.706898153
0.00186132919 0.0247739945 -0.0144999996 -0.697551787 0.118216075 -0.706715286
0.00222066347 0.0241578128 -0.0149999997 -0.669575393 0.227955788 -0.706898153
0.00175315549 0.0243351161 -0.0144999996 -0.648991287 0.281715959 -0.706715226
0.00195458671 0.0236508455 -0.0149999997 -0.595565379 0.381571651 -0.706898093
0.00154309475 0.0239348784 -0.0144999996 -0.562713683 0.428843617 -0.706715226
0.0015749163 0.0232222863 -0.0149999997 -0.486943245 0.513011992 -0.706898153
0.00124335499 0.023596542 -0.0144999996 -0.443733245 0.551048398 -0.706715226
0.00110371748 0.0228970423 -0.0149999997 -0.35002172 0.614637971 -0.706898093
0.000871355936 0.0233397707 -0.0144999996 -0.298964649 0.641228259 -0.706715226
0.0005683747 0.022694014 -0.0149999997 -0.192758247 0.680543363 -0.706898093
0.000448716863 0.0231794845 -0.0144999996 -0.136821344 0.694142282 -0.706715226
0 0.0226249993 -0.0149999997 -0.0855435804 0.704514861 -0.704514861
0 0.0231250003 -0.0144999996 -0.0855435953 0.704514802 -0.704514802
-0.0005683747 0.022694014 -0.0149999997 0.145585328 0.692170441 -0.706898093
0 0.0231250003 -0.0144999996 0.0855435804 0.704514861 -0.704514861
0 0.0226249993 -0.0149999997 0.0855435804 0.704514861 -0.704514861
-0.000448716863 0.0231794845 -0.0144999996 0.201434731 0.678216517 -0.706715226
-0.00110371748 0.0228970423 -0.0149999997 0.307002127 0.637216389 -0.706898093
-0.000871355936 0.0233397707 -0.0144999996 0.357889205 0.610302269 -0.706715226
-0.0015749163 0.0232222863 -0.0149999997 0.45057705 0.545229614 -0.706898153
-0.00124335499 0.023596542 -0.0144999996 0.493544489 0.506919503 -0.706715226
-0.00195458671 0.0236508455 -0.0149999997 0.567966104 0.421556115 -0.706898153
-0.00154309475 0.0239348784 -0.0144999996 0.600516796 0.374076366 -0.706715226
-0.00222066347 0.0241578128 -0.0149999997 0.652347028 0.27338323 -0.706898093
-0.00175315549 0.0243351161 -0.0144999996 0.672589183 0.219493344 -0.706715226
-0.00235768361 0.0247137249 -0.0149999997 0.698815882 0.109322384 -0.706898153
-0.00186132919 0.0247739945 -0.0144999996 0.705573201 0.0521541499 -0.706715226
-0.00235768361 0.025286274 -0.0149999997 0.704672158 -0.0610919185 -0.706898153
-0.00186132919 0.0252260063 -0.0144999996 0.697551787 -0.118216075 -0.706715286
-0.00222066347 0.0258421861 -0.0149999997 0.669575393 -0.227955788 -0.706898153
-0.00175315549 0.0256648846 -0.0144999996 0.648991287 -0.281715959 -0.706715226
-0.00195458671 0.0263491534 -0.0149999997 0.595565379 -0.381571651 -0.706898093
-0.00154309475 0.0260651205 -0.0144999996 0.562713683 -0.428843617 -0.706715226
-0.0015749163 0.0267777126 -0.0149999997 0.486943245 -0.513011992 -0.706898153
-0.00124335499 0.0264034569 -0.0144999996 0.443733245 -0.551048398 -0.706715226
-0.00110371748 0.0271029584 -0.0149999997 0.35002172 -0.614637971 -0.706898093
-0.000871355936 0.02666023 -0.0144999996 0.298964649 -0.641228259 -0.706715226
-0.0005683747 0.0273059867 -0.0149999997 0.192758247 -0.680543363 -0.706898093
-0.000448716863 0.0268205162 -0.0144999996 0.136821344 -0.694142282 -0.706715226
0 0.0273749996 -0.0149999997 0.0855435804 -0.704514861 -0.704514861
0 0.0268750004 -0.0144999996 0.0855435953 -0.704514802 -0.704514802
-0.000448716863 0.0231794845 -0.0144999996 0.199854121 0.979825675 -3.17612771e-17
0 0.0231250003 -0.00700000022 0.12053667 0.992708862 -1.21973712e-17
0 0.0231250003 -0.0144999996 0.12053667 0.992708862 -0
-0.000448716863 0.0231794845 -0.00700000022 0.278385669 0.960469365 -4.72400863e-17
-0.000871355936 0.0233397707 -0.0144999996 0.428534359 0.903525472 -6.39419679e-17
-0.000871355936 0.0233397707 -0.00700000022 0.500151634 0.865937829 -5.13859684e-17
-0.00124335499 0.023596542 -0.0144999996 0.632309735 0.774715722 -5.03151335e-17
-0.00124335499 0.023596542 -0.00700000022 0.69285059 0.721081138 -3.26893407e-17
-0.00154309475 0.0239348784 -0.0144999996 0.799337566 0.600882232 -2.95275553e-17
-0.00154309475 0.0239348784 -0.00700000022 0.845283628 0.534317851 -2.37086855e-17
-0.00175315549 0.0243351161 -0.0144999996 0.919910789 0.392127663 -2.62715971e-17
-0.00175315549 0.0243351161 -0.00700000022 0.948591888 0.316501945 -1.84127096e-17
-0.00186132919 0.0247739945 -0.0144999996 0.987022161 0.160584092 -9.82361267e-18
-0.00186132919 0.0247739945 -0.00700000022 0.996771395 0.0802920461 -0
-0.00186132919 0.0252260063 -0.0144999996 0.996771395 -0.0802920461 -0
-0.00186132919 0.0252260063 -0.00700000022 0.987022161 -0.160584092 9.41832312e-18
-0.00175315549 0.0256648846 -0.0144999996 0.948591888 -0.316501945 1.72772139e-17
-0.00175315549 0.0256648846 -0.00700000022 0.919910789 -0.392127663 2.586631e-17
-0.00154309475 0.0260651205 -0.0144999996 0.845283628 -0.534317851 2.2997062e-17
-0.00154309475 0.0260651205 -0.00700000022 0.799337566 -0.600882232 2.965957e-17
-0.00124335499 0.0264034569 -0.0144999996 0.69285059 -0.721081138 3.15489928e-17
-0.00124335499 0.0264034569 -0.00700000022 0.632309735 -0.774715722 4.97964449e-17
-0.000871355936 0.02666023 -0.0144999996 0.500151634 -0.865937829 5.09928194e-17
-0.000871355936 0.02666023 -0.00700000022 0.428534359 -0.903525472 6.45924495e-17
-0.000448716863 0.0268205162 -0.0144999996 0.278385669 -0.960469365 4.7982279e-17
-0.000448716863 0.0268205162 -0.00700000022 0.19985415 -0.979825675 3.22644974e-17
0 0.0268750004 -0.0144999996 0.12053667 -0.992708862 1.21999644e-17
0 0.0268750004 -0.00700000022 0.12053667 -0.992708862 -0
0.0182759594 -0.015250315 -0.0144999996 -0.19985415 -0.979825675 -0
0.0176776703 -0.0151776699 -0.00700000022 -0.120536685 -0.992708862 -0
0.0176776703 -0.0151776699 -0.0144999996 -0.120536685 -0.992708862 -0
0.0182759594 -0.015250315 -0.00700000022 -0.278385609 -0.960469365 -5.50357738e-17
0.0188394766 -0.0154640293 -0.0144999996 -0.428534329 -0.903525472 -1.43448285e-16
0.0188394766 -0.0154640293 -0.00700000022 -0.500151575 -0.865937889 -1.43448285e-16
0.0193354767 -0.0158063918 -0.0144999996 -0.632309735 -0.774715722 -8.84125182e-17
0.0193354767 -0.0158063918 -0.00700000022 -0.692850649 -0.721081138 -0
0.0197351296 -0.0162575077 -0.0144999996 -0.799337566 -0.600882232 -0
0.0197351296 -0.0162575077 -0.00700000022 -0.845283628 -0.534317851 -0
0.0200152099 -0.0167911574 -0.0144999996 -0.919910789 -0.392127663 -0
0.0200152099 -0.0167911574 -0.00700000022 -0.948591888 -0.316501915 -0
0.020159442 -0.0173763279 -0.0144999996 -0.987022161 -0.160584092 -0
0.020159442 -0.0173763279 -0.00700000022 -0.996771395 -0.0802920535 -0
0.020159442 -0.0179790109 -0.0144999996 -0.996771395 0.0802920535 -0
0.020159442 -0.0179790109 -0.00700000022 -0.987022161 0.160584092 -0
0.0200152099 -0.0185641814 -0.0144999996 -0.948591888 0.316501915 -0
0.0200152099 -0.0185641814 -0.00700000022 -0.919910789 0.392127693 -0
0.0197351296 -0.0190978311 -0.0144999996 -0.845283628 0.534317851 -0
0.0197351296 -0.0190978311 -0.00700000022 -0.799337566 0.600882232 -0
0.0193354767 -0.019548947 -0.0144999996 -0.69285059 0.721081197 -0
0.0193354767 -0.019548947 -0.00700000022 -0.632309735 0.774715722 8.81654162e-17
0.0188394766 -0.0198913105 -0.0144999996 -0.500151575 0.865937889 1.43177632e-16
0.0188394766 -0.0198913105 -0.00700000022 -0.428534329 0.903525472 1.43177632e-16
0.0182759594 -0.0201050248 -0.0144999996 -0.278385609 0.960469365 5.5012229e-17
0.0182759594 -0.0201050248 -0.00700000022 -0.19985415 0.979825675 -0
0.0176776703 -0.0201776698 -0.0144999996 -0.120536685 0.992708862 -0
0.0176776703 -0.0201776698 -0.00700000022 -0.120536685 0.992708862 -0
0.0183956157 -0.0147648444 -0.0149999997 -0.144656956 -0.692382157 -0.706881404
0.0176776703 -0.0151776699 -0.0144999996 -0.0855435878 -0.704514861 -0.704514861
0.0176776703 -0.0146776699 -0.0149999997 -0.0855435878 -0.704514802 -0.704514802
0.0182759594 -0.015250315 -0.0144999996 -0.200379208 -0.678502738 -0.706740558
0.0190718397 -0.0150213018 -0.0149999997 -0.30615139 -0.637644112 -0.706881404
0.0188394766 -0.0154640293 -0.0144999996 -0.356932849 -0.61083287 -0.706740499
0.0196670368 -0.0154321371 -0.0149999997 -0.44985339 -0.545848489 -0.706881404
0.0193354767 -0.0158063918 -0.0144999996 -0.492742926 -0.507663488 -0.706740499
0.0201466214 -0.0159734748 -0.0149999997 -0.567411602 -0.422330111 -0.706881404
0.0197351296 -0.0162575077 -0.0144999996 -0.599916577 -0.374990612 -0.706740558
0.0204827189 -0.0166138541 -0.0149999997 -0.651993811 -0.274267524 -0.706881404
0.0200152099 -0.0167911574 -0.0144999996 -0.672225177 -0.220524684 -0.706740558
0.0206557959 -0.0173160601 -0.0149999997 -0.698684633 -0.110265471 -0.706881404
0.020159442 -0.0173763279 -0.0144999996 -0.705466568 -0.0532426015 -0.706740558
0.0206557959 -0.0180392787 -0.0149999997 -0.704770386 0.0601448044 -0.706881404
0.020159442 -0.0179790109 -0.0144999996 -0.697708786 0.117133722 -0.706740558
0.0204827189 -0.0187414847 -0.0149999997 -0.669897437 0.227059677 -0.706881404
0.0200152099 -0.0185641814 -0.0144999996 -0.649402678 0.28070268 -0.706740558
0.0201466214 -0.019381864 -0.0149999997 -0.596092463 0.3807787 -0.706881404
0.0197351296 -0.0190978311 -0.0144999996 -0.563355684 0.427958161 -0.706740499
0.0196670368 -0.0199232027 -0.0149999997 -0.487644821 0.512368202 -0.706881404
0.0193354767 -0.019548947 -0.0144999996 -0.444568485 0.550342321 -0.706740558
0.0190718397 -0.020334037 -0.0149999997 -0.35085699 0.614180744 -0.706881404
0.0188394766 -0.0198913105 -0.0144999996 -0.299944609 0.6407426 -0.706740558
0.0183956157 -0.0205904953 -0.0149999997 -0.193678647 0.680299342 -0.706881404
0.0182759594 -0.0201050248 -0.0144999996 -0.137889013 0.693905175 -0.706740558
0.0176776703 -0.020677669 -0.0149999997 -0.0855435878 0.704514861 -0.704514861
0.0176776703 -0.0201776698 -0.0144999996 -0.0855435804 0.704514861 -0.704514861
0.0169597231 -0.0205904953 -0.0149999997 0.144656956 0.692382157 -0.706881404
0.0176776703 -0.0201776698 -0.0144999996 0.0855435878 0.704514861 -0.704514861
0.0176776703 -0.020677669 -0.0149999997 0.0855435878 0.704514802 -0.704514802
0.0170793813 -0.0201050248 -0.0144999996 0.200379208 0.678502738 -0.706740558
0.0162835009 -0.020334037 -0.0149999997 0.30615139 0.637644112 -0.706881404
0.0165158622 -0.0198913105 -0.0144999996 0.356932849 0.61083287 -0.706740499
0.015688302 -0.0199232027 -0.0149999997 0.44985339 0.545848489 -0.706881404
0.0160198621 -0.019548947 -0.0144999996 0.492742926 0.507663488 -0.706740499
0.0152087184 -0.019381864 -0.0149999997 0.567411602 0.422330111 -0.706881404
0.0156202102 -0.0190978311 -0.0144999996 0.599916577 0.374990612 -0.706740558
0.0148726208 -0.0187414847 -0.0149999997 0.651993811 0.274267524 -0.706881404
0.0153401289 -0.0185641814 -0.0144999996 0.672225177 0.220524684 -0.706740558
0.0146995429 -0.0180392787 -0.0149999997 0.698684633 0.110265471 -0.706881404
0.0151958978 -0.0179790109 -0.0144999996 0.705466568 0.0532426015 -0.706740558
0.0146995429 -0.0173160601 -0.0149999997 0.704770386 -0.0601448044 -0.706881404
0.0151958978 -0.0173763279 -0.0144999996 0.697708786 -0.117133722 -0.706740558
0.0148726208 -0.0166138541 -0.0149999997 0.669897437 -0.227059677 -0.706881404
0.0153401289 -0.0167911574 -0.0144999996 0.649402678 -0.28070268 -0.706740558
0.0152087184 -0.0159734748 -0.0149999997 0.596092463 -0.3807787 -0.706881404
0.0156202102 -0.0162575077 -0.0144999996 0.563355684 -0.427958161 -0.706740499
0.015688302 -0.0154321371 -0.0149999997 0.487644821 -0.512368202 -0.706881404
0.0160198621 -0.0158063918 -0.0144999996 0.444568485 -0.550342321 -0.706740558
0.0162835009 -0.0150213018 -0.0149999997 0.35085699 -0.614180744 -0.706881404
0.0165158622 -0.0154640293 -0.0144999996 0.299944609 -0.6407426 -0.706740558
0.0169597231 -0.0147648444 -0.0149999997 0.193678647 -0.680299342 -0.706881404
0.0170793813 -0.015250315 -0.0144999996 0.137889013 -0.693905175 -0.706740558
0.0176776703 -0.0146776699 -0.0149999997 0.0855435878 -0.704514861 -0.704514861
0.0176776703 -0.0151776699 -0.0144999996 0.0855435804 -0.704514861 -0.704514861
0.0170793813 -0.0201050248 -0.0144999996 0.19985415 0.979825675 -0
0.0176776703 -0.0201776698 -0.00700000022 0.120536685 0.992708862 -0
0.0176776703 -0.0201776698 -0.0144999996 0.120536685 0.992708862 -0
0.0170793813 -0.0201050248 -0.00700000022 0.278385609 0.960469365 -5.50357738e-17
0.0165158622 -0.0198913105 -0.0144999996 0.428534329 0.903525472 -1.43448285e-16
0.0165158622 -0.0198913105 -0.00700000022 0.500151575 0.865937889 -1.43448285e-16
0.0160198621 -0.019548947 -0.0144999996 0.632309735 0.774715722 -8.84125182e-17
0.0160198621 -0.019548947 -0.00700000022 0.692850649 0.721081138 -0
0.0156202102 -0.0190978311 -0.0144999996 0.799337566 0.600882232 -0
0.0156202102 -0.0190978311 -0.00700000022 0.845283628 0.534317851 -0
0.0153401289 -0.0185641814 -0.0144999996 0.919910789 0.392127663 -0
0.0153401289 -0.0185641814 -0.00700000022 0.948591888 0.316501915 -0
0.0151958978 -0.0179790109 -0.0144999996 0.987022161 0.160584092 -0
0.0151958978 -0.0179790109 -0.00700000022 0.996771395 0.0802920535 -0
0.0151958978 -0.0173763279 -0.0144999996 0.996771395 -0.0802920535 -0
0.0151958978 -0.0173763279 -0.00700000022 0.987022161 -0.160584092 -0
0.0153401289 -0.0167911574 -0.0144999996 0.948591888 -0.316501915 -0
0.0153401289 -0.0167911574 -0.00700000022 0.919910789 -0.392127693 -0
0.0156202102 -0.0162575077 -0.0144999996 0.845283628 -0.534317851 -0
0.0156202102 -0.0162575077 -0.00700000022 0.799337566 -0.600882232 -0
0.0160198621 -0.0158063918 -0.0144999996 0.69285059 -0.721081197 -0
0.0160198621 -0.0158063918 -0.00700000022 0.632309735 -0.774715722 8.81654162e-17
0.0165158622 -0.0154640293 -0.0144999996 0.500151575 -0.865937889 1.43177632e-16
0.0165158622 -0.0154640293 -0.00700000022 0.428534329 -0.903525472 1.43177632e-16
0.0170793813 -0.015250315 -0.0144999996 0.278385609 -0.960469365 5.5012229e-17
0.0170793813 -0.015250315 -0.00700000022 0.19985415 -0.979825675 -0
0.0176776703 -0.0151776699 -0.0144999996 0.120536685 -0.992708862 -0
0.0176776703 -0.0151776699 -0.00700000022 0.120536685 -0.992708862 -0
0.0182759594 0.0201050248 -0.0144999996 -0.19985415 -0.979825675 -0
0.0176776703 0.0201776698 -0.00700000022 -0.120536685 -0.992708862 -0
0.0176776703 0.0201776698 -0.0144999996 -0.120536685 -0.992708862 -0
0.0182759594 0.0201050248 -0.00700000022 -0.278385609 -0.960469365 -5.50357738e-17
0.0188394766 0.0198913105 -0.0144999996 -0.428534329 -0.903525472 -1.43448285e-16
0.0188394766 0.0198913105 -0.00700000022 -0.500151575 -0.865937889 -1.43448285e-16
0.0193354767 0.019548947 -0.0144999996 -0.632309735 -0.774715722 -8.84125182e-17
0.0193354767 0.019548947 -0.00700000022 -0.692850649 -0.721081138 -0
0.0197351296 0.0190978311 -0.0144999996 -0.799337566 -0.600882232 -0
0.0197351296 0.0190978311 -0.00700000022 -0.845283628 -0.534317851 -0
0.0200152099 0.0185641814 -0.0144999996 -0.919910789 -0.392127663 -0
0.0200152099 0.0185641814 -0.00700000022 -0.948591888 -0.316501915 -0
0.020159442 0.0179790109 -0.0144999996 -0.987022161 -0.160584092 -0
0.020159442 0.0179790109 -0.00700000022 -0.996771395 -0.0802920535 -0
0.020159442 0.0173763279 -0.0144999996 -0.996771395 0.0802920535 -0
0.020159442 0.0173763279 -0.00700000022 -0.987022161 0.160584092 -0
0.0200152099 0.0167911574 -0.0144999996 -0.948591888 0.316501915 -0
0.0200152099 0.0167911574 -0.00700000022 -0.919910789 0.392127693 -0
0.0197351296 0.0162575077 -0.0144999996 -0.845283628 0.534317851 -0
0.0197351296 0.0162575077 -0.00700000022 -0.799337566 0.600882232 -0
0.0193354767 0.0158063918 -0.0144999996 -0.69285059 0.721081197 -0
0.0193354767 0.0158063918 -0.00700000022 -0.632309735 0.774715722 8.81654162e-17
0.0188394766 0.0154640293 -0.0144999996 -0.500151575 0.865937889 1.43177632e-16
0.0188394766 0.0154640293 -0.00700000022 -0.428534329 0.903525472 1.43177632e-16
0.0182759594 0.015250315 -0.0144999996 -0.278385609 0.960469365 5.5012229e-17
0.0182759594 0.015250315 -0.00700000022 -0.19985415 0.979825675 -0
0.0176776703 0.0151776699 -0.0144999996 -0.120536685 0.992708862 -0
0.0176776703 0.0151776699 -0.00700000022 -0.120536685 0.992708862 -0
0.0183956157 0.0205904953 -0.0149999997 -0.144656956 -0.692382157 -0.706881404
0.0176776703 0.0201776698 -0.0144999996 -0.0855435878 -0.704514861 -0.704514861
0.0176776703 0.020677669 -0.0149999997 -0.0855435878 -0.704514802 -0.704514802
0.0182759594 0.0201050248 -0.0144999996 -0.200379208 -0.678502738 -0.706740558
0.0190718397 0.020334037 -0.0149999997 -0.30615139 -0.637644112 -0.706881404
0.0188394766 0.0198913105 -0.0144999996 -0.356932849 -0.61083287 -0.706740499
0.0196670368 0.0199232027 -0.0149999997 -0.44985339 -0.545848489 -0.706881404
0.0193354767 0.019548947 -0.0144999996 -0.492742926 -0.507663488 -0.706740499
0.0201466214 0.019381864 -0.0149999997 -0.567411602 -0.422330111 -0.706881404
0.0197351296 0.0190978311 -0.0144999996 -0.599916577 -0.374990612 -0.706740558
0.0204827189 0.0187414847 -0.0149999997 -0.651993811 -0.274267524 -0.706881404
0.0200152099 0.0185641814 -0.0144999996 -0.672225177 -0.220524684 -0.706740558
0.0206557959 0.0180392787 -0.0149999997 -0.698684633 -0.110265471 -0.706881404
0.020159442 0.0179790109 -0.0144999996 -0.705466568 -0.0532426015 -0.706740558
0.0206557959 0.0173160601 -0.0149999997 -0.704770386 0.0601448044 -0.706881404
0.020159442 0.0173763279 -0.0144999996 -0.697708786 0.117133722 -0.706740558
0.0204827189 0.0166138541 -0.0149999997 -0.669897437 0.227059677 -0.706881404
0.0200152099 0.0167911574 -0.0144999996 -0.649402678 0.28070268 -0.706740558
0.0201466214 0.0159734748 -0.0149999997 -0.596092463 0.3807787 -0.706881404
0.0197351296 0.0162575077 -0.0144999996 -0.563355684 0.427958161 -0.706740499
0.0196670368 0.0154321371 -0.0149999997 -0.487644821 0.512368202 -0.706881404
0.0193354767 0.0158063918 -0.0144999996 -0.444568485 0.550342321 -0.706740558
0.0190718397 0.0150213018 -0.0149999997 -0.35085699 0.614180744 -0.706881404
0.0188394766 0.0154640293 -0.0144999996 -0.299944609 0.6407426 -0.706740558
0.0183956157 0.0147648444 -0.0149999997 -0.193678647 0.680299342 -0.706881404
0.0182759594 0.015250315 -0.0144999996 -0.137889013 0.693905175 -0.706740558
0.0176776703 0.0146776699 -0.0149999997 -0.0855435878 0.704514861 -0.704514861
0.0176776703 0.0151776699 -0.0144999996 -0.0855435804 0.704514861 -0.704514861
0.0169597231 0.0147648444 -0.0149999997 0.144656956 0.692382157 -0.706881404
0.0176776703 0.0151776699 -0.0144999996 0.0855435878 0.704514861 -0.704514861
0.0176776703 0.0146776699 -0.0149999997 0.0855435878 0.704514802 -0.704514802
0.0170793813 0.015250315 -0.0144999996 0.200379208 0.678502738 -0.706740558
0.0162835009 0.0150213018 -0.0149999997 0.30615139 0.637644112 -0.706881404
0.0165158622 0.0154640293 -0.0144999996 0.356932849 0.61083287 -0.706740499
0.015688302 0.0154321371 -0.0149999997 0.44985339 0.545848489 -0.706881404
0.0160198621 0.0158063918 -0.0144999996 0.492742926 0.507663488 -0.706740499
0.0152087184 0.0159734748 -0.0149999997 0.567411602 0.422330111 -0.706881404
0.0156202102 0.0162575077 -0.0144999996 0.599916577 0.374990612 -0.706740558
0.0148726208 0.0166138541 -0.0149999997 0.651993811 0.274267524 -0.706881404
0.0153401289 0.0167911574 -0.0144999996 0.672225177 0.220524684 -0.706740558
0.0146995429 0.0173160601 -0.0149999997 0.698684633 0.110265471 -0.706881404
0.0151958978 0.0173763279 -0.0144999996 0.705466568 0.0532426015 -0.706740558
0.0146995429 0.0180392787 -0.0149999997 0.704770386 -0.0601448044 -0.706881404
0.0151958978 0.0179790109 -0.0144999996 0.697708786 -0.117133722 -0.706740558
0.0148726208 0.0187414847 -0.0149999997 0.669897437 -0.227059677 -0.706881404
0.0153401289 0.0185641814 -0.0144999996 0.649402678 -0.28070268 -0.706740558
0.0152087184 0.019381864 -0.0149999997 0.596092463 -0.3807787 -0.706881404
0.0156202102 0.0190978311 -0.0144999996 0.563355684 -0.427958161 -0.706740499
0.015688302 0.0199232027 -0.0149999997 0.487644821 -0.512368202 -0.706881404
0.0160198621 0.019548947 -0.0144999996 0.444568485 -0.550342321 -0.706740558
0.0162835009 0.020334037 -0.0149999997 0.35085699 -0.614180744 -0.706881404
0.0165158622 0.0198913105 -0.0144999996 0.299944609 -0.6407426 -0.706740558
0.0169597231 0.0205904953 -0.0149999997 0.193678647 -0.680299342 -0.706881404
0.0170793813 0.0201050248 -0.0144999996 0.137889013 -0.693905175 -0.706740558
0.0176776703 0.020677669 -0.0149999997 0.0855435878 -0.704514861 -0.704514861
0.0176776703 0.0201776698 -0.0144999996 0.0855435804 -0.704514861 -0.704514861
0.0170793813 0.015250315 -0.0144999996 0.19985415 0.979825675 -0
0.0176776703 0.0151776699 -0.00700000022 0.120536685 0.992708862 -0
0.0176776703 0.0151776699 -0.0144999996 0.120536685 0.992708862 -0
0.0170793813 0.015250315 -0.00700000022 0.278385609 0.960469365 -5.50357738e-17
0.0165158622 0.0154640293 -0.0144999996 0.428534329 0.903525472 -1.43448285e-16
0.0165158622 0.0154640293 -0.00700000022 0.500151575 0.865937889 -1.43448285e-16
0.0160198621 0.0158063918 -0.0144999996 0.632309735 0.774715722 -8.84125182e-17
0.0160198621 0.0158063918 -0.00700000022 0.692850649 0.721081138 -0
0.0156202102 0.0162575077 -0.0144999996 0.799337566 0.600882232 -0
0.0156202102 0.0162575077 -0.00700000022 0.845283628 0.534317851 -0
0.0153401289 0.0167911574 -0.0144999996 0.919910789 0.392127663 -0
0.0153401289 0.0167911574 -0.00700000022 0.948591888 0.316501915 -0
0.0151958978 0.0173763279 -0.0144999996 0.987022161 0.160584092 -0
0.0151958978 0.0173763279 -0.00700000022 0.996771395 0.0802920535 -0
0.0151958978 0.0179790109 -0.0144999996 0.996771395 -0.0802920535 -0
0.0151958978 0.0179790109 -0.00700000022 0.987022161 -0.160584092 -0
0.0153401289 0.0185641814 -0.0144999996 0.948591888 -0.316501915 -0
0.0153401289 0.0185641814 -0.00700000022 0.919910789 -0.392127693 -0
0.0156202102 0.0190978311 -0.0144999996 0.845283628 -0.534317851 -0
0.0156202102 0.0190978311 -0.00700000022 0.799337566 -0.600882232 -0
0.0160198621 0.019548947 -0.0144999996 0.69285059 -0.721081197 -0
0.0160198621 0.019548947 -0.00700000022 0.632309735 -0.774715722 8.81654162e-17
0.0165158622 0.0198913105 -0.0144999996 0.500151575 -0.865937889 1.43177632e-16
0.0165158622 0.0198913105 -0.00700000022 0.428534329 -0.903525472 1.43177632e-16
0.0170793813 0.0201050248 -0.0144999996 0.278385609 -0.960469365 5.5012229e-17
0.0170793813 0.0201050248 -0.00700000022 0.19985415 -0.979825675 -0
0.0176776703 0.0201776698 -0.0144999996 0.120536685 -0.992708862 -0
0.0176776703 0.0201776698 -0.00700000022 0.120536685 -0.992708862 -0
-0.0170793813 0.0201050248 -0.0144999996 -0.19985415 -0.979825675 -0
-0.0176776703 0.0201776698 -0.00700000022 -0.120536685 -0.992708862 -0
-0.0176776703 0.0201776698 -0.0144999996 -0.120536685 -0.992708862 -0
-0.0170793813 0.0201050248 -0.00700000022 -0.278385609 -0.960469365 -5.50357738e-17
-0.0165158622 0.0198913105 -0.0144999996 -0.428534329 -0.903525472 -1.43448285e-16
-0.0165158622 0.0198913105 -0.00700000022 -0.500151575 -0.865937889 -1.43448285e-16
-0.0160198621 0.019548947 -0.0144999996 -0.632309735 -0.774715722 -8.84125182e-17
-0.0160198621 0.019548947 -0.00700000022 -0.692850649 -0.721081138 -0
-0.0156202102 0.0190978311 -0.0144999996 -0.799337566 -0.600882232 -0
-0.0156202102 0.0190978311 -0.00700000022 -0.845283628 -0.534317851 -0
-0.0153401289 0.0185641814 -0.0144999996 -0.919910789 -0.392127663 -0
-0.0153401289 0.0185641814 -0.00700000022 -0.948591888 -0.316501915 -0
-0.0151958978 0.0179790109 -0.0144999996 -0.987022161 -0.160584092 -0
-0.0151958978 0.0179790109 -0.00700000022 -0.996771395 -0.0802920535 -0
-0.0151958978 0.0173763279 -0.0144999996 -0.996771395 0.0802920535 -0
-0.0151958978 0.0173763279 -0.00700000022 -0.987022161 0.160584092 -0
-0.0153401289 0.0167911574 -0.0144999996 -0.948591888 0.316501915 -0
-0.0153401289 0.0167911574 -0.00700000022 -0.919910789 0.392127693 -0
-0.0156202102 0.0162575077 -0.0144999996 -0.845283628 0.534317851 -0
-0.0156202102 0.0162575077 -0.00700000022 -0.799337566 0.600882232 -0
-0.0160198621 0.0158063918 -0.0144999996 -0.69285059 0.721081197 -0
-0.0160198621 0.0158063918 -0.00700000022 -0.632309735 0.774715722 8.81654162e-17
-0.0165158622 0.0154640293 -0.0144999996 -0.500151575 0.865937889 1.43177632e-16
-0.0165158622 0.0154640293 -0.00700000022 -0.428534329 0.903525472 1.43177632e-16
-0.0170793813 0.015250315 -0.0144999996 -0.278385609 0.960469365 5.5012229e-17
-0.0170793813 0.015250315 -0.00700000022 -0.19985415 0.979825675 -0
-0.0176776703 0.0151776699 -0.0144999996 -0.120536685 0.992708862 -0
-0.0176776703 0.0151776699 -0.00700000022 -0.120536685 0.992708862 -0
-0.0169597231 0.0205904953 -0.0149999997 -0.144656956 -0.692382157 -0.706881404
-0.0176776703 0.0201776698 -0.0144999996 -0.0855435878 -0.704514861 -0.704514861
-0.0176776703 0.020677669 -0.0149999997 -0.0855435878 -0.704514802 -0.704514802
-0.0170793813 0.0201050248 -0.0144999996 -0.200379208 -0.678502738 -0.706740558
-0.0162835009 0.020334037 -0.0149999997 -0.30615139 -0.637644112 -0.706881404
-0.0165158622 0.0198913105 -0.0144999996 -0.356932849 -0.61083287 -0.706740499
-0.015688302 0.0199232027 -0.0149999997 -0.44985339 -0.545848489 -0.706881404
-0.0160198621 0.019548947 -0.0144999996 -0.492742926 -0.507663488 -0.706740499
-0.0152087184 0.019381864 -0.0149999997 -0.567411602 -0.422330111 -0.706881404
-0.0156202102 0.0190978311 -0.0144999996 -0.599916577 -0.374990612 -0.706740558
-0.0148726208 0.0187414847 -0.0149999997 -0.651993811 -0.274267524 -0.706881404
-0.0153401289 0.0185641814 -0.0144999996 -0.672225177 -0.220524684 -0.706740558
-0.0146995429 0.0180392787 -0.0149999997 -0.698684633 -0.110265471 -0.706881404
-0.0151958978 0.0179790109 -0.0144999996 -0.705466568 -0.0532426015 -0.706740558
-0.0146995429 0.0173160601 -0.0149999997 -0.704770386 0.0601448044 -0.706881404
-0.0151958978 0.0173763279 -0.0144999996 -0.697708786 0.117133722 -0.706740558
-0.0148726208 0.0166138541 -0.0149999997 -0.669897437 0.227059677 -0.706881404
-0.0153401289 0.0167911574 -0.0144999996 -0.649402678 0.28070268 -0.706740558
-0.0152087184 0.0159734748 -0.0149999997 -0.596092463 0.3807787 -0.706881404
-0.0156202102 0.0162575077 -0.0144999996 -0.563355684 0.427958161 -0.706740499
-0.015688302 0.0154321371 -0.0149999997 -0.487644821 0.512368202 -0.706881404
-0.0160198621 0.0158063918 -0.0144999996 -0.444568485 0.550342321 -0.706740558
-0.0162835009 0.0150213018 -0.0149999997 -0.35085699 0.614180744 -0.706881404
-0.0165158622 0.0154640293 -0.0144999996 -0.299944609 0.6407426 -0.706740558
-0.0169597231 0.0147648444 -0.0149999997 -0.193678647 0.680299342 -0.706881404
-0.0170793813 0.015250315 -0.0144999996 -0.137889013 0.693905175 -0.706740558
-0.0176776703 0.0146776699 -0.0149999997 -0.0855435878 0.704514861 -0.704514861
-0.0176776703 0.0151776699 -0.0144999996 -0.0855435804 0.704514861 -0.704514861
-0.0183956157 0.0147648444 -0.0149999997 0.144656956 0.692382157 -0.706881404
-0.0176776703 0.0151776699 -0.0144999996 0.0855435878 0.704514861 -0.704514861
-0.0176776703 0.0146776699 -0.0149999997 0.0855435878 0.704514802 -0.704514802
-0.0182759594 0.015250315 -0.0144999996 0.200379208 0.678502738 -0.706740558
-0.0190718397 0.0150213018 -0.0149999997 0.30615139 0.637644112 -0.706881404
-0.0188394766 0.0154640293 -0.0144999996 0.356932849 0.61083287 -0.706740499
-0.0196670368 0.0154321371 -0.0149999997 0.44985339 0.545848489 -0.706881404
-0.0193354767 0.0158063918 -0.0144999996 0.492742926 0.507663488 -0.706740499
-0.0201466214 0.0159734748 -0.0149999997 0.567411602 0.422330111 -0.706881404
-0.0197351296 0.0162575077 -0.0144999996 0.599916577 0.374990612 -0.706740558
-0.0204827189 0.0166138541 -0.0149999997 0.651993811 0.274267524 -0.706881404
-0.0200152099 0.0167911574 -0.0144999996 0.672225177 0.220524684 -0.706740558
-0.0206557959 0.0173160601 -0.0149999997 0.698684633 0.110265471 -0.706881404
-0.020159442 0.0173763279 -0.0144999996 0.705466568 0.0532426015 -0.706740558
-0.0206557959 0.0180392787 -0.0149999997 0.704770386 -0.0601448044 -0.706881404
-0.020159442 0.0179790109 -0.0144999996 0.697708786 -0.117133722 -0.706740558
-0.0204827189 0.0187414847 -0.0149999997 0.669897437 -0.227059677 -0.706881404
-0.0200152099 0.0185641814 -0.0144999996 0.649402678 -0.28070268 -0.706740558
-0.0201466214 0.019381864 -0.0149999997 0.596092463 -0.3807787 -0.706881404
-0.0197351296 0.0190978311 -0.0144999996 0.563355684 -0.427958161 -0.706740499
-0.0196670368 0.0199232027 -0.0149999997 0.487644821 -0.512368202 -0.706881404
-0.0193354767 0.019548947 -0.0144999996 0.444568485 -0.550342321 -0.706740558
-0.0190718397 0.020334037 -0.0149999997 0.35085699 -0.614180744 -0.706881404
-0.0188394766 0.0198913105 -0.0144999996 0.299944609 -0.6407426 -0.706740558
-0.0183956157 0.0205904953 -0.0149999997 0.193678647 -0.680299342 -0.706881404
-0.0182759594 0.0201050248 -0.0144999996 0.137889013 -0.693905175 -0.706740558
-0.0176776703 0.020677669 -0.0149999997 0.0855435878 -0.704514861 -0.704514861
-0.0176776703 0.0201776698 -0.0144999996 0.0855435804 -0.704514861 -0.704514861
-0.0182759594 0.015250315 -0.0144999996 0.19985415 0.979825675 -0
-0.0176776703 0.0151776699 -0.00700000022 0.120536685 0.992708862 -0
-0.0176776703 0.0151776699 -0.0144999996 0.120536685 0.992708862 -0
-0.0182759594 0.015250315 -0.00700000022 0.278385609 0.960469365 -5.50357738e-17
-0.0188394766 0.0154640293 -0.0144999996 0.428534329 0.903525472 -1.43448285e-16
-0.0188394766 0.0154640293 -0.00700000022 0.500151575 0.865937889 -1.43448285e-16
-0.0193354767 0.0158063918 -0.0144999996 0.632309735 0.774715722 -8.84125182e-17
-0.0193354767 0.0158063918 -0.00700000022 0.692850649 0.721081138 -0
-0.0197351296 0.0162575077 -0.0144999996 0.799337566 0.600882232 -0
-0.0197351296 0.0162575077 -0.00700000022 0.845283628 0.534317851 -0
-0.0200152099 0.0167911574 -0.0144999996 0.919910789 0.392127663 -0
-0.0200152099 0.0167911574 -0.00700000022 0.948591888 0.316501915 -0
-0.020159442 0.0173763279 -0.0144999996 0.987022161 0.160584092 -0
-0.020159442 0.0173763279 -0.00700000022 0.996771395 0.0802920535 -0
-0.020159442 0.0179790109 -0.0144999996 0.996771395 -0.0802920535 -0
-0.020159442 0.0179790109 -0.00700000022 0.987022161 -0.160584092 -0
-0.0200152099 0.0185641814 -0.0144999996 0.948591888 -0.316501915 -0
-0.0200152099 0.0185641814 -0.00700000022 0.919910789 -0.392127693 -0
-0.0197351296 0.0190978311 -0.0144999996 0.845283628 -0.534317851 -0
-0.0197351296 0.0190978311 -0.00700000022 0.799337566 -0.600882232 -0
-0.0193354767 0.019548947 -0.0144999996 0.69285059 -0.721081197 -0
-0.0193354767 0.019548947 -0.00700000022 0.632309735 -0.774715722 8.81654162e-17
-0.0188394766 0.0198913105 -0.0144999996 0.500151575 -0.865937889 1.43177632e-16
-0.0188394766 0.0198913105 -0.00700000022 0.428534329 -0.903525472 1.43177632e-16
-0.0182759594 0.0201050248 -0.0144999996 0.278385609 -0.960469365 5.5012229e-17
-0.0182759594 0.0201050248 -0.00700000022 0.19985415 -0.979825675 -0
-0.0176776703 0.0201776698 -0.0144999996 0.120536685 -0.992708862 -0
-0.0176776703 0.0201776698 -0.00700000022 0.120536685 -0.992708862 -0
-0.0170793813 -0.015250315 -0.0144999996 -0.19985415 -0.979825675 -0
-0.0176776703 -0.0151776699 -0.00700000022 -0.120536685 -0.992708862 -0
-0.0176776703 -0.0151776699 -0.0144999996 -0.120536685 -0.992708862 -0
-0.0170793813 -0.015250315 -0.00700000022 -0.278385609 -0.960469365 -5.50357738e-17
-0.0165158622 -0.0154640293 -0.0144999996 -0.428534329 -0.903525472 -1.43448285e-16
-0.0165158622 -0.0154640293 -0.00700000022 -0.500151575 -0.865937889 -1.43448285e-16
-0.0160198621 -0.0158063918 -0.0144999996 -0.632309735 -0.774715722 -8.84125182e-17
-0.0160198621 -0.0158063918 -0.00700000022 -0.692850649 -0.721081138 -0
-0.0156202102 -0.0162575077 -0.0144999996 -0.799337566 -0.600882232 -0
-0.0156202102 -0.0162575077 -0.00700000022 -0.845283628 -0.534317851 -0
-0.0153401289 -0.0167911574 -0.0144999996 -0.919910789 -0.392127663 -0
-0.0153401289 -0.0167911574 -0.00700000022 -0.948591888 -0.316501915 -0
-0.0151958978 -0.0173763279 -0.0144999996 -0.987022161 -0.160584092 -0
-0.0151958978 -0.0173763279 -0.00700000022 -0.996771395 -0.0802920535 -0
-0.0151958978 -0.0179790109 -0.0144999996 -0.996771395 0.0802920535 -0
-0.0151958978 -0.0179790109 -0.00700000022 -0.987022161 0.160584092 -0
-0.0153401289 -0.0185641814 -0.0144999996 -0.948591888 0.316501915 -0
-0.0153401289 -0.0185641814 -0.00700000022 -0.919910789 0.392127693 -0
-0.0156202102 -0.0190978311 -0.0144999996 -0.845283628 0.534317851 -0
-0.0156202102 -0.0190978311 -0.00700000022 -0.799337566 0.600882232 -0
-0.0160198621 -0.019548947 -0.0144999996 -0.69285059 0.721081197 -0
-0.0160198621 -0.019548947 -0.00700000022 -0.632309735 0.774715722 8.81654162e-17
-0.0165158622 -0.0198913105 -0.0144999996 -0.500151575 0.865937889 1.43177632e-16
-0.0165158622 -0.0198913105 -0.00700000022 -0.428534329 0.903525472 1.43177632e-16
-0.0170793813 -0.0201050248 -0.0144999996 -0.278385609 0.960469365 5.5012229e-17
-0.0170793813 -0.0201050248 -0.00700000022 -0.19985415 0.979825675 -0
-0.0176776703 -0.0201776698 -0.0144999996 -0.120536685 0.992708862 -0
-0.0176776703 -0.0201776698 -0.00700000022 -0.120536685 0.992708862 -0
-0.0169597231 -0.0147648444 -0.0149999997 -0.144656956 -0.692382157 -0.706881404
-0.0176776703 -0.0151776699 -0.0144999996 -0.0855435878 -0.704514861 -0.704514861
-0.0176776703 -0.0146776699 -0.0149999997 -0.0855435878 -0.704514802 -0.704514802
-0.0170793813 -0.015250315 -0.0144999996 -0.200379208 -0.678502738 -0.706740558
-0.0162835009 -0.0150213018 -0.0149999997 -0.30615139 -0.637644112 -0.706881404
-0.0165158622 -0.0154640293 -0.0144999996 -0.356932849 -0.61083287 -0.706740499
-0.015688302 -0.0154321371 -0.0149999997 -0.44985339 -0.545848489 -0.706881404
-0.0160198621 -0.0158063918 -0.0144999996 -0.492742926 -0.507663488 -0.706740499
-0.0152087184 -0.0159734748 -0.0149999997 -0.567411602 -0.422330111 -0.706881404
-0.0156202102 -0.0162575077 -0.0144999996 -0.599916577 -0.374990612 -0.706740558
-0.0148726208 -0.0166138541 -0.0149999997 -0.651993811 -0.274267524 -0.706881404
-0.0153401289 -0.0167911574 -0.0144999996 -0.672225177 -0.220524684 -0.706740558
-0.0146995429 -0.0173160601 -0.0149999997 -0.698684633 -0.110265471 -0.706881404
-0.0151958978 -0.0173763279 -0.0144999996 -0.705466568 -0.0532426015 -0.706740558
-0.0146995429 -0.0180392787 -0.0149999997 -0.704770386 0.0601448044 -0.706881404
-0.0151958978 -0.0179790109 -0.0144999996 -0.697708786 0.117133722 -0.706740558
-0.0148726208 -0.0187414847 -0.0149999997 -0.669897437 0.227059677 -0.706881404
-0.0153401289 -0.0185641814 -0.0144999996 -0.649402678 0.28070268 -0.706740558
-0.0152087184 -0.019381864 -0.0149999997 -0.596092463 0.3807787 -0.706881404
-0.0156202102 -0.0190978311 -0.0144999996 -0.563355684 0.427958161 -0.706740499
-0.015688302 -0.0199232027 -0.0149999997 -0.487644821 0.512368202 -0.706881404
-0.0160198621 -0.019548947 -0.0144999996 -0.444568485 0.550342321 -0.706740558
-0.0162835009 -0.020334037 -0.0149999997 -0.35085699 0.614180744 -0.706881404
-0.0165158622 -0.0198913105 -0.0144999996 -0.299944609 0.6407426 -0.706740558
-0.0169597231 -0.0205904953 -0.0149999997 -0.193678647 0.680299342 -0.706881404
-0.0170793813 -0.0201050248 -0.0144999996 -0.137889013 0.693905175 -0.706740558
-0.0176776703 -0.020677669 -0.0149999997 -0.0855435878 0.704514861 -0.704514861
-0.0176776703 -0.0201776698 -0.0144999996 -0.0855435804 0.704514861 -0.704514861
-0.0183956157 -0.0205904953 -0.0149999997 0.144656956 0.692382157 -0.706881404
-0.0176776703 -0.0201776698 -0.0144999996 0.0855435878 0.704514861 -0.704514861
-0.0176776703 -0.020677669 -0.0149999997 0.0855435878 0.704514802 -0.704514802
-0.0182759594 -0.0201050248 -0.0144999996 0.200379208 0.678502738 -0.706740558
-0.0190718397 -0.020334037 -0.0149999997 0.30615139 0.637644112 -0.706881404
-0.0188394766 -0.0198913105 -0.0144999996 0.356932849 0.61083287 -0.706740499
-0.0196670368 -0.0199232027 -0.0149999997 0.44985339 0.545848489 -0.706881404
-0.0193354767 -0.019548947 -0.0144999996 0.492742926 0.507663488 -0.706740499
-0.0201466214 -0.019381864 -0.0149999997 0.567411602 0.422330111 -0.706881404
-0.0197351296 -0.0190978311 -0.0144999996 0.599916577 0.374990612 -0.706740558
-0.0204827189 -0.0187414847 -0.0149999997 0.651993811 0.274267524 -0.706881404
-0.0200152099 -0.0185641814 -0.0144999996 0.672225177 0.220524684 -0.706740558
-0.0206557959 -0.0180392787 -0.0149999997 0.698684633 0.110265471 -0.706881404
-0.020159442 -0.0179790109 -0.0144999996 0.705466568 0.0532426015 -0.706740558
-0.0206557959 -0.0173160601 -0.0149999997 0.704770386 -0.0601448044 -0.706881404
-0.020159442 -0.0173763279 -0.0144999996 0.697708786 -0.117133722 -0.706740558
-0.0204827189 -0.0166138541 -0.0149999997 0.669897437 -0.227059677 -0.706881404
-0.0200152099 -0.0167911574 -0.0144999996 0.649402678 -0.28070268 -0.706740558
-0.0201466214 -0.0159734748 -0.0149999997 0.596092463 -0.3807787 -0.706881404
-0.0197351296 -0.0162575077 -0.0144999996 0.563355684 -0.427958161 -0.706740499
-0.0196670368 -0.0154321371 -0.0149999997 0.487644821 -0.512368202 -0.706881404
-0.0193354767 -0.0158063918 -0.0144999996 0.444568485 -0.550342321 -0.706740558
-0.0190718397 -0.0150213018 -0.0149999997 0.35085699 -0.614180744 -0.706881404
-0.0188394766 -0.0154640293 -0.0144999996 0.299944609 -0.6407426 -0.706740558
-0.0183956157 -0.0147648444 -0.0149999997 0.193678647 -0.680299342 -0.706881404
-0.0182759594 -0.015250315 -0.0144999996 0.137889013 -0.693905175 -0.706740558
-0.0176776703 -0.0146776699 -0.0149999997 0.0855435878 -0.704514861 -0.704514861
-0.0176776703 -0.0151776699 -0.0144999996 0.0855435804 -0.704514861 -0.704514861
-0.0182759594 -0.0201050248 -0.0144999996 0.19985415 0.979825675 -0
-0.0176776703 -0.0201776698 -0.00700000022 0.120536685 0.992708862 -0
-0.0176776703 -0.0201776698 -0.0144999996 0.120536685 0.992708862 -0
-0.0182759594 -0.0201050248 -0.00700000022 0.278385609 0.960469365 -5.50357738e-17
-0.0188394766 -0.0198913105 -0.0144999996 0.428534329 0.903525472 -1.43448285e-16
-0.0188394766 -0.0198913105 -0.00700000022 0.500151575 0.865937889 -1.43448285e-16
-0.0193354767 -0.019548947 -0.0144999996 0.632309735 0.774715722 -8.84125182e-17
-0.0193354767 -0.019548947 -0.00700000022 0.692850649 0.721081138 -0
-0.0197351296 -0.0190978311 -0.0144999996 0.799337566 0.600882232 -0
-0.0197351296 -0.0190978311 -0.00700000022 0.845283628 0.534317851 -0
-0.0200152099 -0.0185641814 -0.0144999996 0.919910789 0.392127663 -0
-0.0200152099 -0.0185641814 -0.00700000022 0.948591888 0.316501915 -0
-0.020159442 -0.0179790109 -0.0144999996 0.987022161 0.160584092 -0
-0.020159442 -0.0179790109 -0.00700000022 0.996771395 0.0802920535 -0
-0.020159442 -0.0173763279 -0.0144999996 0.996771395 -0.0802920535 -0
-0.020159442 -0.0173763279 -0.00700000022 0.987022161 -0.160584092 -0
-0.0200152099 -0.0167911574 -0.0144999996 0.948591888 -0.316501915 -0
-0.0200152099 -0.0167911574 -0.00700000022 0.919910789 -0.392127693 -0
-0.0197351296 -0.0162575077 -0.0144999996 0.845283628 -0.534317851 -0
-0.0197351296 -0.0162575077 -0.00700000022 0.799337566 -0.600882232 -0
-0.0193354767 -0.0158063918 -0.0144999996 0.69285059 -0.721081197 -0
-0.0193354767 -0.0158063918 -0.00700000022 0.632309735 -0.774715722 8.81654162e-17
-0.0188394766 -0.0154640293 -0.0144999996 0.500151575 -0.865937889 1.43177632e-16
-0.0188394766 -0.0154640293 -0.00700000022 0.428534329 -0.903525472 1.43177632e-16
-0.0182759594 -0.015250315 -0.0144999996 0.278385609 -0.960469365 5.5012229e-17
-0.0182759594 -0.015250315 -0.00700000022 0.19985415 -0.979825675 -0
-0.0176776703 -0.0151776699 -0.0144999996 0.120536685 -0.992708862 -0
-0.0176776703 -0.0151776699 -0.00700000022 0.120536685 -0.992708862 -0
0.00469510863 -0.0167479757 -0.0149999997 -0.696250916 0.124494217 -0.706920028
0.00430000015 -0.0157500003 -0.0144999996 -0.705161989 0.0741155148 -0.705161989
0.00480000023 -0.0157500003 -0.0149999997 -0.705161989 0.0741155073 -0.705161989
0.00420603482 -0.0166440196 -0.0144999996 -0.685876727 0.172994763 -0.70685631
0.00438501826 -0.0177023355 -0.0149999997 -0.655152321 0.266532421 -0.706919968
0.00392824551 -0.0174989682 -0.0144999996 -0.634921074 0.311816245 -0.70685637
0.00388328149 -0.0185713693 -0.0149999997 -0.585420489 0.396921843 -0.706919968
0.00347877317 -0.0182774775 -0.0144999996 -0.55621624 0.437009811 -0.70685637
0.00321182702 -0.0193170942 -0.0149999997 -0.490102947 0.50996393 -0.706920028
0.00287726172 -0.0189455226 -0.0144999996 -0.453202158 0.543103933 -0.70685637
0.00240000011 -0.0199069213 -0.0149999997 -0.373365581 0.600718141 -0.706919968
0.00215000007 -0.0194739085 -0.0144999996 -0.330380917 0.625461876 -0.70685637
0.00148328161 -0.0203150716 -0.0149999997 -0.240310282 0.665218055 -0.706919968
0.0013287731 -0.0198395438 -0.0144999996 -0.193120494 0.680484056 -0.70685631
0.000501736649 -0.0205237046 -0.0149999997 -0.0967523158 0.700644791 -0.706919968
0.000449472398 -0.0200264435 -0.0144999996 -0.0474197641 0.705765903 -0.70685637
-0.000501736649 -0.0205237046 -0.0149999997 0.0510341898 0.705449939 -0.706919968
-0.000449472398 -0.0200264435 -0.0144999996 0.100353457 0.700202286 -0.70685637
-0.00148328161 -0.0203150716 -0.0149999997 0.19659026 0.679423571 -0.706919968
-0.0013287731 -0.0198395438 -0.0144999996 0.243740737 0.664036572 -0.70685637
-0.00240000011 -0.0199069213 -0.0149999997 0.333554387 0.623703122 -0.706919968
-0.00215000007 -0.0194739085 -0.0144999996 0.376475364 0.598849237 -0.70685637
-0.00321182702 -0.0193170942 -0.0149999997 0.455940634 0.54072386 -0.706919968
-0.00287726172 -0.0189455226 -0.0144999996 0.492756248 0.507489324 -0.70685631
-0.00388328149 -0.0185713693 -0.0149999997 0.558400035 0.43411234 -0.706920028
-0.00347877317 -0.0182774775 -0.0144999996 0.587501287 0.393949658 -0.70685637
-0.00438501826 -0.0177023355 -0.0149999997 0.636454642 0.308528066 -0.706919968
-0.00392824551 -0.0174989682 -0.0144999996 0.656569719 0.263192534 -0.70685631
-0.00469510863 -0.0167479757 -0.0149999997 0.686693192 0.169459626 -0.706919968
-0.00420603482 -0.0166440196 -0.0144999996 0.696942925 0.120932609 -0.70685637
-0.00480000023 -0.0157500003 -0.0149999997 0.705161989 0.0741155148 -0.705161989
-0.00430000015 -0.0157500003 -0.0144999996 0.705161989 0.0741155148 -0.705161989
-0.00469510863 -0.0147520239 -0.0149999997 0.696250916 -0.124494217 -0.706920028
-0.00430000015 -0.0157500003 -0.0144999996 0.705161989 -0.0741155148 -0.705161989
-0.00480000023 -0.0157500003 -0.0149999997 0.705161989 -0.0741155073 -0.705161989
-0.00420603482 -0.0148559799 -0.0144999996 0.685876727 -0.172994763 -0.70685631
-0.00438501826 -0.0137976641 -0.0149999997 0.655152321 -0.266532421 -0.706919968
-0.00392824551 -0.0140010323 -0.0144999996 0.634921074 -0.311816245 -0.70685637
-0.00388328149 -0.0129286312 -0.0149999997 0.585420489 -0.396921843 -0.706919968
-0.00347877317 -0.013222523 -0.0144999996 0.55621624 -0.437009811 -0.70685637
-0.00321182702 -0.0121829044 -0.0149999997 0.490102947 -0.50996393 -0.706920028
-0.00287726172 -0.012554477 -0.0144999996 0.453202158 -0.543103933 -0.70685637
-0.00240000011 -0.0115930783 -0.0149999997 0.373365581 -0.600718141 -0.706919968
-0.00215000007 -0.0120260911 -0.0144999996 0.330380917 -0.625461876 -0.70685637
-0.00148328161 -0.0111849289 -0.0149999997 0.240310282 -0.665218055 -0.706919968
-0.0013287731 -0.0116604567 -0.0144999996 0.193120494 -0.680484056 -0.70685631
-0.000501736649 -0.010976295 -0.0149999997 0.0967523158 -0.700644791 -0.706919968
-0.000449472398 -0.011473556 -0.0144999996 0.0474197641 -0.705765903 -0.70685637
0.000501736649 -0.010976295 -0.0149999997 -0.0510341898 -0.705449939 -0.706919968
0.000449472398 -0.011473556 -0.0144999996 -0.100353457 -0.700202286 -0.70685637
0.00148328161 -0.0111849289 -0.0149999997 -0.19659026 -0.679423571 -0.706919968
0.0013287731 -0.0116604567 -0.0144999996 -0.243740737 -0.664036572 -0.70685637
0.00240000011 -0.0115930783 -0.0149999997 -0.333554387 -0.623703122 -0.706919968
0.00215000007 -0.0120260911 -0.0144999996 -0.376475364 -0.598849237 -0.70685637
0.00321182702 -0.0121829044 -0.0149999997 -0.455940634 -0.54072386 -0.706919968
0.00287726172 -0.012554477 -0.0144999996 -0.492756248 -0.507489324 -0.70685631
0.00388328149 -0.0129286312 -0.0149999997 -0.558400035 -0.43411234 -0.706920028
0.00347877317 -0.013222523 -0.0144999996 -0.587501287 -0.393949658 -0.70685637
0.00438501826 -0.0137976641 -0.0149999997 -0.636454642 -0.308528066 -0.706919968
0.00392824551 -0.0140010323 -0.0144999996 -0.656569719 -0.263192534 -0.70685631
0.00469510863 -0.0147520239 -0.0149999997 -0.686693192 -0.169459626 -0.706919968
0.00420603482 -0.0148559799 -0.0144999996 -0.696942925 -0.120932609 -0.70685637
0.00480000023 -0.0157500003 -0.0149999997 -0.705161989 -0.0741155148 -0.705161989
0.00430000015 -0.0157500003 -0.0144999996 -0.705161989 -0.0741155148 -0.705161989
-0.00420603482 -0.0148559799 -0.0144999996 0.984827518 -0.173536077 4.35781875e-17
-0.00430000015 -0.0157500003 -0.00700000022 0.994521916 -0.104528464 4.54188198e-17
-0.00430000015 -0.0157500003 -0.0144999996 0.994521916 -0.104528464 -0
-0.00420603482 -0.0148559799 -0.00700000022 0.97026819 -0.242032364 4.35781875e-17
-0.00392824551 -0.0140010323 -0.0144999996 0.927226484 -0.37450102 1.31508565e-17
-0.00392824551 -0.0140010323 -0.00700000022 0.898744106 -0.438473463 1.677404e-17
-0.00347877317 -0.013222523 -0.0144999996 0.829101205 -0.559098542 3.25550694e-17
-0.00347877317 -0.013222523 -0.00700000022 0.787940681 -0.615751207 -1.9286472e-17
-0.00287726172 -0.012554477 -0.0144999996 0.694740236 -0.719260752 -9.91846266e-17
-0.00287726172 -0.012554477 -0.00700000022 0.642700374 -0.766117632 -1.26350475e-16
-0.00215000007 -0.0120260911 -0.0144999996 0.530015767 -0.847987771 -8.23994313e-17
-0.00215000007 -0.0120260911 -0.00700000022 0.469371051 -0.883001029 -2.7153403e-17
-0.0013287731 -0.0116604567 -0.0144999996 0.342127115 -0.939653695 -1.97138498e-17
-0.0013287731 -0.0116604567 -0.00700000022 0.275527924 -0.961293042 -1.53469962e-17
-0.000449472398 -0.011473556 -0.0144999996 0.139285833 -0.990252197 -7.46891733e-18
-0.000449472398 -0.011473556 -0.00700000022 0.0696429163 -0.997572005 -3.52365996e-18
0.000449472398 -0.011473556 -0.0144999996 -0.0696429163 -0.997572005 2.63017151e-18
0.000449472398 -0.011473556 -0.00700000022 -0.139285833 -0.990252197 6.65721119e-18
0.0013287731 -0.0116604567 -0.0144999996 -0.275527924 -0.961293042 1.45477263e-17
0.0013287731 -0.0116604567 -0.00700000022 -0.342127115 -0.939653695 1.97956348e-17
0.00215000007 -0.0120260911 -0.0144999996 -0.469371051 -0.883001029 2.62892789e-17
0.00215000007 -0.0120260911 -0.00700000022 -0.530015826 -0.847987771 8.10781459e-17
0.00287726172 -0.012554477 -0.0144999996 -0.642700374 -0.766117632 1.25803491e-16
0.00287726172 -0.012554477 -0.00700000022 -0.694740236 -0.719260752 1.00888837e-16
0.00347877317 -0.013222523 -0.0144999996 -0.787940681 -0.615751207 2.24284349e-17
0.00347877317 -0.013222523 -0.00700000022 -0.829101205 -0.559098542 -3.01749962e-17
0.00392824551 -0.0140010323 -0.0144999996 -0.898744106 -0.438473463 -1.57810295e-17
0.00392824551 -0.0140010323 -0.00700000022 -0.927226484 -0.37450102 -1.29006212e-17
0.00420603482 -0.0148559799 -0.0144999996 -0.97026819 -0.242032334 -4.31475936e-17
0.00420603482 -0.0148559799 -0.00700000022 -0.984827518 -0.173536077 -4.31475936e-17
0.00430000015 -0.0157500003 -0.0144999996 -0.994521916 -0.104528464 -4.5149599e-17
0.00430000015 -0.0157500003 -0.00700000022 -0.994521916 -0.104528464 -0
0.00420603482 -0.0166440196 -0.0144999996 -0.984827518 0.173536077 1.18082001e-17
0.00430000015 -0.0157500003 -0.00700000022 -0.994521916 0.104528464 3.33302866e-17
0.00430000015 -0.0157500003 -0.0144999996 -0.994521916 0.104528464 -0
0.00420603482 -0.0166440196 -0.00700000022 -0.97026819 0.242032364 -3.6074584e-17
0.00392824551 -0.0174989682 -0.0144999996 -0.927226484 0.37450102 -1.34678424e-16
0.00392824551 -0.0174989682 -0.00700000022 -0.898744106 0.438473463 -1.07383714e-16
0.00347877317 -0.0182774775 -0.0144999996 -0.829101205 0.559098542 -4.37199e-17
0.00347877317 -0.0182774775 -0.00700000022 -0.787940681 0.615751207 3.25550694e-17
0.00287726172 -0.0189455226 -0.0144999996 -0.694740236 0.719260752 1.57810295e-17
0.00287726172 -0.0189455226 -0.00700000022 -0.642700374 0.766117632 -1.13848085e-17
0.00215000007 -0.0194739085 -0.0144999996 -0.530015767 0.847987771 -1.92753216e-17
0.00215000007 -0.0194739085 -0.00700000022 -0.469371051 0.883001029 -2.7153403e-17
0.0013287731 -0.0198395438 -0.0144999996 -0.342127115 0.939653695 -1.97138498e-17
0.0013287731 -0.0198395438 -0.00700000022 -0.275527924 0.961293042 -1.53469962e-17
0.000449472398 -0.0200264435 -0.0144999996 -0.139285833 0.990252197 -7.46891733e-18
0.000449472398 -0.0200264435 -0.00700000022 -0.0696429163 0.997572005 -3.52365996e-18
-0.000449472398 -0.0200264435 -0.0144999996 0.0696429163 0.997572005 2.63017151e-18
-0.000449472398 -0.0200264435 -0.00700000022 0.139285833 0.990252197 6.65721119e-18
-0.0013287731 -0.0198395438 -0.0144999996 0.275527924 0.961293042 1.45477263e-17
-0.0013287731 -0.0198395438 -0.00700000022 0.342127115 0.939653695 1.97956348e-17
-0.00215000007 -0.0194739085 -0.0144999996 0.469371051 0.883001029 2.62892789e-17
-0.00215000007 -0.0194739085 -0.00700000022 0.530015826 0.847987771 1.8398765e-17
-0.00287726172 -0.0189455226 -0.0144999996 0.642700374 0.766117632 1.0520686e-17
-0.00287726172 -0.0189455226 -0.00700000022 0.694740236 0.719260752 -1.43939667e-17
-0.00347877317 -0.0182774775 -0.0144999996 0.787940681 0.615751207 -3.01749962e-17
-0.00347877317 -0.0182774775 -0.00700000022 0.829101205 0.559098542 4.73009734e-17
-0.00392824551 -0.0174989682 -0.0144999996 0.898744106 0.438473463 1.09038022e-16
-0.00392824551 -0.0174989682 -0.00700000022 0.927226484 0.37450102 1.35859823e-16
-0.00420603482 -0.0166440196 -0.0144999996 0.97026819 0.242032334 3.60274016e-17
-0.00420603482 -0.0166440196 -0.00700000022 0.984827518 0.173536077 -1.13156877e-17
-0.00430000015 -0.0157500003 -0.0144999996 0.994521916 0.104528464 -3.33714405e-17
-0.00430000015 -0.0157500003 -0.00700000022 0.994521916 0.104528464 -0
0.0176961273 -0.00172411895 -0.00700000022 0 0 -1
0.0192287732 -0.00252747652 -0.00700000022 0 0 -1
0.0186272617 -0.00319552282 -0.00700000022 0 0 -1
0.017226968 -0.00213975809 -0.00700000022 0 0 -1
0.0178999994 -0.00372390915 -0.00700000022 0 0 -1
0.018052185 -0.00120828021 -0.00700000022 0 0 -1
0.0196782462 -0.00174896757 -0.00700000022 0 0 -1
0.0166719723 -0.00243104226 -0.00700000022 0 0 -1
0.0170787722 -0.00408954313 -0.00700000022 0 0 -1
0.0182744488 -0.000622220745 -0.00700000022 0 0 -1
0.0199560355 -0.000894020253 -0.00700000022 0 0 -1
0.0160633959 -0.00258104317 -0.00700000022 0 0 -1
0.0161994733 -0.0042764442 -0.00700000022 0 0 -1
0.0183499996 0 -0.00700000022 0 0 -1
0.0200500004 0 -0.00700000022 0 0 -1
0.0199560355 0.000894020253 -0.00700000022 0 0 -1
0.0154366046 -0.00258104317 -0.00700000022 0 0 -1
0.0153005272 -0.0042764442 -0.00700000022 0 0 -1
0.0144212274 -0.00408954313 -0.00700000022 0 0 -1
0.0182744488 0.000622220745 -0.00700000022 0 0 -1
0.0196782462 0.00174896757 -0.00700000022 0 0 -1
0.0148280272 -0.00243104226 -0.00700000022 0 0 -1
0.0136000002 -0.00372390915 -0.00700000022 0 0 -1
0.018052185 0.00120828021 -0.00700000022 0 0 -1
0.0192287732 0.00252747652 -0.00700000022 0 0 -1
0.0142730316 -0.00213975809 -0.00700000022 0 0 -1
0.0128727388 -0.00319552282 -0.00700000022 0 0 -1
0.0176961273 0.00172411895 -0.00700000022 0 0 -1
0.0138038723 -0.00172411895 -0.00700000022 0 0 -1
0.0186272617 0.00319552282 -0.00700000022 0 0 -1
0.017226968 0.00213975809 -0.00700000022 0 0 -1
0.0122712273 -0.00252747652 -0.00700000022 0 0 -1
0.0134478146 -0.00120828021 -0.00700000022 0 0 -1
0.0178999994 0.00372390915 -0.00700000022 0 0 -1
0.0166719723 0.00243104226 -0.00700000022 0 0 -1
0.0118217543 -0.00174896757 -0.00700000022 0 0 -1
0.0132255517 -0.000622220745 -0.00700000022 0 0 -1
0.0170787722 0.00408954313 -0.00700000022 0 0 -1
0.0160633959 0.00258104317 -0.00700000022 0 0 -1
0.011543965 -0.000894020253 -0.00700000022 0 0 -1
0.01315 0 -0.00700000022 0 0 -1
0.0161994733 0.0042764442 -0.00700000022 0 0 -1
0.0114500001 0 -0.00700000022 0 0 -1
0.0153005272 0.0042764442 -0.00700000022 0 0 -1
0.0154366046 0.00258104317 -0.00700000022 0 0 -1
0.011543965 0.000894020253 -0.00700000022 0 0 -1
0.0132255517 0.000622220745 -0.00700000022 0 0 -1
0.0144212274 0.00408954313 -0.00700000022 0 0 -1
0.0148280272 0.00243104226 -0.00700000022 0 0 -1
0.0118217543 0.00174896757 -0.00700000022 0 0 -1
0.0134478146 0.00120828021 -0.00700000022 0 0 -1
0.0136000002 0.00372390915 -0.00700000022 0 0 -1
0.0142730316 0.00213975809 -0.00700000022 0 0 -1
0.0122712273 0.00252747652 -0.00700000022 0 0 -1
0.0138038723 0.00172411895 -0.00700000022 0 0 -1
0.0128727388 0.00319552282 -0.00700000022 0 0 -1
0.00194612797 0.014025881 -0.00700000022 0 0 -1
0.00347877317 0.013222523 -0.00700000022 0 0 -1
0.00287726172 0.012554477 -0.00700000022 0 0 -1
0.00147696829 0.0136102419 -0.00700000022 0 0 -1
0.00215000007 0.0120260911 -0.00700000022 0 0 -1
0.00230218563 0.01454172 -0.00700000022 0 0 -1
0.00392824551 0.0140010323 -0.00700000022 0 0 -1
0.000921972678 0.0133189578 -0.00700000022 0 0 -1
0.0013287731 0.0116604567 -0.00700000022 0 0 -1
0.00252444879 0.015127779 -0.00700000022 0 0 -1
0.00420603482 0.0148559799 -0.00700000022 0 0 -1
0.000313395372 0.0131689571 -0.00700000022 0 0 -1
0.000449472398 0.011473556 -0.00700000022 0 0 -1
0.00260000001 0.0157500003 -0.00700000022 0 0 -1
0.00430000015 0.0157500003 -0.00700000022 0 0 -1
0.00420603482 0.0166440196 -0.00700000022 0 0 -1
-0.000313395372 0.0131689571 -0.00700000022 0 0 -1
-0.000449472398 0.011473556 -0.00700000022 0 0 -1
-0.0013287731 0.0116604567 -0.00700000022 0 0 -1
0.00252444879 0.0163722206 -0.00700000022 0 0 -1
0.00392824551 0.0174989682 -0.00700000022 0 0 -1
-0.000921972678 0.0133189578 -0.00700000022 0 0 -1
-0.00215000007 0.0120260911 -0.00700000022 0 0 -1
0.00230218563 0.0169582795 -0.00700000022 0 0 -1
0.00347877317 0.0182774775 -0.00700000022 0 0 -1
-0.00147696829 0.0136102419 -0.00700000022 0 0 -1
-0.00287726172 0.012554477 -0.00700000022 0 0 -1
0.00194612797 0.0174741186 -0.00700000022 0 0 -1
-0.00194612797 0.014025881 -0.00700000022 0 0 -1
0.00287726172 0.0189455226 -0.00700000022 0 0 -1
0.00147696829 0.0178897586 -0.00700000022 0 0 -1
-0.00347877317 0.013222523 -0.00700000022 0 0 -1
-0.00230218563 0.01454172 -0.00700000022 0 0 -1
0.00215000007 0.0194739085 -0.00700000022 0 0 -1
0.000921972678 0.0181810427 -0.00700000022 0 0 -1
-0.00392824551 0.0140010323 -0.00700000022 0 0 -1
-0.00252444879 0.015127779 -0.00700000022 0 0 -1
0.0013287731 0.0198395438 -0.00700000022 0 0 -1
0.000313395372 0.0183310434 -0.00700000022 0 0 -1
-0.00420603482 0.0148559799 -0.00700000022 0 0 -1
-0.00260000001 0.0157500003 -0.00700000022 0 0 -1
0.000449472398 0.0200264435 -0.00700000022 0 0 -1
-0.00430000015 0.0157500003 -0.00700000022 0 0 -1
-0.000449472398 0.0200264435 -0.00700000022 0 0 -1
-0.000313395372 0.0183310434 -0.00700000022 0 0 -1
-0.00420603482 0.0166440196 -0.00700000022 0 0 -1
-0.00252444879 0.0163722206 -0.00700000022 0 0 -1
-0.0013287731 0.0198395438 -0.00700000022 0 0 -1
-0.000921972678 0.0181810427 -0.00700000022 0 0 -1
-0.00392824551 0.0174989682 -0.00700000022 0 0 -1
-0.00230218563 0.0169582795 -0.00700000022 0 0 -1
-0.00215000007 0.0194739085 -0.00700000022 0 0 -1
-0.00147696829 0.0178897586 -0.00700000022 0 0 -1
-0.00347877317 0.0182774775 -0.00700000022 0 0 -1
-0.00194612797 0.0174741186 -0.00700000022 0 0 -1
-0.00287726172 0.0189455226 -0.00700000022 0 0 -1
-0.0138038723 -0.00172411895 -0.00700000022 0 0 -1
-0.0122712273 -0.00252747652 -0.00700000022 0 0 -1
-0.0128727388 -0.00319552282 -0.00700000022 0 0 -1
-0.0142730316 -0.00213975809 -0.00700000022 0 0 -1
-0.0136000002 -0.00372390915 -0.00700000022 0 0 -1
-0.0134478146 -0.00120828021 -0.00700000022 0 0 -1
-0.0118217543 -0.00174896757 -0.00700000022 0 0 -1
-0.0148280272 -0.00243104226 -0.00700000022 0 0 -1
-0.0144212274 -0.00408954313 -0.00700000022 0 0 -1
-0.0132255517 -0.000622220745 -0.00700000022 0 0 -1
-0.011543965 -0.000894020253 -0.00700000022 0 0 -1
-0.0154366046 -0.00258104317 -0.00700000022 0 0 -1
-0.0153005272 -0.0042764442 -0.00700000022 0 0 -1
-0.01315 0 -0.00700000022 0 0 -1
-0.0114500001 0 -0.00700000022 0 0 -1
-0.011543965 0.000894020253 -0.00700000022 0 0 -1
-0.0160633959 -0.00258104317 -0.00700000022 0 0 -1
-0.0161994733 -0.0042764442 -0.00700000022 0 0 -1
-0.0170787722 -0.00408954313 -0.00700000022 0 0 -1
-0.0132255517 0.000622220745 -0.00700000022 0 0 -1
-0.0118217543 0.00174896757 -0.00700000022 0 0 -1
-0.0166719723 -0.00243104226 -0.00700000022 0 0 -1
-0.0178999994 -0.00372390915 -0.00700000022 0 0 -1
-0.0134478146 0.00120828021 -0.00700000022 0 0 -1
-0.0122712273 0.00252747652 -0.00700000022 0 0 -1
-0.017226968 -0.00213975809 -0.00700000022 0 0 -1
-0.0186272617 -0.00319552282 -0.00700000022 0 0 -1
-0.0138038723 0.00172411895 -0.00700000022 0 0 -1
-0.0176961273 -0.00172411895 -0.00700000022 0 0 -1
-0.0128727388 0.00319552282 -0.00700000022 0 0 -1
-0.0142730316 0.00213975809 -0.00700000022 0 0 -1
-0.0192287732 -0.00252747652 -0.00700000022 0 0 -1
-0.018052185 -0.00120828021 -0.00700000022 0 0 -1
-0.0136000002 0.00372390915 -0.00700000022 0 0 -1
-0.0148280272 0.00243104226 -0.00700000022 0 0 -1
-0.0196782462 -0.00174896757 -0.00700000022 0 0 -1
-0.0182744488 -0.000622220745 -0.00700000022 0 0 -1
-0.0144212274 0.00408954313 -0.00700000022 0 0 -1
-0.0154366046 0.00258104317 -0.00700000022 0 0 -1
-0.0199560355 -0.000894020253 -0.00700000022 0 0 -1
-0.0183499996 0 -0.00700000022 0 0 -1
-0.0153005272 0.0042764442 -0.00700000022 0 0 -1
-0.0200500004 0 -0.00700000022 0 0 -1
-0.0161994733 0.0042764442 -0.00700000022 0 0 -1
-0.0160633959 0.00258104317 -0.00700000022 0 0 -1
-0.0199560355 0.000894020253 -0.00700000022 0 0 -1
-0.0182744488 0.000622220745 -0.00700000022 0 0 -1
-0.0170787722 0.00408954313 -0.00700000022 0 0 -1
-0.0166719723 0.00243104226 -0.00700000022 0 0 -1
-0.0196782462 0.00174896757 -0.00700000022 0 0 -1
-0.018052185 0.00120828021 -0.00700000022 0 0 -1
-0.0178999994 0.00372390915 -0.00700000022 0 0 -1
-0.017226968 0.00213975809 -0.00700000022 0 0 -1
-0.0192287732 0.00252747652 -0.00700000022 0 0 -1
-0.0176961273 0.00172411895 -0.00700000022 0 0 -1
-0.0186272617 0.00319552282 -0.00700000022 0 0 -1
0.00194612797 -0.0174741186 -0.00700000022 0 0 -1
0.00347877317 -0.0182774775 -0.00700000022 0 0 -1
0.00287726172 -0.0189455226 -0.00700000022 0 0 -1
0.00147696829 -0.0178897586 -0.00700000022 0 0 -1
0.00215000007 -0.0194739085 -0.00700000022 0 0 -1
0.00230218563 -0.0169582795 -0.00700000022 0 0 -1
0.00392824551 -0.0174989682 -0.00700000022 0 0 -1
0.000921972678 -0.0181810427 -0.00700000022 0 0 -1
0.0013287731 -0.0198395438 -0.00700000022 0 0 -1
0.00252444879 -0.0163722206 -0.00700000022 0 0 -1
0.00420603482 -0.0166440196 -0.00700000022 0 0 -1
0.000313395372 -0.0183310434 -0.00700000022 0 0 -1
0.000449472398 -0.0200264435 -0.00700000022 0 0 -1
0.00260000001 -0.0157500003 -0.00700000022 0 0 -1
0.00430000015 -0.0157500003 -0.00700000022 0 0 -1
0.00420603482 -0.0148559799 -0.00700000022 0 0 -1
-0.000313395372 -0.0183310434 -0.00700000022 0 0 -1
-0.000449472398 -0.0200264435 -0.00700000022 0 0 -1
-0.0013287731 -0.0198395438 -0.00700000022 0 0 -1
0.00252444879 -0.015127779 -0.00700000022 0 0 -1
0.00392824551 -0.0140010323 -0.00700000022 0 0 -1
-0.000921972678 -0.0181810427 -0.00700000022 0 0 -1
-0.00215000007 -0.0194739085 -0.00700000022 0 0 -1
0.00230218563 -0.01454172 -0.00700000022 0 0 -1
0.00347877317 -0.013222523 -0.00700000022 0 0 -1
-0.00147696829 -0.0178897586 -0.00700000022 0 0 -1
-0.00287726172 -0.0189455226 -0.00700000022 0 0 -1
0.00194612797 -0.014025881 -0.00700000022 0 0 -1
-0.00194612797 -0.0174741186 -0.00700000022 0 0 -1
0.00287726172 -0.012554477 -0.00700000022 0 0 -1
0.00147696829 -0.0136102419 -0.00700000022 0 0 -1
-0.00347877317 -0.0182774775 -0.00700000022 0 0 -1
-0.00230218563 -0.0169582795 -0.00700000022 0 0 -1
0.00215000007 -0.0120260911 -0.00700000022 0 0 -1
0.000921972678 -0.0133189578 -0.00700000022 0 0 -1
-0.00392824551 -0.0174989682 -0.00700000022 0 0 -1
-0.00252444879 -0.0163722206 -0.00700000022 0 0 -1
0.0013287731 -0.0116604567 -0.00700000022 0 0 -1
0.000313395372 -0.0131689571 -0.00700000022 0 0 -1
-0.00420603482 -0.0166440196 -0.00700000022 0 0 -1
-0.00260000001 -0.0157500003 -0.00700000022 0 0 -1
0.000449472398 -0.011473556 -0.00700000022 0 0 -1
-0.00430000015 -0.0157500003 -0.00700000022 0 0 -1
-0.000449472398 -0.011473556 -0.00700000022 0 0 -1
-0.000313395372 -0.0131689571 -0.00700000022 0 0 -1
-0.00420603482 -0.0148559799 -0.00700000022 0 0 -1
-0.00252444879 -0.015127779 -0.00700000022 0 0 -1
-0.0013287731 -0.0116604567 -0.00700000022 0 0 -1
-0.000921972678 -0.0133189578 -0.00700000022 0 0 -1
-0.00392824551 -0.0140010323 -0.00700000022 0 0 -1
-0.00230218563 -0.01454172 -0.00700000022 0 0 -1
-0.00215000007 -0.0120260911 -0.00700000022 0 0 -1
-0.00147696829 -0.0136102419 -0.00700000022 0 0 -1
-0.00347877317 -0.013222523 -0.00700000022 0 0 -1
-0.00194612797 -0.014025881 -0.00700000022 0 0 -1
-0.00287726172 -0.012554477 -0.00700000022 0 0 -1
0.011543965 0.000894020253 -0.0144999996 0.984827518 -0.173536077 1.18926364e-16
0.0114500001 0 -0.00700000022 0.994521916 -0.104528464 1.02926163e-16
0.0114500001 0 -0.0144999996 0.994521916 -0.104528464 -0
0.011543965 0.000894020253 -0.00700000022 0.97026819 -0.242032364 1.00970318e-16
0.0118217543 0.00174896757 -0.0144999996 0.927226484 -0.37450102 3.08532723e-18
0.0118217543 0.00174896757 -0.00700000022 0.898744106 -0.438473463 -5.6572424e-17
0.0122712273 0.00252747652 -0.0144999996 0.829101205 -0.559098542 -5.17672358e-17
0.0122712273 0.00252747652 -0.00700000022 0.787940681 -0.615751207 -3.57957381e-17
0.0128727388 0.00319552282 -0.0144999996 0.694740236 -0.719260752 -4.1892271e-17
0.0128727388 0.00319552282 -0.00700000022 0.642700374 -0.766117632 -2.87414128e-17
0.0136000002 0.00372390915 -0.0144999996 0.530015767 -0.847987771 -1.57810278e-17
0.0136000002 0.00372390915 -0.00700000022 0.469371051 -0.883001029 -0
0.0144212274 0.00408954313 -0.0144999996 0.342127115 -0.939653695 -0
0.0144212274 0.00408954313 -0.00700000022 0.275527924 -0.961293042 -0
0.0153005272 0.0042764442 -0.0144999996 0.139285833 -0.990252197 -0
0.0153005272 0.0042764442 -0.00700000022 0.0696429163 -0.997572005 -0
0.0161994733 0.0042764442 -0.0144999996 -0.0696429163 -0.997572005 3.1562059e-17
0.0161994733 0.0042764442 -0.00700000022 -0.139285833 -0.990252197 3.1562059e-17
0.0170787722 0.00408954313 -0.0144999996 -0.275527924 -0.961293042 3.1562059e-17
0.0170787722 0.00408954313 -0.00700000022 -0.342127115 -0.939653695 -0
0.0178999994 0.00372390915 -0.0144999996 -0.469371051 -0.883001029 -0
0.0178999994 0.00372390915 -0.00700000022 -0.530015826 -0.847987771 1.56698448e-17
0.0186272617 0.00319552282 -0.0144999996 -0.642700374 -0.766117632 2.8820703e-17
0.0186272617 0.00319552282 -0.00700000022 -0.694740236 -0.719260752 4.1781088e-17
0.0192287732 0.00252747652 -0.0144999996 -0.787940681 -0.615751207 3.66319283e-17
0.0192287732 0.00252747652 -0.00700000022 -0.829101205 -0.559098542 5.25345583e-17
0.0196782462 0.00174896757 -0.0144999996 -0.898744106 -0.438473463 5.79853742e-17
0.0196782462 0.00174896757 -0.00700000022 -0.927226484 -0.37450102 7.14060752e-17
0.0199560355 0.000894020253 -0.0144999996 -0.97026819 -0.242032334 5.02431059e-17
0.0199560355 0.000894020253 -0.00700000022 -0.984827518 -0.173536077 3.18319051e-17
0.0200500004 0 -0.0144999996 -0.994521916 -0.104528464 1.17781561e-17
0.0200500004 0 -0.00700000022 -0.994521916 -0.104528464 -0
0.0110548912 0.000997976167 -0.0149999997 0.696250916 -0.124494217 -0.706920028
0.0114500001 0 -0.0144999996 0.705161989 -0.0741155148 -0.705161989
0.01095 0 -0.0149999997 0.705161989 -0.0741155073 -0.705161989
0.011543965 0.000894020253 -0.0144999996 0.685876727 -0.172994763 -0.70685631
0.0113649815 0.00195233594 -0.0149999997 0.655152321 -0.266532421 -0.706919968
0.0118217543 0.00174896757 -0.0144999996 0.634921074 -0.311816245 -0.70685637
0.0118667185 0.0028213691 -0.0149999997 0.585420489 -0.396921843 -0.706919968
0.0122712273 0.00252747652 -0.0144999996 0.55621624 -0.437009811 -0.70685637
0.0125381732 0.00356709515 -0.0149999997 0.490102947 -0.50996393 -0.706920028
0.0128727388 0.00319552282 -0.0144999996 0.453202158 -0.543103933 -0.70685637
0.0133499997 0.00415692199 -0.0149999997 0.373365581 -0.600718141 -0.706919968
0.0136000002 0.00372390915 -0.0144999996 0.330380917 -0.625461876 -0.70685637
0.0142667182 0.00456507131 -0.0149999997 0.240310282 -0.665218055 -0.706919968
0.0144212274 0.00408954313 -0.0144999996 0.193120494 -0.680484056 -0.70685631
0.0152482633 0.00477370527 -0.0149999997 0.0967523158 -0.700644791 -0.706919968
0.0153005272 0.0042764442 -0.0144999996 0.0474197641 -0.705765903 -0.70685637
0.0162517373 0.00477370527 -0.0149999997 -0.0510341898 -0.705449939 -0.706919968
0.0161994733 0.0042764442 -0.0144999996 -0.100353457 -0.700202286 -0.70685637
0.0172332823 0.00456507131 -0.0149999997 -0.19659026 -0.679423571 -0.706919968
0.0170787722 0.00408954313 -0.0144999996 -0.243740737 -0.664036572 -0.70685637
0.0181499999 0.00415692199 -0.0149999997 -0.333554387 -0.623703122 -0.706919968
0.0178999994 0.00372390915 -0.0144999996 -0.376475364 -0.598849237 -0.70685637
0.0189618263 0.00356709515 -0.0149999997 -0.455940634 -0.54072386 -0.706919968
0.0186272617 0.00319552282 -0.0144999996 -0.492756248 -0.507489324 -0.70685631
0.019633282 0.0028213691 -0.0149999997 -0.558400035 -0.43411234 -0.706920028
0.0192287732 0.00252747652 -0.0144999996 -0.587501287 -0.393949658 -0.70685637
0.020135019 0.00195233594 -0.0149999997 -0.636454642 -0.308528066 -0.706919968
0.0196782462 0.00174896757 -0.0144999996 -0.656569719 -0.263192534 -0.70685631
0.0204451084 0.000997976167 -0.0149999997 -0.686693192 -0.169459626 -0.706919968
0.0199560355 0.000894020253 -0.0144999996 -0.696942925 -0.120932609 -0.70685637
0.0205499995 0 -0.0149999997 -0.705161989 -0.0741155148 -0.705161989
0.0200500004 0 -0.0144999996 -0.705161989 -0.0741155148 -0.705161989
0.0204451084 -0.000997976167 -0.0149999997 -0.696250916 0.124494217 -0.706920028
0.0200500004 0 -0.0144999996 -0.705161989 0.0741155148 -0.705161989
0.0205499995 0 -0.0149999997 -0.705161989 0.0741155073 -0.705161989
0.0199560355 -0.000894020253 -0.0144999996 -0.685876727 0.172994763 -0.70685631
0.020135019 -0.00195233594 -0.0149999997 -0.655152321 0.266532421 -0.706919968
0.0196782462 -0.00174896757 -0.0144999996 -0.634921074 0.311816245 -0.70685637
0.019633282 -0.0028213691 -0.0149999997 -0.585420489 0.396921843 -0.706919968
0.0192287732 -0.00252747652 -0.0144999996 -0.55621624 0.437009811 -0.70685637
0.0189618263 -0.00356709515 -0.0149999997 -0.490102947 0.50996393 -0.706920028
0.0186272617 -0.00319552282 -0.0144999996 -0.453202158 0.543103933 -0.70685637
0.0181499999 -0.00415692199 -0.0149999997 -0.373365581 0.600718141 -0.706919968
0.0178999994 -0.00372390915 -0.0144999996 -0.330380917 0.625461876 -0.70685637
0.0172332823 -0.00456507131 -0.0149999997 -0.240310282 0.665218055 -0.706919968
0.0170787722 -0.00408954313 -0.0144999996 -0.193120494 0.680484056 -0.70685631
0.0162517373 -0.00477370527 -0.0149999997 -0.0967523158 0.700644791 -0.706919968
0.0161994733 -0.0042764442 -0.0144999996 -0.0474197641 0.705765903 -0.70685637
0.0152482633 -0.00477370527 -0.0149999997 0.0510341898 0.705449939 -0.706919968
0.0153005272 -0.0042764442 -0.0144999996 0.100353457 0.700202286 -0.70685637
0.0142667182 -0.00456507131 -0.0149999997 0.19659026 0.679423571 -0.706919968
0.0144212274 -0.00408954313 -0.0144999996 0.243740737 0.664036572 -0.70685637
0.0133499997 -0.00415692199 -0.0149999997 0.333554387 0.623703122 -0.706919968
0.0136000002 -0.00372390915 -0.0144999996 0.376475364 0.598849237 -0.70685637
0.0125381732 -0.00356709515 -0.0149999997 0.455940634 0.54072386 -0.706919968
0.0128727388 -0.00319552282 -0.0144999996 0.492756248 0.507489324 -0.70685631
0.0118667185 -0.0028213691 -0.0149999997 0.558400035 0.43411234 -0.706920028
0.0122712273 -0.00252747652 -0.0144999996 0.587501287 0.393949658 -0.70685637
0.0113649815 -0.00195233594 -0.0149999997 0.636454642 0.308528066 -0.706919968
0.0118217543 -0.00174896757 -0.0144999996 0.656569719 0.263192534 -0.70685631
0.0110548912 -0.000997976167 -0.0149999997 0.686693192 0.169459626 -0.706919968
0.011543965 -0.000894020253 -0.0144999996 0.696942925 0.120932609 -0.70685637
0.01095 0 -0.0149999997 0.705161989 0.0741155148 -0.705161989
0.0114500001 0 -0.0144999996 0.705161989 0.0741155148 -0.705161989
0.0199560355 -0.000894020253 -0.0144999996 -0.984827518 0.173536077 -3.1769989e-17
0.0200500004 0 -0.00700000022 -0.994521916 0.104528464 -1.20885324e-17
0.0200500004 0 -0.0144999996 -0.994521916 0.104528464 -0
0.0199560355 -0.000894020253 -0.00700000022 -0.97026819 0.242032364 -4.97260287e-17
0.0196782462 -0.00174896757 -0.0144999996 -0.927226484 0.37450102 -7.05594658e-17
0.0196782462 -0.00174896757 -0.00700000022 -0.898744106 0.438473463 -5.6572424e-17
0.0192287732 -0.00252747652 -0.0144999996 -0.829101205 0.559098542 -5.17672358e-17
0.0192287732 -0.00252747652 -0.00700000022 -0.787940681 0.615751207 -3.57957381e-17
0.0186272617 -0.00319552282 -0.0144999996 -0.694740236 0.719260752 -4.1892271e-17
0.0186272617 -0.00319552282 -0.00700000022 -0.642700374 0.766117632 -2.87414128e-17
0.0178999994 -0.00372390915 -0.0144999996 -0.530015767 0.847987771 -1.57810278e-17
0.0178999994 -0.00372390915 -0.00700000022 -0.469371051 0.883001029 -0
0.0170787722 -0.00408954313 -0.0144999996 -0.342127115 0.939653695 -0
0.0170787722 -0.00408954313 -0.00700000022 -0.275527924 0.961293042 -3.22163191e-17
0.0161994733 -0.0042764442 -0.0144999996 -0.139285833 0.990252197 -3.22163191e-17
0.0161994733 -0.0042764442 -0.00700000022 -0.0696429163 0.997572005 -3.22163191e-17
0.0153005272 -0.0042764442 -0.0144999996 0.0696429163 0.997572005 -0
0.0153005272 -0.0042764442 -0.00700000022 0.139285833 0.990252197 -0
0.0144212274 -0.00408954313 -0.0144999996 0.275527924 0.961293042 -0
0.0144212274 -0.00408954313 -0.00700000022 0.342127115 0.939653695 -0
0.0136000002 -0.00372390915 -0.0144999996 0.469371051 0.883001029 -0
0.0136000002 -0.00372390915 -0.00700000022 0.530015826 0.847987771 1.56698448e-17
0.0128727388 -0.00319552282 -0.0144999996 0.642700374 0.766117632 2.8820703e-17
0.0128727388 -0.00319552282 -0.00700000022 0.694740236 0.719260752 4.1781088e-17
0.0122712273 -0.00252747652 -0.0144999996 0.787940681 0.615751207 3.66319283e-17
0.0122712273 -0.00252747652 -0.00700000022 0.829101205 0.559098542 5.25345583e-17
0.0118217543 -0.00174896757 -0.0144999996 0.898744106 0.438473463 5.79853742e-17
0.0118217543 -0.00174896757 -0.00700000022 0.927226484 0.37450102 -2.27794456e-18
0.011543965 -0.000894020253 -0.0144999996 0.97026819 0.242032334 -1.00373437e-16
0.011543965 -0.000894020253 -0.00700000022 0.984827518 0.173536077 -1.18784632e-16
0.0114500001 0 -0.0144999996 0.994521916 0.104528464 -1.03058869e-16
0.0114500001 0 -0.00700000022 0.994521916 0.104528464 -0
-0.00420603482 0.0166440196 -0.0144999996 0.984827518 -0.173536077 1.18082001e-17
-0.00430000015 0.0157500003 -0.00700000022 0.994521916 -0.104528464 3.33302866e-17
-0.00430000015 0.0157500003 -0.0144999996 0.994521916 -0.104528464 -0
-0.00420603482 0.0166440196 -0.00700000022 0.97026819 -0.242032364 -3.6074584e-17
-0.00392824551 0.0174989682 -0.0144999996 0.927226484 -0.37450102 -1.34678424e-16
-0.00392824551 0.0174989682 -0.00700000022 0.898744106 -0.438473463 -1.07383714e-16
-0.00347877317 0.0182774775 -0.0144999996 0.829101205 -0.559098542 -4.37199e-17
-0.00347877317 0.0182774775 -0.00700000022 0.787940681 -0.615751207 3.25550694e-17
-0.00287726172 0.0189455226 -0.0144999996 0.694740236 -0.719260752 1.57810295e-17
-0.00287726172 0.0189455226 -0.00700000022 0.642700374 -0.766117632 -1.13848085e-17
-0.00215000007 0.0194739085 -0.0144999996 0.530015767 -0.847987771 -1.92753216e-17
-0.00215000007 0.0194739085 -0.00700000022 0.469371051 -0.883001029 -2.7153403e-17
-0.0013287731 0.0198395438 -0.0144999996 0.342127115 -0.939653695 -1.97138498e-17
-0.0013287731 0.0198395438 -0.00700000022 0.275527924 -0.961293042 -1.53469962e-17
-0.000449472398 0.0200264435 -0.0144999996 0.139285833 -0.990252197 -7.46891733e-18
-0.000449472398 0.0200264435 -0.00700000022 0.0696429163 -0.997572005 -3.52365996e-18
0.000449472398 0.0200264435 -0.0144999996 -0.0696429163 -0.997572005 2.63017151e-18
0.000449472398 0.0200264435 -0.00700000022 -0.139285833 -0.990252197 6.65721119e-18
0.0013287731 0.0198395438 -0.0144999996 -0.275527924 -0.961293042 1.45477263e-17
0.0013287731 0.0198395438 -0.00700000022 -0.342127115 -0.939653695 1.97956348e-17
0.00215000007 0.0194739085 -0.0144999996 -0.469371051 -0.883001029 2.62892789e-17
0.00215000007 0.0194739085 -0.00700000022 -0.530015826 -0.847987771 1.8398765e-17
0.00287726172 0.0189455226 -0.0144999996 -0.642700374 -0.766117632 1.0520686e-17
0.00287726172 0.0189455226 -0.00700000022 -0.694740236 -0.719260752 -1.43939667e-17
0.00347877317 0.0182774775 -0.0144999996 -0.787940681 -0.615751207 -3.01749962e-17
0.00347877317 0.0182774775 -0.00700000022 -0.829101205 -0.559098542 4.73009734e-17
0.00392824551 0.0174989682 -0.0144999996 -0.898744106 -0.438473463 1.09038022e-16
0.00392824551 0.0174989682 -0.00700000022 -0.927226484 -0.37450102 1.35859823e-16
0.00420603482 0.0166440196 -0.0144999996 -0.97026819 -0.242032334 3.60274016e-17
0.00420603482 0.0166440196 -0.00700000022 -0.984827518 -0.173536077 -1.13156877e-17
0.00430000015 0.0157500003 -0.0144999996 -0.994521916 -0.104528464 -3.33714405e-17
0.00430000015 0.0157500003 -0.00700000022 -0.994521916 -0.104528464 -0
-0.00469510863 0.0167479757 -0.0149999997 0.696250916 -0.124494217 -0.706920028
-0.00430000015 0.0157500003 -0.0144999996 0.705161989 -0.0741155148 -0.705161989
-0.00480000023 0.0157500003 -0.0149999997 0.705161989 -0.0741155073 -0.705161989
-0.00420603482 0.0166440196 -0.0144999996 0.685876727 -0.172994763 -0.70685631
-0.00438501826 0.0177023355 -0.0149999997 0.655152321 -0.266532421 -0.706919968
-0.00392824551 0.0174989682 -0.0144999996 0.634921074 -0.311816245 -0.70685637
-0.00388328149 0.0185713693 -0.0149999997 0.585420489 -0.396921843 -0.706919968
-0.00347877317 0.0182774775 -0.0144999996 0.55621624 -0.437009811 -0.70685637
-0.00321182702 0.0193170942 -0.0149999997 0.490102947 -0.50996393 -0.706920028
-0.00287726172 0.0189455226 -0.0144999996 0.453202158 -0.543103933 -0.70685637
-0.00240000011 0.0199069213 -0.0149999997 0.373365581 -0.600718141 -0.706919968
-0.00215000007 0.0194739085 -0.0144999996 0.330380917 -0.625461876 -0.70685637
-0.00148328161 0.0203150716 -0.0149999997 0.240310282 -0.665218055 -0.706919968
-0.0013287731 0.0198395438 -0.0144999996 0.193120494 -0.680484056 -0.70685631
-0.000501736649 0.0205237046 -0.0149999997 0.0967523158 -0.700644791 -0.706919968
-0.000449472398 0.0200264435 -0.0144999996 0.0474197641 -0.705765903 -0.70685637
0.000501736649 0.0205237046 -0.0149999997 -0.0510341898 -0.705449939 -0.706919968
0.000449472398 0.0200264435 -0.0144999996 -0.100353457 -0.700202286 -0.70685637
0.00148328161 0.0203150716 -0.0149999997 -0.19659026 -0.679423571 -0.706919968
0.0013287731 0.0198395438 -0.0144999996 -0.243740737 -0.664036572 -0.70685637
0.00240000011 0.0199069213 -0.0149999997 -0.333554387 -0.623703122 -0.706919968
0.00215000007 0.0194739085 -0.0144999996 -0.376475364 -0.598849237 -0.70685637
0.00321182702 0.0193170942 -0.0149999997 -0.455940634 -0.54072386 -0.706919968
0.00287726172 0.0189455226 -0.0144999996 -0.492756248 -0.507489324 -0.70685631
0.00388328149 0.0185713693 -0.0149999997 -0.558400035 -0.43411234 -0.706920028
0.00347877317 0.0182774775 -0.0144999996 -0.587501287 -0.393949658 -0.70685637
0.00438501826 0.0177023355 -0.0149999997 -0.636454642 -0.308528066 -0.706919968
0.00392824551 0.0174989682 -0.0144999996 -0.656569719 -0.263192534 -0.70685631
0.00469510863 0.0167479757 -0.0149999997 -0.686693192 -0.169459626 -0.706919968
0.00420603482 0.0166440196 -0.0144999996 -0.696942925 -0.120932609 -0.70685637
0.00480000023 0.0157500003 -0.0149999997 -0.705161989 -0.0741155148 -0.705161989
0.00430000015 0.0157500003 -0.0144999996 -0.705161989 -0.0741155148 -0.705161989
0.00469510863 0.0147520239 -0.0149999997 -0.696250916 0.124494217 -0.706920028
0.00430000015 0.0157500003 -0.0144999996 -0.705161989 0.0741155148 -0.705161989
0.00480000023 0.0157500003 -0.0149999997 -0.705161989 0.0741155073 -0.705161989
0.00420603482 0.0148559799 -0.0144999996 -0.685876727 0.172994763 -0.70685631
0.00438501826 0.0137976641 -0.0149999997 -0.655152321 0.266532421 -0.706919968
0.00392824551 0.0140010323 -0.0144999996 -0.634921074 0.311816245 -0.70685637
0.00388328149 0.0129286312 -0.0149999997 -0.585420489 0.396921843 -0.706919968
0.00347877317 0.013222523 -0.0144999996 -0.55621624 0.437009811 -0.70685637
0.00321182702 0.0121829044 -0.0149999997 -0.490102947 0.50996393 -0.706920028
0.00287726172 0.012554477 -0.0144999996 -0.453202158 0.543103933 -0.70685637
0.00240000011 0.0115930783 -0.0149999997 -0.373365581 0.600718141 -0.706919968
0.00215000007 0.0120260911 -0.0144999996 -0.330380917 0.625461876 -0.70685637
0.00148328161 0.0111849289 -0.0149999997 -0.240310282 0.665218055 -0.706919968
0.0013287731 0.0116604567 -0.0144999996 -0.193120494 0.680484056 -0.70685631
0.000501736649 0.010976295 -0.0149999997 -0.0967523158 0.700644791 -0.706919968
0.000449472398 0.011473556 -0.0144999996 -0.0474197641 0.705765903 -0.70685637
-0.000501736649 0.010976295 -0.0149999997 0.0510341898 0.705449939 -0.706919968
-0.000449472398 0.011473556 -0.0144999996 0.100353457 0.700202286 -0.70685637
-0.00148328161 0.0111849289 -0.0149999997 0.19659026 0.679423571 -0.706919968
-0.0013287731 0.0116604567 -0.0144999996 0.243740737 0.664036572 -0.70685637
-0.00240000011 0.0115930783 -0.0149999997 0.333554387 0.623703122 -0.706919968
-0.00215000007 0.0120260911 -0.0144999996 0.376475364 0.598849237 -0.70685637
-0.00321182702 0.0121829044 -0.0149999997 0.455940634 0.54072386 -0.706919968
-0.00287726172 0.012554477 -0.0144999996 0.492756248 0.507489324 -0.70685631
-0.00388328149 0.0129286312 -0.0149999997 0.558400035 0.43411234 -0.706920028
-0.00347877317 0.013222523 -0.0144999996 0.587501287 0.393949658 -0.70685637
-0.00438501826 0.0137976641 -0.0149999997 0.636454642 0.308528066 -0.706919968
-0.00392824551 0.0140010323 -0.0144999996 0.656569719 0.263192534 -0.70685631
-0.00469510863 0.0147520239 -0.0149999997 0.686693192 0.169459626 -0.706919968
-0.00420603482 0.0148559799 -0.0144999996 0.696942925 0.120932609 -0.70685637
-0.00480000023 0.0157500003 -0.0149999997 0.705161989 0.0741155148 -0.705161989
-0.00430000015 0.0157500003 -0.0144999996 0.705161989 0.0741155148 -0.705161989
0.00420603482 0.0148559799 -0.0144999996 -0.984827518 0.173536077 4.35781875e-17
0.00430000015 0.0157500003 -0.00700000022 -0.994521916 0.104528464 4.54188198e-17
0.00430000015 0.0157500003 -0.0144999996 -0.994521916 0.104528464 -0
0.00420603482 0.0148559799 -0.00700000022 -0.97026819 0.242032364 4.35781875e-17
0.00392824551 0.0140010323 -0.0144999996 -0.927226484 0.37450102 1.31508565e-17
0.00392824551 0.0140010323 -0.00700000022 -0.898744106 0.438473463 1.677404e-17
0.00347877317 0.013222523 -0.0144999996 -0.829101205 0.559098542 3.25550694e-17
0.00347877317 0.013222523 -0.00700000022 -0.787940681 0.615751207 -1.9286472e-17
0.00287726172 0.012554477 -0.0144999996 -0.694740236 0.719260752 -9.91846266e-17
0.00287726172 0.012554477 -0.00700000022 -0.642700374 0.766117632 -1.26350475e-16
0.00215000007 0.0120260911 -0.0144999996 -0.530015767 0.847987771 -8.23994313e-17
0.00215000007 0.0120260911 -0.00700000022 -0.469371051 0.883001029 -2.7153403e-17
0.0013287731 0.0116604567 -0.0144999996 -0.342127115 0.939653695 -1.97138498e-17
0.0013287731 0.0116604567 -0.00700000022 -0.275527924 0.961293042 -1.53469962e-17
0.000449472398 0.011473556 -0.0144999996 -0.139285833 0.990252197 -7.46891733e-18
0.000449472398 0.011473556 -0.00700000022 -0.0696429163 0.997572005 -3.52365996e-18
-0.000449472398 0.011473556 -0.0144999996 0.0696429163 0.997572005 2.63017151e-18
-0.000449472398 0.011473556 -0.00700000022 0.139285833 0.990252197 6.65721119e-18
-0.0013287731 0.0116604567 -0.0144999996 0.275527924 0.961293042 1.45477263e-17
-0.0013287731 0.0116604567 -0.00700000022 0.342127115 0.939653695 1.97956348e-17
-0.00215000007 0.0120260911 -0.0144999996 0.469371051 0.883001029 2.62892789e-17
-0.00215000007 0.0120260911 -0.00700000022 0.530015826 0.847987771 8.10781459e-17
-0.00287726172 0.012554477 -0.0144999996 0.642700374 0.766117632 1.25803491e-16
-0.00287726172 0.012554477 -0.00700000022 0.694740236 0.719260752 1.00888837e-16
-0.00347877317 0.013222523 -0.0144999996 0.787940681 0.615751207 2.24284349e-17
-0.00347877317 0.013222523 -0.00700000022 0.829101205 0.559098542 -3.01749962e-17
-0.00392824551 0.0140010323 -0.0144999996 0.898744106 0.438473463 -1.57810295e-17
-0.00392824551 0.0140010323 -0.00700000022 0.927226484 0.37450102 -1.29006212e-17
-0.00420603482 0.0148559799 -0.0144999996 0.97026819 0.242032334 -4.31475936e-17
-0.00420603482 0.0148559799 -0.00700000022 0.984827518 0.173536077 -4.31475936e-17
-0.00430000015 0.0157500003 -0.0144999996 0.994521916 0.104528464 -4.5149599e-17
-0.00430000015 0.0157500003 -0.00700000022 0.994521916 0.104528464 -0
-0.0199560355 0.000894020253 -0.0144999996 0.984827518 -0.173536077 -3.1769989e-17
-0.0200500004 0 -0.00700000022 0.994521916 -0.104528464 -1.20885324e-17
-0.0200500004 0 -0.0144999996 0.994521916 -0.104528464 -0
-0.0199560355 0.000894020253 -0.00700000022 0.97026819 -0.242032364 -4.97260287e-17
-0.0196782462 0.00174896757 -0.0144999996 0.927226484 -0.37450102 -7.05594658e-17
-0.0196782462 0.00174896757 -0.00700000022 0.898744106 -0.438473463 -5.6572424e-17
-0.0192287732 0.00252747652 -0.0144999996 0.829101205 -0.559098542 -5.17672358e-17
-0.0192287732 0.00252747652 -0.00700000022 0.787940681 -0.615751207 -3.57957381e-17
-0.0186272617 0.00319552282 -0.0144999996 0.694740236 -0.719260752 -4.1892271e-17
-0.0186272617 0.00319552282 -0.00700000022 0.642700374 -0.766117632 -2.87414128e-17
-0.0178999994 0.00372390915 -0.0144999996 0.530015767 -0.847987771 -1.57810278e-17
-0.0178999994 0.00372390915 -0.00700000022 0.469371051 -0.883001029 -0
-0.0170787722 0.00408954313 -0.0144999996 0.342127115 -0.939653695 -0
-0.0170787722 0.00408954313 -0.00700000022 0.275527924 -0.961293042 -3.22163191e-17
-0.0161994733 0.0042764442 -0.0144999996 0.139285833 -0.990252197 -3.22163191e-17
-0.0161994733 0.0042764442 -0.00700000022 0.0696429163 -0.997572005 -3.22163191e-17
-0.0153005272 0.0042764442 -0.0144999996 -0.0696429163 -0.997572005 -0
-0.0153005272 0.0042764442 -0.00700000022 -0.139285833 -0.990252197 -0
-0.0144212274 0.00408954313 -0.0144999996 -0.275527924 -0.961293042 -0
-0.0144212274 0.00408954313 -0.00700000022 -0.342127115 -0.939653695 -0
-0.0136000002 0.00372390915 -0.0144999996 -0.469371051 -0.883001029 -0
-0.0136000002 0.00372390915 -0.00700000022 -0.530015826 -0.847987771 1.56698448e-17
-0.0128727388 0.00319552282 -0.0144999996 -0.642700374 -0.766117632 2.8820703e-17
-0.0128727388 0.00319552282 -0.00700000022 -0.694740236 -0.719260752 4.1781088e-17
-0.0122712273 0.00252747652 -0.0144999996 -0.787940681 -0.615751207 3.66319283e-17
-0.0122712273 0.00252747652 -0.00700000022 -0.829101205 -0.559098542 5.25345583e-17
-0.0118217543 0.00174896757 -0.0144999996 -0.898744106 -0.438473463 5.79853742e-17
-0.0118217543 0.00174896757 -0.00700000022 -0.927226484 -0.37450102 -2.27794456e-18
-0.011543965 0.000894020253 -0.0144999996 -0.97026819 -0.242032334 -1.00373437e-16
-0.011543965 0.000894020253 -0.00700000022 -0.984827518 -0.173536077 -1.18784632e-16
-0.0114500001 0 -0.0144999996 -0.994521916 -0.104528464 -1.03058869e-16
-0.0114500001 0 -0.00700000022 -0.994521916 -0.104528464 -0
-0.0204451084 0.000997976167 -0.0149999997 0.696250916 -0.124494217 -0.706920028
-0.0200500004 0 -0.0144999996 0.705161989 -0.0741155148 -0.705161989
-0.0205499995 0 -0.0149999997 0.705161989 -0.0741155073 -0.705161989
-0.0199560355 0.000894020253 -0.0144999996 0.685876727 -0.172994763 -0.70685631
-0.020135019 0.00195233594 -0.0149999997 0.655152321 -0.266532421 -0.706919968
-0.0196782462 0.00174896757 -0.0144999996 0.634921074 -0.311816245 -0.70685637
-0.019633282 0.0028213691 -0.0149999997 0.585420489 -0.396921843 -0.706919968
-0.0192287732 0.00252747652 -0.0144999996 0.55621624 -0.437009811 -0.70685637
-0.0189618263 0.00356709515 -0.0149999997 0.490102947 -0.50996393 -0.706920028
-0.0186272617 0.00319552282 -0.0144999996 0.453202158 -0.543103933 -0.70685637
-0.0181499999 0.00415692199 -0.0149999997 0.373365581 -0.600718141 -0.706919968
-0.0178999994 0.00372390915 -0.0144999996 0.330380917 -0.625461876 -0.70685637
-0.0172332823 0.00456507131 -0.0149999997 0.240310282 -0.665218055 -0.706919968
-0.0170787722 0.00408954313 -0.0144999996 0.193120494 -0.680484056 -0.70685631
-0.0162517373 0.00477370527 -0.0149999997 0.0967523158 -0.700644791 -0.706919968
-0.0161994733 0.0042764442 -0.0144999996 0.0474197641 -0.705765903 -0.70685637
-0.0152482633 0.00477370527 -0.0149999997 -0.0510341898 -0.705449939 -0.706919968
-0.0153005272 0.0042764442 -0.0144999996 -0.100353457 -0.700202286 -0.70685637
-0.0142667182 0.00456507131 -0.0149999997 -0.19659026 -0.679423571 -0.706919968
-0.0144212274 0.00408954313 -0.0144999996 -0.243740737 -0.664036572 -0.70685637
-0.0133499997 0.00415692199 -0.0149999997 -0.333554387 -0.623703122 -0.706919968
-0.0136000002 0.00372390915 -0.0144999996 -0.376475364 -0.598849237 -0.70685637
-0.0125381732 0.00356709515 -0.0149999997 -0.455940634 -0.54072386 -0.706919968
-0.0128727388 0.00319552282 -0.0144999996 -0.492756248 -0.507489324 -0.70685631
-0.0118667185 0.0028213691 -0.0149999997 -0.558400035 -0.43411234 -0.706920028
-0.0122712273 0.00252747652 -0.0144999996 -0.587501287 -0.393949658 -0.70685637
-0.0113649815 0.00195233594 -0.0149999997 -0.636454642 -0.308528066 -0.706919968
-0.0118217543 0.00174896757 -0.0144999996 -0.656569719 -0.263192534 -0.70685631
-0.0110548912 0.000997976167 -0.0149999997 -0.686693192 -0.169459626 -0.706919968
-0.011543965 0.000894020253 -0.0144999996 -0.696942925 -0.120932609 -0.70685637
-0.01095 0 -0.0149999997 -0.705161989 -0.0741155148 -0.705161989
-0.0114500001 0 -0.0144999996 -0.705161989 -0.0741155148 -0.705161989
-0.0110548912 -0.000997976167 -0.0149999997 -0.696250916 0.124494217 -0.706920028
-0.0114500001 0 -0.0144999996 -0.705161989 0.0741155148 -0.705161989
-0.01095 0 -0.0149999997 -0.705161989 0.0741155073 -0.705161989
-0.011543965 -0.000894020253 -0.0144999996 -0.685876727 0.172994763 -0.70685631
-0.0113649815 -0.00195233594 -0.0149999997 -0.655152321 0.266532421 -0.706919968
-0.0118217543 -0.00174896757 -0.0144999996 -0.634921074 0.311816245 -0.70685637
-0.0118667185 -0.0028213691 -0.0149999997 -0.585420489 0.396921843 -0.706919968
-0.0122712273 -0.00252747652 -0.0144999996 -0.55621624 0.437009811 -0.70685637
-0.0125381732 -0.00356709515 -0.0149999997 -0.490102947 0.50996393 -0.706920028
-0.0128727388 -0.00319552282 -0.0144999996 -0.453202158 0.543103933 -0.70685637
-0.0133499997 -0.00415692199 -0.0149999997 -0.373365581 0.600718141 -0.706919968
-0.0136000002 -0.00372390915 -0.0144999996 -0.330380917 0.625461876 -0.70685637
-0.0142667182 -0.00456507131 -0.0149999997 -0.240310282 0.665218055 -0.706919968
-0.0144212274 -0.00408954313 -0.0144999996 -0.193120494 0.680484056 -0.70685631
-0.0152482633 -0.00477370527 -0.0149999997 -0.0967523158 0.700644791 -0.706919968
-0.0153005272 -0.0042764442 -0.0144999996 -0.0474197641 0.705765903 -0.70685637
-0.0162517373 -0.00477370527 -0.0149999997 0.0510341898 0.705449939 -0.706919968
-0.0161994733 -0.0042764442 -0.0144999996 0.100353457 0.700202286 -0.70685637
-0.0172332823 -0.00456507131 -0.0149999997 0.19659026 0.679423571 -0.706919968
-0.0170787722 -0.00408954313 -0.0144999996 0.243740737 0.664036572 -0.70685637
-0.0181499999 -0.00415692199 -0.0149999997 0.333554387 0.623703122 -0.706919968
-0.0178999994 -0.00372390915 -0.0144999996 0.376475364 0.598849237 -0.70685637
-0.0189618263 -0.00356709515 -0.0149999997 0.455940634 0.54072386 -0.706919968
-0.0186272617 -0.00319552282 -0.0144999996 0.492756248 0.507489324 -0.70685631
-0.019633282 -0.0028213691 -0.0149999997 0.558400035 0.43411234 -0.706920028
-0.0192287732 -0.00252747652 -0.0144999996 0.587501287 0.393949658 -0.70685637
-0.020135019 -0.00195233594 -0.0149999997 0.636454642 0.308528066 -0.706919968
-0.0196782462 -0.00174896757 -0.0144999996 0.656569719 0.263192534 -0.70685631
-0.0204451084 -0.000997976167 -0.0149999997 0.686693192 0.169459626 -0.706919968
-0.0199560355 -0.000894020253 -0.0144999996 0.696942925 0.120932609 -0.70685637
-0.0205499995 0 -0.0149999997 0.705161989 0.0741155148 -0.705161989
-0.0200500004 0 -0.0144999996 0.705161989 0.0741155148 -0.705161989
-0.011543965 -0.000894020253 -0.0144999996 -0.984827518 0.173536077 1.18926364e-16
-0.0114500001 0 -0.00700000022 -0.994521916 0.104528464 1.02926163e-16
-0.0114500001 0 -0.0144999996 -0.994521916 0.104528464 -0
-0.011543965 -0.000894020253 -0.00700000022 -0.97026819 0.242032364 1.00970318e-16
-0.0118217543 -0.00174896757 -0.0144999996 -0.927226484 0.37450102 3.08532723e-18
-0.0118217543 -0.00174896757 -0.00700000022 -0.898744106 0.438473463 -5.6572424e-17
-0.0122712273 -0.00252747652 -0.0144999996 -0.829101205 0.559098542 -5.17672358e-17
-0.0122712273 -0.00252747652 -0.00700000022 -0.787940681 0.615751207 -3.57957381e-17
-0.0128727388 -0.00319552282 -0.0144999996 -0.694740236 0.719260752 -4.1892271e-17
-0.0128727388 -0.00319552282 -0.00700000022 -0.642700374 0.766117632 -2.87414128e-17
-0.0136000002 -0.00372390915 -0.0144999996 -0.530015767 0.847987771 -1.57810278e-17
-0.0136000002 -0.00372390915 -0.00700000022 -0.469371051 0.883001029 -0
-0.0144212274 -0.00408954313 -0.0144999996 -0.342127115 0.939653695 -0
-0.0144212274 -0.00408954313 -0.00700000022 -0.275527924 0.961293042 -0
-0.0153005272 -0.0042764442 -0.0144999996 -0.139285833 0.990252197 -0
-0.0153005272 -0.0042764442 -0.00700000022 -0.0696429163 0.997572005 -0
-0.0161994733 -0.0042764442 -0.0144999996 0.0696429163 0.997572005 3.1562059e-17
-0.0161994733 -0.0042764442 -0.00700000022 0.139285833 0.990252197 3.1562059e-17
-0.0170787722 -0.00408954313 -0.0144999996 0.275527924 0.961293042 3.1562059e-17
-0.0170787722 -0.00408954313 -0.00700000022 0.342127115 0.939653695 -0
-0.0178999994 -0.00372390915 -0.0144999996 0.469371051 0.883001029 -0
-0.0178999994 -0.00372390915 -0.00700000022 0.530015826 0.847987771 1.56698448e-17
-0.0186272617 -0.00319552282 -0.0144999996 0.642700374 0.766117632 2.8820703e-17
-0.0186272617 -0.00319552282 -0.00700000022 0.694740236 0.719260752 4.1781088e-17
-0.0192287732 -0.00252747652 -0.0144999996 0.787940681 0.615751207 3.66319283e-17
-0.0192287732 -0.00252747652 -0.00700000022 0.829101205 0.559098542 5.25345583e-17
-0.0196782462 -0.00174896757 -0.0144999996 0.898744106 0.438473463 5.79853742e-17
-0.0196782462 -0.00174896757 -0.00700000022 0.927226484 0.37450102 7.14060752e-17
-0.0199560355 -0.000894020253 -0.0144999996 0.97026819 0.242032334 5.02431059e-17
-0.0199560355 -0.000894020253 -0.00700000022 0.984827518 0.173536077 3.18319051e-17
-0.0200500004 0 -0.0144999996 0.994521916 0.104528464 1.17781561e-17
-0.0200500004 0 -0.00700000022 0.994521916 0.104528464 -0
0.00252444879 0.0163722206 -0.00400000019 -0.979825675 -0.19985415 -0
0.00252444879 0.0163722206 -0.00700000022 -0.960469365 -0.278385639 -0
0.00260000001 0.0157500003 -0.00700000022 -0.992708862 -0.120536678 -0
0.00260000001 0.0157500003 -0.00400000019 -0.992708862 -0.120536678 -0
0.00230218563 0.0169582795 -0.00400000019 -0.903525472 -0.428534359 -0
0.00230218563 0.0169582795 -0.00700000022 -0.865937829 -0.500151634 -0
0.00194612797 0.0174741186 -0.00400000019 -0.774715662 -0.632309735 -0
0.00194612797 0.0174741186 -0.00700000022 -0.721081138 -0.692850649 -0
0.00147696829 0.0178897586 -0.00400000019 -0.600882292 -0.799337566 -0
0.00147696829 0.0178897586 -0.00700000022 -0.534317791 -0.845283687 -0
0.000921972678 0.0181810427 -0.00400000019 -0.392127663 -0.919910789 -0
0.000921972678 0.0181810427 -0.00700000022 -0.316501915 -0.948591888 -0
0.000313395372 0.0183310434 -0.00400000019 -0.160584092 -0.987022161 -0
0.000313395372 0.0183310434 -0.00700000022 -0.0802920461 -0.996771395 -0
-0.000313395372 0.0183310434 -0.00400000019 0.0802920461 -0.996771395 -0
-0.000313395372 0.0183310434 -0.00700000022 0.160584092 -0.987022161 -0
-0.000921972678 0.0181810427 -0.00400000019 0.316501886 -0.948591888 -0
-0.000921972678 0.0181810427 -0.00700000022 0.392127663 -0.919910789 -0
-0.00147696829 0.0178897586 -0.00400000019 0.534317791 -0.845283687 -0
-0.00147696829 0.0178897586 -0.00700000022 0.600882232 -0.799337566 -0
-0.00194612797 0.0174741186 -0.00400000019 0.721081138 -0.69285059 -0
-0.00194612797 0.0174741186 -0.00700000022 0.774715662 -0.632309735 -0
-0.00230218563 0.0169582795 -0.00400000019 0.865937829 -0.500151634 -0
-0.00230218563 0.0169582795 -0.00700000022 0.903525472 -0.428534389 -0
-0.00252444879 0.0163722206 -0.00400000019 0.960469365 -0.278385639 -0
-0.00252444879 0.0163722206 -0.00700000022 0.979825675 -0.19985415 -0
-0.00260000001 0.0157500003 -0.00400000019 0.992708862 -0.120536678 -0
-0.00260000001 0.0157500003 -0.00700000022 0.992708862 -0.120536678 -0
-0.00252444879 0.015127779 -0.00400000019 0.979825675 0.19985415 -0
-0.00252444879 0.015127779 -0.00700000022 0.960469365 0.278385639 -0
-0.00260000001 0.0157500003 -0.00700000022 0.992708862 0.120536678 -0
-0.00260000001 0.0157500003 -0.00400000019 0.992708862 0.120536678 -0
-0.00230218563 0.01454172 -0.00400000019 0.903525472 0.428534359 -0
-0.00230218563 0.01454172 -0.00700000022 0.865937829 0.500151634 -0
-0.00194612797 0.014025881 -0.00400000019 0.774715662 0.632309735 -0
-0.00194612797 0.014025881 -0.00700000022 0.721081138 0.692850649 -0
-0.00147696829 0.0136102419 -0.00400000019 0.600882292 0.799337566 -0
-0.00147696829 0.0136102419 -0.00700000022 0.534317791 0.845283687 -0
-0.000921972678 0.0133189578 -0.00400000019 0.392127663 0.919910789 -0
-0.000921972678 0.0133189578 -0.00700000022 0.316501915 0.948591888 -0
-0.000313395372 0.0131689571 -0.00400000019 0.160584092 0.987022161 -0
-0.000313395372 0.0131689571 -0.00700000022 0.0802920461 0.996771395 -0
0.000313395372 0.0131689571 -0.00400000019 -0.0802920461 0.996771395 -0
0.000313395372 0.0131689571 -0.00700000022 -0.160584092 0.987022161 -0
0.000921972678 0.0133189578 -0.00400000019 -0.316501886 0.948591888 -0
0.000921972678 0.0133189578 -0.00700000022 -0.392127663 0.919910789 -0
0.00147696829 0.0136102419 -0.00400000019 -0.534317791 0.845283687 -0
0.00147696829 0.0136102419 -0.00700000022 -0.600882232 0.799337566 -0
0.00194612797 0.014025881 -0.00400000019 -0.721081138 0.69285059 -0
0.00194612797 0.014025881 -0.00700000022 -0.774715662 0.632309735 -0
0.00230218563 0.01454172 -0.00400000019 -0.865937829 0.500151634 -0
0.00230218563 0.01454172 -0.00700000022 -0.903525472 0.428534389 -0
0.00252444879 0.015127779 -0.00400000019 -0.960469365 0.278385639 -0
0.00252444879 0.015127779 -0.00700000022 -0.979825675 0.19985415 -0
0.00260000001 0.0157500003 -0.00400000019 -0.992708862 0.120536678 -0
0.00260000001 0.0157500003 -0.00700000022 -0.992708862 0.120536678 -0
0.00252444879 -0.015127779 -0.00400000019 -0.979825675 -0.19985415 -0
0.00252444879 -0.015127779 -0.00700000022 -0.960469365 -0.278385639 -0
0.00260000001 -0.0157500003 -0.00700000022 -0.992708862 -0.120536678 -0
0.00260000001 -0.0157500003 -0.00400000019 -0.992708862 -0.120536678 -0
0.00230218563 -0.01454172 -0.00400000019 -0.903525472 -0.428534359 -0
0.00230218563 -0.01454172 -0.00700000022 -0.865937829 -0.500151634 -0
0.00194612797 -0.014025881 -0.00400000019 -0.774715662 -0.632309735 -0
0.00194612797 -0.014025881 -0.00700000022 -0.721081138 -0.692850649 -0
0.00147696829 -0.0136102419 -0.00400000019 -0.600882292 -0.799337566 -0
0.00147696829 -0.0136102419 -0.00700000022 -0.534317791 -0.845283687 -0
0.000921972678 -0.0133189578 -0.00400000019 -0.392127663 -0.919910789 -0
0.000921972678 -0.0133189578 -0.00700000022 -0.316501915 -0.948591888 -0
0.000313395372 -0.0131689571 -0.00400000019 -0.160584092 -0.987022161 -0
0.000313395372 -0.0131689571 -0.00700000022 -0.0802920461 -0.996771395 -0
-0.000313395372 -0.0131689571 -0.00400000019 0.0802920461 -0.996771395 -0
-0.000313395372 -0.0131689571 -0.00700000022 0.160584092 -0.987022161 -0
-0.000921972678 -0.0133189578 -0.00400000019 0.316501886 -0.948591888 -0
-0.000921972678 -0.0133189578 -0.00700000022 0.392127663 -0.919910789 -0
-0.00147696829 -0.0136102419 -0.00400000019 0.534317791 -0.845283687 -0
-0.00147696829 -0.0136102419 -0.00700000022 0.600882232 -0.799337566 -0
-0.00194612797 -0.014025881 -0.00400000019 0.721081138 -0.69285059 -0
-0.00194612797 -0.014025881 -0.00700000022 0.774715662 -0.632309735 -0
-0.00230218563 -0.01454172 -0.00400000019 0.865937829 -0.500151634 -0
-0.00230218563 -0.01454172 -0.00700000022 0.903525472 -0.428534389 -0
-0.00252444879 -0.015127779 -0.00400000019 0.960469365 -0.278385639 -0
-0.00252444879 -0.015127779 -0.00700000022 0.979825675 -0.19985415 -0
-0.00260000001 -0.0157500003 -0.00400000019 0.992708862 -0.120536678 -0
-0.00260000001 -0.0157500003 -0.00700000022 0.992708862 -0.120536678 -0
-0.00252444879 -0.0163722206 -0.00400000019 0.979825675 0.19985415 -0
-0.00252444879 -0.0163722206 -0.00700000022 0.960469365 0.278385639 -0
-0.00260000001 -0.0157500003 -0.00700000022 0.992708862 0.120536678 -0
-0.00260000001 -0.0157500003 -0.00400000019 0.992708862 0.120536678 -0
-0.00230218563 -0.0169582795 -0.00400000019 0.903525472 0.428534359 -0
-0.00230218563 -0.0169582795 -0.00700000022 0.865937829 0.500151634 -0
-0.00194612797 -0.0174741186 -0.00400000019 0.774715662 0.632309735 -0
-0.00194612797 -0.0174741186 -0.00700000022 0.721081138 0.692850649 -0
-0.00147696829 -0.0178897586 -0.00400000019 0.600882292 0.799337566 -0
-0.00147696829 -0.0178897586 -0.00700000022 0.534317791 0.845283687 -0
-0.000921972678 -0.0181810427 -0.00400000019 0.392127663 0.919910789 -0
-0.000921972678 -0.0181810427 -0.00700000022 0.316501915 0.948591888 -0
-0.000313395372 -0.0183310434 -0.00400000019 0.160584092 0.987022161 -0
-0.000313395372 -0.0183310434 -0.00700000022 0.0802920461 0.996771395 -0
0.000313395372 -0.0183310434 -0.00400000019 -0.0802920461 0.996771395 -0
0.000313395372 -0.0183310434 -0.00700000022 -0.160584092 0.987022161 -0
0.000921972678 -0.0181810427 -0.00400000019 -0.316501886 0.948591888 -0
0.000921972678 -0.0181810427 -0.00700000022 -0.392127663 0.919910789 -0
0.00147696829 -0.0178897586 -0.00400000019 -0.534317791 0.845283687 -0
0.00147696829 -0.0178897586 -0.00700000022 -0.600882232 0.799337566 -0
0.00194612797 -0.0174741186 -0.00400000019 -0.721081138 0.69285059 -0
0.00194612797 -0.0174741186 -0.00700000022 -0.774715662 0.632309735 -0
0.00230218563 -0.0169582795 -0.00400000019 -0.865937829 0.500151634 -0
0.00230218563 -0.0169582795 -0.00700000022 -0.903525472 0.428534389 -0
0.00252444879 -0.0163722206 -0.00400000019 -0.960469365 0.278385639 -0
0.00252444879 -0.0163722206 -0.00700000022 -0.979825675 0.19985415 -0
0.00260000001 -0.0157500003 -0.00400000019 -0.992708862 0.120536678 -0
0.00260000001 -0.0157500003 -0.00700000022 -0.992708862 0.120536678 -0
0.0182744488 0.000622220745 -0.00400000019 -0.979825675 -0.19985415 -0
0.0182744488 0.000622220745 -0.00700000022 -0.960469365 -0.278385639 -0
0.0183499996 0 -0.00700000022 -0.992708862 -0.120536678 -0
0.0183499996 0 -0.00400000019 -0.992708862 -0.120536678 -0
0.018052185 0.00120828021 -0.00400000019 -0.903525472 -0.428534359 -0
0.018052185 0.00120828021 -0.00700000022 -0.865937829 -0.500151634 -0
0.0176961273 0.00172411895 -0.00400000019 -0.774715662 -0.632309735 -0
0.0176961273 0.00172411895 -0.00700000022 -0.721081138 -0.692850649 -0
0.017226968 0.00213975809 -0.00400000019 -0.600882292 -0.799337566 -0
0.017226968 0.00213975809 -0.00700000022 -0.534317791 -0.845283687 -0
0.0166719723 0.00243104226 -0.00400000019 -0.392127663 -0.919910789 -0
0.0166719723 0.00243104226 -0.00700000022 -0.316501915 -0.948591888 -0
0.0160633959 0.00258104317 -0.00400000019 -0.160584092 -0.987022161 -0
0.0160633959 0.00258104317 -0.00700000022 -0.0802920461 -0.996771395 -0
0.0154366046 0.00258104317 -0.00400000019 0.0802920461 -0.996771395 -0
0.0154366046 0.00258104317 -0.00700000022 0.160584092 -0.987022161 -0
0.0148280272 0.00243104226 -0.00400000019 0.316501886 -0.948591888 -0
0.0148280272 0.00243104226 -0.00700000022 0.392127663 -0.919910789 -0
0.0142730316 0.00213975809 -0.00400000019 0.534317791 -0.845283687 -0
0.0142730316 0.00213975809 -0.00700000022 0.600882232 -0.799337566 -0
0.0138038723 0.00172411895 -0.00400000019 0.721081138 -0.69285059 -0
0.0138038723 0.00172411895 -0.00700000022 0.774715662 -0.632309735 -0
0.0134478146 0.00120828021 -0.00400000019 0.865937829 -0.500151634 -0
0.0134478146 0.00120828021 -0.00700000022 0.903525472 -0.428534389 -0
0.0132255517 0.000622220745 -0.00400000019 0.960469365 -0.278385639 -0
0.0132255517 0.000622220745 -0.00700000022 0.979825675 -0.19985415 -0
0.01315 0 -0.00400000019 0.992708862 -0.120536678 -0
0.01315 0 -0.00700000022 0.992708862 -0.120536678 -0
0.0132255517 -0.000622220745 -0.00400000019 0.979825675 0.19985415 -0
0.0132255517 -0.000622220745 -0.00700000022 0.960469365 0.278385639 -0
0.01315 0 -0.00700000022 0.992708862 0.120536678 -0
0.01315 0 -0.00400000019 0.992708862 0.120536678 -0
0.0134478146 -0.00120828021 -0.00400000019 0.903525472 0.428534359 -0
0.0134478146 -0.00120828021 -0.00700000022 0.865937829 0.500151634 -0
0.0138038723 -0.00172411895 -0.00400000019 0.774715662 0.632309735 -0
0.0138038723 -0.00172411895 -0.00700000022 0.721081138 0.692850649 -0
0.0142730316 -0.00213975809 -0.00400000019 0.600882292 0.799337566 -0
0.0142730316 -0.00213975809 -0.00700000022 0.534317791 0.845283687 -0
0.0148280272 -0.00243104226 -0.00400000019 0.392127663 0.919910789 -0
0.0148280272 -0.00243104226 -0.00700000022 0.316501915 0.948591888 -0
0.0154366046 -0.00258104317 -0.00400000019 0.160584092 0.987022161 -0
0.0154366046 -0.00258104317 -0.00700000022 0.0802920461 0.996771395 -0
0.0160633959 -0.00258104317 -0.00400000019 -0.0802920461 0.996771395 -0
0.0160633959 -0.00258104317 -0.00700000022 -0.160584092 0.987022161 -0
0.0166719723 -0.00243104226 -0.00400000019 -0.316501886 0.948591888 -0
0.0166719723 -0.00243104226 -0.00700000022 -0.392127663 0.919910789 -0
0.017226968 -0.00213975809 -0.00400000019 -0.534317791 0.845283687 -0
0.017226968 -0.00213975809 -0.00700000022 -0.600882232 0.799337566 -0
0.0176961273 -0.00172411895 -0.00400000019 -0.721081138 0.69285059 -0
0.0176961273 -0.00172411895 -0.00700000022 -0.774715662 0.632309735 -0
0.018052185 -0.00120828021 -0.00400000019 -0.865937829 0.500151634 -0
0.018052185 -0.00120828021 -0.00700000022 -0.903525472 0.428534389 -0
0.0182744488 -0.000622220745 -0.00400000019 -0.960469365 0.278385639 -0
0.0182744488 -0.000622220745 -0.00700000022 -0.979825675 0.19985415 -0
0.0183499996 0 -0.00400000019 -0.992708862 0.120536678 -0
0.0183499996 0 -0.00700000022 -0.992708862 0.120536678 -0
-0.0132255517 0.000622220745 -0.00400000019 -0.979825675 -0.19985415 -0
-0.0132255517 0.000622220745 -0.00700000022 -0.960469365 -0.278385639 -0
-0.01315 0 -0.00700000022 -0.992708862 -0.120536678 -0
-0.01315 0 -0.00400000019 -0.992708862 -0.120536678 -0
-0.0134478146 0.00120828021 -0.00400000019 -0.903525472 -0.428534359 -0
-0.0134478146 0.00120828021 -0.00700000022 -0.865937829 -0.500151634 -0
-0.0138038723 0.00172411895 -0.00400000019 -0.774715662 -0.632309735 -0
-0.0138038723 0.00172411895 -0.00700000022 -0.721081138 -0.692850649 -0
-0.0142730316 0.00213975809 -0.00400000019 -0.600882292 -0.799337566 -0
-0.0142730316 0.00213975809 -0.00700000022 -0.534317791 -0.845283687 -0
-0.0148280272 0.00243104226 -0.00400000019 -0.392127663 -0.919910789 -0
-0.0148280272 0.00243104226 -0.00700000022 -0.316501915 -0.948591888 -0
-0.0154366046 0.00258104317 -0.00400000019 -0.160584092 -0.987022161 -0
-0.0154366046 0.00258104317 -0.00700000022 -0.0802920461 -0.996771395 -0
-0.0160633959 0.00258104317 -0.00400000019 0.0802920461 -0.996771395 -0
-0.0160633959 0.00258104317 -0.00700000022 0.160584092 -0.987022161 -0
-0.0166719723 0.00243104226 -0.00400000019 0.316501886 -0.948591888 -0
-0.0166719723 0.00243104226 -0.00700000022 0.392127663 -0.919910789 -0
-0.017226968 0.00213975809 -0.00400000019 0.534317791 -0.845283687 -0
-0.017226968 0.00213975809 -0.00700000022 0.600882232 -0.799337566 -0
-0.0176961273 0.00172411895 -0.00400000019 0.721081138 -0.69285059 -0
-0.0176961273 0.00172411895 -0.00700000022 0.774715662 -0.632309735 -0
-0.018052185 0.00120828021 -0.00400000019 0.865937829 -0.500151634 -0
-0.018052185 0.00120828021 -0.00700000022 0.903525472 -0.428534389 -0
-0.0182744488 0.000622220745 -0.00400000019 0.960469365 -0.278385639 -0
-0.0182744488 0.000622220745 -0.00700000022 0.979825675 -0.19985415 -0
-0.0183499996 0 -0.00400000019 0.992708862 -0.120536678 -0
-0.0183499996 0 -0.00700000022 0.992708862 -0.120536678 -0
-0.0182744488 -0.000622220745 -0.00400000019 0.979825675 0.19985415 -0
-0.0182744488 -0.000622220745 -0.00700000022 0.960469365 0.278385639 -0
-0.0183499996 0 -0.00700000022 0.992708862 0.120536678 -0
-0.0183499996 0 -0.00400000019 0.992708862 0.120536678 -0
-0.018052185 -0.00120828021 -0.00400000019 0.903525472 0.428534359 -0
-0.018052185 -0.00120828021 -0.00700000022 0.865937829 0.500151634 -0
-0.0176961273 -0.00172411895 -0.00400000019 0.774715662 0.632309735 -0
-0.0176961273 -0.00172411895 -0.00700000022 0.721081138 0.692850649 -0
-0.017226968 -0.00213975809 -0.00400000019 0.600882292 0.799337566 -0
-0.017226968 -0.00213975809 -0.00700000022 0.534317791 0.845283687 -0
-0.0166719723 -0.00243104226 -0.00400000019 0.392127663 0.919910789 -0
-0.0166719723 -0.00243104226 -0.00700000022 0.316501915 0.948591888 -0
-0.0160633959 -0.00258104317 -0.00400000019 0.160584092 0.987022161 -0
-0.0160633959 -0.00258104317 -0.00700000022 0.0802920461 0.996771395 -0
-0.0154366046 -0.00258104317 -0.00400000019 -0.0802920461 0.996771395 -0
-0.0154366046 -0.00258104317 -0.00700000022 -0.160584092 0.987022161 -0
-0.0148280272 -0.00243104226 -0.00400000019 -0.316501886 0.948591888 -0
-0.0148280272 -0.00243104226 -0.00700000022 -0.392127663 0.919910789 -0
-0.0142730316 -0.00213975809 -0.00400000019 -0.534317791 0.845283687 -0
-0.0142730316 -0.00213975809 -0.00700000022 -0.600882232 0.799337566 -0
-0.0138038723 -0.00172411895 -0.00400000019 -0.721081138 0.69285059 -0
-0.0138038723 -0.00172411895 -0.00700000022 -0.774715662 0.632309735 -0
-0.0134478146 -0.00120828021 -0.00400000019 -0.865937829 0.500151634 -0
-0.0134478146 -0.00120828021 -0.00700000022 -0.903525472 0.428534389 -0
-0.0132255517 -0.000622220745 -0.00400000019 -0.960469365 0.278385639 -0
-0.0132255517 -0.000622220745 -0.00700000022 -0.979825675 0.19985415 -0
-0.01315 0 -0.00400000019 -0.992708862 0.120536678 -0
-0.01315 0 -0.00700000022 -0.992708862 0.120536678 -0
0.00247738045 -0.0298975352 -0.0140000004 0.048982583 -0.705433488 -0.707081556
0 -0.0299999993 -0.0140000004 0.0292336531 -0.706804574 -0.706804574
1.28785867e-17 -0.0289999992 -0.0149999997 0.0296069495 -0.706308842 -0.707284451
0.0024593717 -0.0288955271 -0.0149999997 0.0691344813 -0.703105986 -0.707716346
0.00493783783 -0.0295908395 -0.0140000004 0.107633173 -0.699194372 -0.706783116
0.00490102358 -0.0285828616 -0.0149999997 0.12793836 -0.694510579 -0.708016098
0.00736456458 -0.0290820077 -0.0140000004 0.165580451 -0.688068986 -0.706501365
0.00730736367 -0.0280642547 -0.0149999997 0.185791641 -0.681025445 -0.708297789
0.00974098407 -0.0283745173 -0.0140000004 0.22241655 -0.672131717 -0.706236422
0.00966105424 -0.0273434464 -0.0149999997 0.24229002 -0.662748814 -0.708561599
0.0120508624 -0.0274732001 -0.0140000004 0.277741134 -0.651490927 -0.705988228
0.0119451359 -0.0264256261 -0.0149999997 0.297039032 -0.639812231 -0.708807588
0.0142784221 -0.0263842121 -0.0140000004 0.3311643 -0.626288474 -0.705757022
0.0141431531 -0.02531741 -0.0149999997 0.349656463 -0.612379551 -0.709035754
0.0164084453 -0.0251149945 -0.0140000004 0.382309318 -0.596698523 -0.705542684
0.0162392687 -0.0240267795 -0.0149999997 0.399775445 -0.58064574 -0.709246159
0.0184263811 -0.0236742161 -0.0140000004 0.430815369 -0.562926412 -0.705345333
0.0182183795 -0.0225630365 -0.0149999997 0.447046489 -0.544835746 -0.70943886
0.0203184467 -0.0220717173 -0.0140000004 0.476340026 -0.525207102 -0.705164969
0.0200662278 -0.0209367275 -0.0149999997 0.491140187 -0.505202353 -0.709613919
0.0220717173 -0.0203184467 -0.0140000004 0.5185619 -0.483803868 -0.705001712
0.0217694975 -0.0191595666 -0.0149999997 0.531749308 -0.462025255 -0.709771335
0.0236742161 -0.0184263811 -0.0140000004 0.557182729 -0.439005822 -0.704855502
0.0233159177 -0.0172443613 -0.0149999997 0.568591297 -0.415608048 -0.709911168
0.0251149945 -0.0164084453 -0.0140000004 0.591929615 -0.391126484 -0.704726458
0.0246943459 -0.0152049111 -0.0149999997 0.601409495 -0.366277307 -0.710033476
0.0263842121 -0.0142784221 -0.0140000004 0.622556984 -0.340501249 -0.70461452
0.0258948505 -0.0130559085 -0.0149999997 0.629975557 -0.314379483 -0.710138261
0.0274732001 -0.0120508624 -0.0140000004 0.648848355 -0.287484944 -0.704519868
0.0269087814 -0.0108128376 -0.0149999997 0.654090822 -0.260278672 -0.710225523
0.0283745173 -0.00974098407 -0.0140000004 0.670617819 -0.232449532 -0.704442263
0.0277288351 -0.0084918607 -0.0149999997 0.673587322 -0.204354286 -0.71029532
0.0290820077 -0.00736456458 -0.0140000004 0.687711418 -0.17578131 -0.704382002
0.0283491015 -0.00610969868 -0.0149999997 0.688329637 -0.14699842 -0.710347652
0.0295908395 -0.00493783783 -0.0140000004 0.700008214 -0.117878184 -0.704338849
0.0287651122 -0.00368351676 -0.0149999997 0.698215187 -0.0886129066 -0.710382521
0.0298975352 -0.00247738045 -0.0140000004 0.707421243 -0.0591468774 -0.70431298
0.02897387 -0.00123079494 -0.0149999997 0.703175128 -0.0296067521 -0.710399985
0.0299999993 1.83697024e-18 -0.0140000004 0.709898114 0 -0.704304338
0.02897387 0.00123079494 -0.0149999997 0.703175187 0.029606754 -0.710399985
0.0298975352 0.00247738045 -0.0140000004 0.707421243 0.0591468811 -0.70431298
0.0287651122 0.00368351676 -0.0149999997 0.698215127 0.0886128992 -0.710382521
0.0295908395 0.00493783783 -0.0140000004 0.700008273 0.117878184 -0.704338849
0.0283491015 0.00610969868 -0.0149999997 0.688329577 0.14699842 -0.710347652
0.0290820077 0.00736456458 -0.0140000004 0.687711418 0.175781295 -0.704381943
0.0277288351 0.0084918607 -0.0149999997 0.673587322 0.204354286 -0.71029532
0.0283745173 0.00974098407 -0.0140000004 0.670617819 0.232449532 -0.704442263
0.0269087814 0.0108128376 -0.0149999997 0.654090703 0.260278642 -0.710225582
0.0274732001 0.0120508624 -0.0140000004 0.648848414 0.287484944 -0.704519808
0.0258948505 0.0130559085 -0.0149999997 0.629975498 0.314379454 -0.710138261
0.0263842121 0.0142784221 -0.0140000004 0.622556984 0.340501249 -0.70461452
0.0246943459 0.0152049111 -0.0149999997 0.601409495 0.366277307 -0.710033476
0.0251149945 0.0164084453 -0.0140000004 0.591929615 0.391126484 -0.704726458
0.0233159177 0.0172443613 -0.0149999997 0.568591297 0.415608048 -0.709911227
0.0236742161 0.0184263811 -0.0140000004 0.557182729 0.439005792 -0.704855502
0.0217694975 0.0191595666 -0.0149999997 0.531749308 0.462025255 -0.709771335
0.0220717173 0.0203184467 -0.0140000004 0.5185619 0.483803868 -0.705001712
0.0200662278 0.0209367275 -0.0149999997 0.491140157 0.505202413 -0.70961386
0.0203184467 0.0220717173 -0.0140000004 0.476340026 0.525207102 -0.705164969
0.0182183795 0.0225630365 -0.0149999997 0.447046459 0.544835746 -0.70943886
0.0184263811 0.0236742161 -0.0140000004 0.430815339 0.562926412 -0.705345333
0.0162392687 0.0240267795 -0.0149999997 0.399775445 0.58064574 -0.709246159
0.0164084453 0.0251149945 -0.0140000004 0.382309318 0.596698523 -0.705542684
0.0141431531 0.02531741 -0.0149999997 0.349656463 0.612379491 -0.709035754
0.0142784221 0.0263842121 -0.0140000004 0.3311643 0.626288474 -0.705757022
0.0119451359 0.0264256261 -0.0149999997 0.297039032 0.639812231 -0.708807588
0.0120508624 0.0274732001 -0.0140000004 0.277741134 0.651490927 -0.705988228
0.00966105424 0.0273434464 -0.0149999997 0.24229005 0.662748814 -0.708561599
0.00974098407 0.0283745173 -0.0140000004 0.22241655 0.672131717 -0.706236362
0.00730736367 0.0280642547 -0.0149999997 0.185791641 0.681025445 -0.708297849
0.00736456458 0.0290820077 -0.0140000004 0.165580466 0.688069046 -0.706501365
0.00490102358 0.0285828616 -0.0149999997 0.12793836 0.694510579 -0.708016098
0.00493783783 0.0295908395 -0.0140000004 0.107633173 0.699194372 -0.706783116
0.0024593717 0.0288955271 -0.0149999997 0.0691344887 0.703105986 -0.707716346
0.00247738045 0.0298975352 -0.0140000004 0.048982583 0.705433488 -0.707081556
0 0.0289999992 -0.0149999997 0.0296069495 0.706308842 -0.707284451
0 0.0299999993 -0.0140000004 0.0292336531 0.706804574 -0.706804574
-0.0189376026 0.0162554998 -0.0109999999 -0 -0 1
-0.0176776703 0.019577669 -0.0109999999 -0 -0 1
-0.01813237 0.0195224583 -0.0109999999 -0 -0 1
-0.0185606442 0.0193600357 -0.0109999999 -0 -0 1
-0.0189376026 0.019099839 -0.0109999999 -0 -0 1
-0.0192413386 0.0187569931 -0.0109999999 -0 -0 1
-0.0194541998 0.0183514189 -0.0109999999 -0 -0 1
-0.0195638165 0.01790669 -0.0109999999 -0 -0 1
-0.0195638165 0.0174486507 -0.0109999999 -0 -0 1
-0.0194541998 0.0170039199 -0.0109999999 -0 -0 1
-0.0192413386 0.0165983457 -0.0109999999 -0 -0 1
-0.0185606442 0.0159953032 -0.0109999999 -0 -0 1
-0.01813237 0.0158328805 -0.0109999999 -0 -0 1
-0.0176776703 0.0157776698 -0.0109999999 -0 -0 1
-0.0172229689 0.0158328805 -0.0109999999 -0 -0 1
-0.0167946946 0.0159953032 -0.0109999999 -0 -0 1
-0.0164177362 0.0162554998 -0.0109999999 -0 -0 1
-0.0161140002 0.0165983457 -0.0109999999 -0 -0 1
-0.015901139 0.0170039199 -0.0109999999 -0 -0 1
-0.0157915223 0.0174486507 -0.0109999999 -0 -0 1
-0.0157915223 0.01790669 -0.0109999999 -0 -0 1
-0.015901139 0.0183514189 -0.0109999999 -0 -0 1
-0.0161140002 0.0187569931 -0.0109999999 -0 -0 1
-0.0164177362 0.019099839 -0.0109999999 -0 -0 1
-0.0167946946 0.0193600357 -0.0109999999 -0 -0 1
-0.0172229689 0.0195224583 -0.0109999999 -0 -0 1
0.0164177362 -0.019099839 -0.0109999999 -0 -0 1
0.0176776703 -0.019577669 -0.0109999999 -0 -0 1
0.01813237 -0.0195224583 -0.0109999999 -0 -0 1
0.0185606442 -0.0193600357 -0.0109999999 -0 -0 1
0.0189376026 -0.019099839 -0.0109999999 -0 -0 1
0.0192413386 -0.0187569931 -0.0109999999 -0 -0 1
0.0194541998 -0.0183514189 -0.0109999999 -0 -0 1
0.0195638165 -0.01790669 -0.0109999999 -0 -0 1
0.0195638165 -0.0174486507 -0.0109999999 -0 -0 1
0.0194541998 -0.0170039199 -0.0109999999 -0 -0 1
0.0192413386 -0.0165983457 -0.0109999999 -0 -0 1
0.0189376026 -0.0162554998 -0.0109999999 -0 -0 1
0.0185606442 -0.0159953032 -0.0109999999 -0 -0 1
0.01813237 -0.0158328805 -0.0109999999 -0 -0 1
0.0176776703 -0.0157776698 -0.0109999999 -0 -0 1
0.0172229689 -0.0158328805 -0.0109999999 -0 -0 1
0.0167946946 -0.0159953032 -0.0109999999 -0 -0 1
0.0164177362 -0.0162554998 -0.0109999999 -0 -0 1
0.0161140002 -0.0165983457 -0.0109999999 -0 -0 1
0.015901139 -0.0170039199 -0.0109999999 -0 -0 1
0.0157915223 -0.0174486507 -0.0109999999 -0 -0 1
0.0157915223 -0.01790669 -0.0109999999 -0 -0 1
0.015901139 -0.0183514189 -0.0109999999 -0 -0 1
0.0161140002 -0.0187569931 -0.0109999999 -0 -0 1
0.0167946946 -0.0193600357 -0.0109999999 -0 -0 1
0.0172229689 -0.0195224583 -0.0109999999 -0 -0 1
0.00753803039 0.00171030534 -0.0109999999 2.1032416e-05 -7.23960113e-07 1
0.00799999759 0.00201557274 -0.0110000167 3.77739598e-05 -1.3002234e-06 1
0.00759041635 0.00323222275 -0.0109999999 9.06114383e-06 -3.11895036e-07 1
0.00716460124 0.00130146521 -0.0109999999 -0 -0 1
0.00699709496 0.00437063025 -0.0109999999 -0 -0 1
0.00690232962 0.000813804741 -0.0109999999 -0 -0 1
0.00623435061 0.00540321134 -0.0109999999 -0 -0 1
0.00532065192 0.00630496349 -0.0109999999 -0 -0 1
0.00427812198 0.00705405278 -0.0109999999 -0 -0 1
0.00676709833 0.000276857871 -0.0109999999 -0 -0 1
0.00313200476 0.00763234077 -0.0109999999 -0 -0 1
0.0019100504 0.00802582595 -0.0109999999 -0 -0 1
0.000641846855 0.00822497997 -0.0109999999 -0 -0 1
0.00759045407 -0.00323223555 -0.0109999999 8.34551599e-07 2.87472748e-08 1
0.00753802899 -0.00171030429 -0.0109999999 1.9371862e-06 6.67290294e-08 1
0.00716460031 -0.00130146393 -0.0109999999 -0 -0 1
0.00799999852 -0.00201556436 -0.0110000018 3.47913419e-06 1.19843563e-07 1
0.00699712802 -0.00437064609 -0.0109999999 -0 -0 1
0.00690232869 -0.000813803228 -0.0109999999 -0 -0 1
0.00623437902 -0.00540322904 -0.0109999999 -0 -0 1
0.00532067567 -0.00630498258 -0.0109999999 -0 -0 1
0.00427814107 -0.0070540728 -0.0109999999 -0 -0 1
0.00676709833 -0.00027685627 -0.0109999999 -0 -0 1
0.00313201919 -0.00763236172 -0.0109999999 -0 -0 1
-0.00716460217 0.00130146614 -0.0109999999 -0 -0 1
-0.00759047689 0.00323223602 -0.0109999999 1.03210994e-06 3.5566579e-08 1
-0.00753803132 0.00171030627 -0.0109999999 2.39579231e-06 8.25591684e-08 1
-0.00699715363 0.00437064283 -0.0109999999 -0 -0 1
-0.00800000224 0.00201556459 -0.0109999981 4.30276486e-06 1.48273571e-07 1
-0.00690232962 0.000813805382 -0.0109999999 -0 -0 1
-0.004278176 0.00705406023 -0.0109999999 -0 -0 1
-0.00532070734 0.00630497327 -0.0109999999 -0 -0 1
-0.00623440742 0.00540322252 -0.0109999999 -0 -0 1
0.00191006041 -0.00802584738 -0.0109999999 -0 -0 1
-0.00676709833 0.00027685822 -0.0109999999 -0 -0 1
-0.00064189866 0.00822498091 -0.0109999999 -0 -0 1
-0.00191010255 0.00802582875 -0.0109999999 -0 -0 1
-0.00313205761 0.00763234636 -0.0109999999 -0 -0 1
-0.00676709833 -0.00027685627 -0.0109999999 -0 -0 1
0.000641852384 -0.00822500139 -0.0109999999 -0 -0 1
-0.000641897495 -0.00822500233 -0.0109999999 -0 -0 1
-0.00191010581 -0.00802585017 -0.0109999999 -0 -0 1
-0.00313206506 -0.00763236638 -0.0109999999 -0 -0 1
-0.00759050669 -0.0032322472 -0.0109999999 8.51416189e-06 -2.93570338e-07 1
-0.00753802992 -0.00171030499 -0.0109999999 1.97640165e-05 -6.81468009e-07 1
-0.00800000131 -0.00201555667 -0.0109999841 3.54953263e-05 -1.22388735e-06 1
-0.00716460077 -0.00130146451 -0.0109999999 -0 -0 1
-0.00427818811 -0.00705407932 -0.0109999999 -0 -0 1
-0.00690232916 -0.000813803519 -0.0109999999 -0 -0 1
-0.00699717877 -0.00437065633 -0.0109999999 -0 -0 1
-0.00532072363 -0.00630499097 -0.0109999999 -0 -0 1
-0.00623442838 -0.00540323835 -0.0109999999 -0 -0 1
-0.0182520263 0.0153474091 -0.0115 -0.145538241 -0.69218123 0.706897318
-0.0176776703 0.0152776698 -0.0115 -0.0855435878 -0.704514802 0.704514802
-0.0176776703 0.0157776698 -0.0109999999 -0.0855435953 -0.704514802 0.704514802
-0.01813237 0.0158328805 -0.0109999999 -0.201380268 -0.678231299 0.706716597
-0.0187930055 0.0155525748 -0.0115 -0.306958973 -0.637238145 0.706897318
-0.0185606442 0.0159953032 -0.0109999999 -0.357839912 -0.610329688 0.706716597
-0.0192691647 0.0158812441 -0.0115 -0.450540334 -0.545261085 0.706897259
-0.0189376026 0.0162554998 -0.0109999999 -0.493503183 -0.506957889 0.706716597
-0.0196528304 0.0163143147 -0.0115 -0.56793797 -0.421595395 0.706897259
-0.0192413386 0.0165983457 -0.0109999999 -0.600485802 -0.374123633 0.706716597
-0.0199217089 0.0168266185 -0.0115 -0.652329087 -0.273428172 0.706897318
-0.0194541998 0.0170039199 -0.0109999999 -0.672570407 -0.219546586 0.706716597
-0.0200601704 0.0173883811 -0.0115 -0.698809266 -0.109370254 0.706897318
-0.0195638165 0.0174486507 -0.0109999999 -0.705567718 -0.0522103235 0.706716597
-0.0200601704 0.0179669578 -0.0115 -0.704677165 0.0610438548 0.706897318
-0.0195638165 0.01790669 -0.0109999999 -0.697559953 0.118160211 0.706716597
-0.0199217089 0.0185287204 -0.0115 -0.669591725 0.22791031 0.706897318
-0.0194541998 0.0183514189 -0.0109999999 -0.649012506 0.281663716 0.706716597
-0.0196528304 0.0190410241 -0.0115 -0.595592141 0.381531447 0.706897259
-0.0192413386 0.0187569931 -0.0109999999 -0.562746882 0.42879793 0.706716597
-0.0192691647 0.0194740947 -0.0115 -0.486978829 0.512979388 0.706897318
-0.0189376026 0.019099839 -0.0109999999 -0.443776369 0.55101198 0.706716597
-0.0187930055 0.0198027641 -0.0115 -0.350064158 0.614614785 0.706897318
-0.0185606442 0.0193600357 -0.0109999999 -0.299015284 0.641203225 0.706716597
-0.0182520263 0.0200079307 -0.0115 -0.192804962 0.680531025 0.706897318
-0.01813237 0.0195224583 -0.0109999999 -0.136876449 0.694130063 0.706716537
-0.0176776703 0.02007767 -0.0115 -0.0855435953 0.704514802 0.704514802
-0.0176776703 0.019577669 -0.0109999999 -0.0855435878 0.704514861 0.704514861
-0.0171033125 0.0200079307 -0.0115 0.145538241 0.69218123 0.706897318
-0.0176776703 0.02007767 -0.0115 0.0855435878 0.704514802 0.704514802
-0.0176776703 0.019577669 -0.0109999999 0.0855435953 0.704514802 0.704514802
-0.0172229689 0.0195224583 -0.0109999999 0.201380268 0.678231299 0.706716597
-0.0165623333 0.0198027641 -0.0115 0.306958973 0.637238145 0.706897318
-0.0167946946 0.0193600357 -0.0109999999 0.357839912 0.610329688 0.706716597
-0.016086176 0.0194740947 -0.0115 0.450540334 0.545261085 0.706897259
-0.0164177362 0.019099839 -0.0109999999 0.493503183 0.506957889 0.706716597
-0.0157025084 0.0190410241 -0.0115 0.56793797 0.421595395 0.706897259
-0.0161140002 0.0187569931 -0.0109999999 0.600485802 0.374123633 0.706716597
-0.0154336309 0.0185287204 -0.0115 0.652329087 0.273428172 0.706897318
-0.015901139 0.0183514189 -0.0109999999 0.672570407 0.219546586 0.706716597
-0.0152951684 0.0179669578 -0.0115 0.698809266 0.109370254 0.706897318
-0.0157915223 0.01790669 -0.0109999999 0.705567718 0.0522103235 0.706716597
-0.0152951684 0.0173883811 -0.0115 0.704677165 -0.0610438548 0.706897318
-0.0157915223 0.0174486507 -0.0109999999 0.697559953 -0.118160211 0.706716597
-0.0154336309 0.0168266185 -0.0115 0.669591725 -0.22791031 0.706897318
-0.015901139 0.0170039199 -0.0109999999 0.649012506 -0.281663716 0.706716597
-0.0157025084 0.0163143147 -0.0115 0.595592141 -0.381531447 0.706897259
-0.0161140002 0.0165983457 -0.0109999999 0.562746882 -0.42879793 0.706716597
-0.016086176 0.0158812441 -0.0115 0.486978829 -0.512979388 0.706897318
-0.0164177362 0.0162554998 -0.0109999999 0.443776369 -0.55101198 0.706716597
-0.0165623333 0.0155525748 -0.0115 0.350064158 -0.614614785 0.706897318
-0.0167946946 0.0159953032 -0.0109999999 0.299015284 -0.641203225 0.706716597
-0.0171033125 0.0153474091 -0.0115 0.192804962 -0.680531025 0.706897318
-0.0172229689 0.0158328805 -0.0109999999 0.136876449 -0.694130063 0.706716537
-0.0176776703 0.0152776698 -0.0115 0.0855435953 -0.704514802 0.704514802
-0.0176776703 0.0157776698 -0.0109999999 0.0855435878 -0.704514861 0.704514861
-0.0171033125 0.0200079307 -0.0149999997 0.199854136 0.979825675 0
-0.0176776703 0.02007767 -0.0149999997 0.120536678 0.992708862 0
-0.0176776703 0.02007767 -0.0115 0.120536678 0.992708862 0
-0.0171033125 0.0200079307 -0.0115 0.278385639 0.960469365 3.10965912e-16
-0.0165623333 0.0198027641 -0.0149999997 0.428534359 0.903525472 5.87255036e-16
-0.0165623333 0.0198027641 -0.0115 0.500151634 0.865937829 8.60961398e-16
-0.016086176 0.0194740947 -0.0149999997 0.632309735 0.774715722 7.69272623e-16
-0.016086176 0.0194740947 -0.0115 0.69285059 0.721081197 4.92983499e-16
-0.0157025084 0.0190410241 -0.0149999997 0.799337566 0.600882232 2.19277084e-16
-0.0157025084 0.0190410241 -0.0115 0.845283628 0.534317851 0
-0.0154336309 0.0185287204 -0.0149999997 0.919910789 0.392127663 0
-0.0154336309 0.0185287204 -0.0115 0.948591888 0.316501915 0
-0.0152951684 0.0179669578 -0.0149999997 0.987022161 0.160584107 0
-0.0152951684 0.0179669578 -0.0115 0.996771395 0.0802920461 0
-0.0152951684 0.0173883811 -0.0149999997 0.996771395 -0.0802920461 0
-0.0152951684 0.0173883811 -0.0115 0.987022161 -0.160584107 0
-0.0154336309 0.0168266185 -0.0149999997 0.948591888 -0.316501915 0
-0.0154336309 0.0168266185 -0.0115 0.919910789 -0.392127663 0
-0.0157025084 0.0163143147 -0.0149999997 0.845283628 -0.534317851 0
-0.0157025084 0.0163143147 -0.0115 0.799337566 -0.600882232 -2.20540063e-16
-0.016086176 0.0158812441 -0.0149999997 0.69285059 -0.721081197 -4.92443621e-16
-0.016086176 0.0158812441 -0.0115 0.632309735 -0.774715722 -4.92443621e-16
-0.0165623333 0.0155525748 -0.0149999997 0.500151634 -0.865937829 -2.71903585e-16
-0.0165623333 0.0155525748 -0.0115 0.428534359 -0.903525472 0
-0.0171033125 0.0153474091 -0.0149999997 0.278385639 -0.960469365 0
-0.0171033125 0.0153474091 -0.0115 0.199854136 -0.979825675 0
-0.0176776703 0.0152776698 -0.0149999997 0.120536678 -0.992708862 0
-0.0176776703 0.0152776698 -0.0115 0.120536678 -0.992708862 0
-0.0182520263 0.0153474091 -0.0149999997 -0.199854136 -0.979825675 0
-0.0176776703 0.0152776698 -0.0149999997 -0.120536678 -0.992708862 0
-0.0176776703 0.0152776698 -0.0115 -0.120536678 -0.992708862 0
-0.0182520263 0.0153474091 -0.0115 -0.278385639 -0.960469365 0
-0.0187930055 0.0155525748 -0.0149999997 -0.428534359 -0.903525472 0
-0.0187930055 0.0155525748 -0.0115 -0.500151634 -0.865937829 2.73706415e-16
-0.0192691647 0.0158812441 -0.0149999997 -0.632309735 -0.774715722 4.92983499e-16
-0.0192691647 0.0158812441 -0.0115 -0.69285059 -0.721081197 4.92983499e-16
-0.0196528304 0.0163143147 -0.0149999997 -0.799337566 -0.600882232 2.19277084e-16
-0.0196528304 0.0163143147 -0.0115 -0.845283628 -0.534317851 0
-0.0199217089 0.0168266185 -0.0149999997 -0.919910789 -0.392127663 0
-0.0199217089 0.0168266185 -0.0115 -0.948591888 -0.316501915 0
-0.0200601704 0.0173883811 -0.0149999997 -0.987022161 -0.160584107 0
-0.0200601704 0.0173883811 -0.0115 -0.996771395 -0.0802920461 0
-0.0200601704 0.0179669578 -0.0149999997 -0.996771395 0.0802920461 0
-0.0200601704 0.0179669578 -0.0115 -0.987022161 0.160584107 0
-0.0199217089 0.0185287204 -0.0149999997 -0.948591888 0.316501915 0
-0.0199217089 0.0185287204 -0.0115 -0.919910789 0.392127663 0
-0.0196528304 0.0190410241 -0.0149999997 -0.845283628 0.534317851 0
-0.0196528304 0.0190410241 -0.0115 -0.799337566 0.600882232 -2.20540063e-16
-0.0192691647 0.0194740947 -0.0149999997 -0.69285059 0.721081197 -4.96829187e-16
-0.0192691647 0.0194740947 -0.0115 -0.632309735 0.774715722 -7.70535549e-16
-0.0187930055 0.0198027641 -0.0149999997 -0.500151634 0.865937829 -8.61368927e-16
-0.0187930055 0.0198027641 -0.0115 -0.428534359 0.903525472 -5.85079856e-16
-0.0182520263 0.0200079307 -0.0149999997 -0.278385639 0.960469365 -3.11373467e-16
-0.0182520263 0.0200079307 -0.0115 -0.199854136 0.979825675 0
-0.0176776703 0.02007767 -0.0149999997 -0.120536678 0.992708862 0
-0.0176776703 0.02007767 -0.0115 -0.120536678 0.992708862 0
0.0266665425 0.00115033111 -0.0149999997 -0 -0 1
0.0288739596 0.00122655078 -0.0149999997 -0 -0 1
0.0286659226 0.00367081491 -0.0149999997 -0 -0 1
0.0263428241 0.00151573424 -0.0149999997 -0 -0 1
0.00166654238 0.0261503309 -0.0149999997 -0 -0 1
0.0048841238 0.0284842998 -0.0149999997 -0 -0 1
0.0024508913 0.0287958868 -0.0149999997 -0 -0 1
0.00134282338 0.0265157335 -0.0149999997 -0 -0 1
0.0259410646 0.00179304846 -0.0149999997 -0 -0 1
0.000941064442 0.0267930478 -0.0149999997 -0 -0 1
0.0268934071 0.000718074909 -0.0149999997 -0 -0 1
0.0018934079 0.0257180743 -0.0149999997 -0 -0 1
0.0254846141 0.00196615723 -0.0149999997 -0 -0 1
0.0282513462 0.00608863076 -0.0149999997 -0 -0 1
0.000484614226 0.0269661564 -0.0149999997 -0 -0 1
0 0.0288999993 -0.0149999997 -0 -0 1
0.0270102359 0.000244086783 -0.0149999997 -0 -0 1
0.00201023556 0.025244087 -0.0149999997 -0 -0 1
0.00728216581 0.0279674828 -0.0149999997 -0 -0 1
0.0250000004 0.00202500005 -0.0149999997 -0 -0 1
0 0.0270249993 -0.0149999997 -0 -0 1
0.0270102359 -0.000244086783 -0.0149999997 -0 -0 1
0.0288739596 -0.00122655078 -0.0149999997 -0 -0 1
0.00201023556 0.0247559138 -0.0149999997 -0 -0 1
0.0245153867 0.00196615723 -0.0149999997 -0 -0 1
0.0276332181 0.00846257806 -0.0149999997 -0 -0 1
-0.000484614226 0.0269661564 -0.0149999997 -0 -0 1
-0.0024508913 0.0287958868 -0.0149999997 -0 -0 1
0.0268934071 -0.000718074909 -0.0149999997 -0 -0 1
0.0018934079 0.0242819246 -0.0149999997 -0 -0 1
0.0096277399 0.0272491574 -0.0149999997 -0 -0 1
0.0240589362 0.00179304846 -0.0149999997 -0 -0 1
0.0268159937 0.0107755521 -0.0149999997 -0 -0 1
-0.000941064442 0.0267930478 -0.0149999997 -0 -0 1
0.00166654238 0.023849668 -0.0149999997 -0 -0 1
0.0119039463 0.0263345037 -0.0149999997 -0 -0 1
0.0266665425 -0.00115033111 -0.0149999997 -0 -0 1
0.0236571766 0.00151573424 -0.0149999997 -0 -0 1
0.0258055571 0.0130108884 -0.0149999997 -0 -0 1
-0.00134282338 0.0265157335 -0.0149999997 -0 -0 1
0.0286659226 -0.00367081491 -0.0149999997 -0 -0 1
0.0263428241 -0.00151573424 -0.0149999997 -0 -0 1
0.00134282338 0.0234842654 -0.0149999997 -0 -0 1
0.0140943835 0.0252301078 -0.0149999997 -0 -0 1
-0.00166654238 0.0261503309 -0.0149999997 -0 -0 1
0.0259410646 -0.00179304846 -0.0149999997 -0 -0 1
-0.0048841238 0.0284842998 -0.0149999997 -0 -0 1
-0.0018934079 0.0257180743 -0.0149999997 -0 -0 1
0.0254846141 -0.00196615723 -0.0149999997 -0 -0 1
-0.00201023556 0.025244087 -0.0149999997 -0 -0 1
0.0282513462 -0.00608863076 -0.0149999997 -0 -0 1
0.0250000004 -0.00202500005 -0.0149999997 -0 -0 1
0.0245153867 -0.00196615723 -0.0149999997 -0 -0 1
-0.00728216581 0.0279674828 -0.0149999997 -0 -0 1
-0.00201023556 0.0247559138 -0.0149999997 -0 -0 1
-0.0018934079 0.0242819246 -0.0149999997 -0 -0 1
0.0276332181 -0.00846257806 -0.0149999997 -0 -0 1
0.0240589362 -0.00179304846 -0.0149999997 -0 -0 1
-0.0096277399 0.0272491574 -0.0149999997 -0 -0 1
-0.00166654238 0.023849668 -0.0149999997 -0 -0 1
0.0268159937 -0.0107755521 -0.0149999997 -0 -0 1
-0.0119039463 0.0263345037 -0.0149999997 -0 -0 1
0.00659053633 0.00575563498 -0.0149999997 -0 -0 1
0.0232355166 0.0171848983 -0.0149999997 -0 -0 1
0.0216944292 0.0190934986 -0.0149999997 -0 -0 1
0.0199970342 0.0208645314 -0.0149999997 -0 -0 1
0.00562245864 0.00670451019 -0.0149999997 -0 -0 1
0.018155558 0.0224852338 -0.0149999997 -0 -0 1
0.016183272 0.023943929 -0.0149999997 -0 -0 1
0.0104920259 0.00168414915 -0.0149999997 -0 -0 1
0.0246091913 0.0151524805 -0.0149999997 -0 -0 1
0.0108517138 0.0012781457 -0.0149999997 -0 -0 1
0.0233334582 0.00115033111 -0.0149999997 -0 -0 1
0.00740043772 0.00466862135 -0.0149999997 -0 -0 1
0.0100456271 0.00199227617 -0.0149999997 -0 -0 1
0.0045194393 0.00749247428 -0.0149999997 -0 -0 1
0.0111037865 0.000797861023 -0.0149999997 -0 -0 1
0.0231065918 0.000718074909 -0.0149999997 -0 -0 1
0.0112335952 0.000271207537 -0.0149999997 -0 -0 1
0.0229897648 0.000244086783 -0.0149999997 -0 -0 1
0.00803272426 0.00346955843 -0.0149999997 -0 -0 1
0.00953846052 0.0021846192 -0.0149999997 -0 -0 1
0.00330795115 0.00810061488 -0.0149999997 -0 -0 1
0.000941064442 0.0232069511 -0.0149999997 -0 -0 1
0.00899999961 0.0022499999 -0.0149999997 -0 -0 1
0.00882260408 0.00224299589 -0.0149999997 -0 -0 1
0.0112335952 -0.000271207537 -0.0149999997 -0 -0 1
0.0229897648 -0.000244086783 -0.0149999997 -0 -0 1
0.0231065918 -0.000718074909 -0.0149999997 -0 -0 1
0.00864631217 0.00222202716 -0.0149999997 -0 -0 1
0.0084722219 0.00218722434 -0.0149999997 -0 -0 1
0.00201707054 0.00851433631 -0.0149999997 -0 -0 1
0.000484614226 0.0230338424 -0.0149999997 -0 -0 1
0.0111037865 -0.000797861023 -0.0149999997 -0 -0 1
0.0233334582 -0.00115033111 -0.0149999997 -0 -0 1
0.0108517138 -0.0012781457 -0.0149999997 -0 -0 1
0.0006777792 0.00872370973 -0.0149999997 -0 -0 1
0 0.0229749996 -0.0149999997 -0 -0 1
-0.0006777792 0.00872370973 -0.0149999997 -0 -0 1
-0.000484614226 0.0230338424 -0.0149999997 -0 -0 1
-0.00201707054 0.00851433631 -0.0149999997 -0 -0 1
-0.000941064442 0.0232069511 -0.0149999997 -0 -0 1
-0.00330795115 0.00810061488 -0.0149999997 -0 -0 1
-0.00134282338 0.0234842654 -0.0149999997 -0 -0 1
0.00803272426 -0.00346955843 -0.0149999997 -0 -0 1
0.00864631217 -0.00222202716 -0.0149999997 -0 -0 1
0.0084722219 -0.00218722434 -0.0149999997 -0 -0 1
0.00882260408 -0.00224299589 -0.0149999997 -0 -0 1
0.00899999961 -0.0022499999 -0.0149999997 -0 -0 1
0.00953846052 -0.0021846192 -0.0149999997 -0 -0 1
0.0100456271 -0.00199227617 -0.0149999997 -0 -0 1
-0.016086176 0.0194740947 -0.0149999997 -0 -0 1
-0.0140943835 0.0252301078 -0.0149999997 -0 -0 1
-0.016183272 0.023943929 -0.0149999997 -0 -0 1
0.0196528304 -0.0163143147 -0.0149999997 -0 -0 1
0.0246091913 -0.0151524805 -0.0149999997 -0 -0 1
0.0192691647 -0.0158812441 -0.0149999997 -0 -0 1
0.0232355166 -0.0171848983 -0.0149999997 -0 -0 1
-0.0157025084 0.0190410241 -0.0149999997 -0 -0 1
0.0187930055 -0.0155525748 -0.0149999997 -0 -0 1
0.0258055571 -0.0130108884 -0.0149999997 -0 -0 1
-0.0165623333 0.0198027641 -0.0149999997 -0 -0 1
0.0199217089 -0.0168266185 -0.0149999997 -0 -0 1
-0.0154336309 0.0185287204 -0.0149999997 -0 -0 1
0.0182520263 -0.0153474091 -0.0149999997 -0 -0 1
0.0236571766 -0.00151573424 -0.0149999997 -0 -0 1
-0.0171033125 0.0200079307 -0.0149999997 -0 -0 1
-0.018155558 0.0224852338 -0.0149999997 -0 -0 1
0.00740043772 -0.00466862135 -0.0149999997 -0 -0 1
0.0200601704 -0.0173883811 -0.0149999997 -0 -0 1
-0.0152951684 0.0179669578 -0.0149999997 -0 -0 1
0.0216944292 -0.0190934986 -0.0149999997 -0 -0 1
0.0176776703 -0.0152776698 -0.0149999997 -0 -0 1
0.0104920259 -0.00168414915 -0.0149999997 -0 -0 1
-0.0176776703 0.02007767 -0.0149999997 -0 -0 1
0.0200601704 -0.0179669578 -0.0149999997 -0 -0 1
-0.0152951684 0.0173883811 -0.0149999997 -0 -0 1
0.0171033125 -0.0153474091 -0.0149999997 -0 -0 1
-0.0182520263 0.0200079307 -0.0149999997 -0 -0 1
0.0199217089 -0.0185287204 -0.0149999997 -0 -0 1
-0.0154336309 0.0168266185 -0.0149999997 -0 -0 1
-0.0045194393 0.00749247428 -0.0149999997 -0 -0 1
0.0165623333 -0.0155525748 -0.0149999997 -0 -0 1
-0.0199970342 0.0208645314 -0.0149999997 -0 -0 1
-0.0187930055 0.0198027641 -0.0149999997 -0 -0 1
0.00659053633 -0.00575563498 -0.0149999997 -0 -0 1
0.0196528304 -0.0190410241 -0.0149999997 -0 -0 1
-0.0157025084 0.0163143147 -0.0149999997 -0 -0 1
-0.00562245864 0.00670451019 -0.0149999997 -0 -0 1
0.016086176 -0.0158812441 -0.0149999997 -0 -0 1
-0.0192691647 0.0194740947 -0.0149999997 -0 -0 1
-0.016086176 0.0158812441 -0.0149999997 -0 -0 1
-0.0196528304 0.0190410241 -0.0149999997 -0 -0 1
-0.00659053633 0.00575563498 -0.0149999997 -0 -0 1
0.0199970342 -0.0208645314 -0.0149999997 -0 -0 1
0.0192691647 -0.0194740947 -0.0149999997 -0 -0 1
0.0187930055 -0.0198027641 -0.0149999997 -0 -0 1
-0.0165623333 0.0155525748 -0.0149999997 -0 -0 1
0.00562245864 -0.00670451019 -0.0149999997 -0 -0 1
0.0157025084 -0.0163143147 -0.0149999997 -0 -0 1
0.0182520263 -0.0200079307 -0.0149999997 -0 -0 1
-0.0216944292 0.0190934986 -0.0149999997 -0 -0 1
-0.0200601704 0.0179669578 -0.0149999997 -0 -0 1
-0.0199217089 0.0185287204 -0.0149999997 -0 -0 1
-0.0200601704 0.0173883811 -0.0149999997 -0 -0 1
-0.00740043772 0.00466862135 -0.0149999997 -0 -0 1
0.0045194393 -0.00749247428 -0.0149999997 -0 -0 1
0.0154336309 -0.0168266185 -0.0149999997 -0 -0 1
0.018155558 -0.0224852338 -0.0149999997 -0 -0 1
0.0176776703 -0.02007767 -0.0149999997 -0 -0 1
0.0171033125 -0.0200079307 -0.0149999997 -0 -0 1
0.00330795115 -0.00810061488 -0.0149999997 -0 -0 1
0.0152951684 -0.0173883811 -0.0149999997 -0 -0 1
-0.0232355166 0.0171848983 -0.0149999997 -0 -0 1
-0.0196528304 0.0163143147 -0.0149999997 -0 -0 1
-0.0199217089 0.0168266185 -0.0149999997 -0 -0 1
-0.00864631217 0.00222202716 -0.0149999997 -0 -0 1
-0.0084722219 0.00218722434 -0.0149999997 -0 -0 1
-0.00803272426 0.00346955843 -0.0149999997 -0 -0 1
-0.00882260408 0.00224299589 -0.0149999997 -0 -0 1
-0.00899999961 0.0022499999 -0.0149999997 -0 -0 1
-0.00953846052 0.0021846192 -0.0149999997 -0 -0 1
0.016183272 -0.023943929 -0.0149999997 -0 -0 1
0.0165623333 -0.0198027641 -0.0149999997 -0 -0 1
0.016086176 -0.0194740947 -0.0149999997 -0 -0 1
-0.0100456271 0.00199227617 -0.0149999997 -0 -0 1
-0.0171033125 0.0153474091 -0.0149999997 -0 -0 1
-0.0104920259 0.00168414915 -0.0149999997 -0 -0 1
-0.0176776703 0.0152776698 -0.0149999997 -0 -0 1
-0.0246091913 0.0151524805 -0.0149999997 -0 -0 1
-0.0187930055 0.0155525748 -0.0149999997 -0 -0 1
-0.0192691647 0.0158812441 -0.0149999997 -0 -0 1
-0.0108517138 0.0012781457 -0.0149999997 -0 -0 1
0.0140943835 -0.0252301078 -0.0149999997 -0 -0 1
0.0157025084 -0.0190410241 -0.0149999997 -0 -0 1
0.0154336309 -0.0185287204 -0.0149999997 -0 -0 1
-0.00803272426 -0.00346955843 -0.0149999997 -0 -0 1
-0.00882260408 -0.00224299589 -0.0149999997 -0 -0 1
-0.00899999961 -0.0022499999 -0.0149999997 -0 -0 1
-0.00864631217 -0.00222202716 -0.0149999997 -0 -0 1
-0.0084722219 -0.00218722434 -0.0149999997 -0 -0 1
-0.00953846052 -0.0021846192 -0.0149999997 -0 -0 1
-0.0100456271 -0.00199227617 -0.0149999997 -0 -0 1
-0.00740043772 -0.00466862135 -0.0149999997 -0 -0 1
-0.0258055571 0.0130108884 -0.0149999997 -0 -0 1
-0.0182520263 0.0153474091 -0.0149999997 -0 -0 1
0.0119039463 -0.0263345037 -0.0149999997 -0 -0 1
0.0152951684 -0.0179669578 -0.0149999997 -0 -0 1
-0.0268159937 0.0107755521 -0.0149999997 -0 -0 1
0.00134282338 -0.0234842654 -0.0149999997 -0 -0 1
-0.0236571766 0.00151573424 -0.0149999997 -0 -0 1
0.00166654238 -0.023849668 -0.0149999997 -0 -0 1
0.0096277399 -0.0272491574 -0.0149999997 -0 -0 1
-0.0233334582 0.00115033111 -0.0149999997 -0 -0 1
-0.0111037865 0.000797861023 -0.0149999997 -0 -0 1
-0.0240589362 0.00179304846 -0.0149999997 -0 -0 1
-0.0276332181 0.00846257806 -0.0149999997 -0 -0 1
0.000941064442 -0.0232069511 -0.0149999997 -0 -0 1
0.00201707054 -0.00851433631 -0.0149999997 -0 -0 1
0.0018934079 -0.0242819246 -0.0149999997 -0 -0 1
0.00728216581 -0.0279674828 -0.0149999997 -0 -0 1
-0.0231065918 0.000718074909 -0.0149999997 -0 -0 1
-0.0112335952 0.000271207537 -0.0149999997 -0 -0 1
-0.0245153867 0.00196615723 -0.0149999997 -0 -0 1
-0.0282513462 0.00608863076 -0.0149999997 -0 -0 1
0.000484614226 -0.0230338424 -0.0149999997 -0 -0 1
0.0006777792 -0.00872370973 -0.0149999997 -0 -0 1
0.00201023556 -0.0247559138 -0.0149999997 -0 -0 1
-0.0229897648 0.000244086783 -0.0149999997 -0 -0 1
0 -0.0229749996 -0.0149999997 -0 -0 1
-0.0006777792 -0.00872370973 -0.0149999997 -0 -0 1
-0.0250000004 0.00202500005 -0.0149999997 -0 -0 1
-0.0229897648 -0.000244086783 -0.0149999997 -0 -0 1
-0.0112335952 -0.000271207537 -0.0149999997 -0 -0 1
0.00201023556 -0.025244087 -0.0149999997 -0 -0 1
-0.0254846141 0.00196615723 -0.0149999997 -0 -0 1
-0.000484614226 -0.0230338424 -0.0149999997 -0 -0 1
-0.00201707054 -0.00851433631 -0.0149999997 -0 -0 1
0.0048841238 -0.0284842998 -0.0149999997 -0 -0 1
0.0018934079 -0.0257180743 -0.0149999997 -0 -0 1
-0.0231065918 -0.000718074909 -0.0149999997 -0 -0 1
-0.0111037865 -0.000797861023 -0.0149999997 -0 -0 1
-0.000941064442 -0.0232069511 -0.0149999997 -0 -0 1
-0.00330795115 -0.00810061488 -0.0149999997 -0 -0 1
0.00166654238 -0.0261503309 -0.0149999997 -0 -0 1
-0.0233334582 -0.00115033111 -0.0149999997 -0 -0 1
-0.0108517138 -0.0012781457 -0.0149999997 -0 -0 1
-0.00134282338 -0.0234842654 -0.0149999997 -0 -0 1
-0.0045194393 -0.00749247428 -0.0149999997 -0 -0 1
-0.0286659226 0.00367081491 -0.0149999997 -0 -0 1
-0.0259410646 0.00179304846 -0.0149999997 -0 -0 1
-0.0263428241 0.00151573424 -0.0149999997 -0 -0 1
-0.0236571766 -0.00151573424 -0.0149999997 -0 -0 1
-0.0104920259 -0.00168414915 -0.0149999997 -0 -0 1
-0.0266665425 0.00115033111 -0.0149999997 -0 -0 1
0.0024508913 -0.0287958868 -0.0149999997 -0 -0 1
0.00134282338 -0.0265157335 -0.0149999997 -0 -0 1
0.000941064442 -0.0267930478 -0.0149999997 -0 -0 1
0.000484614226 -0.0269661564 -0.0149999997 -0 -0 1
-0.0288739596 0.00122655078 -0.0149999997 -0 -0 1
-0.0268934071 0.000718074909 -0.0149999997 -0 -0 1
-0.0270102359 0.000244086783 -0.0149999997 -0 -0 1
0 -0.0288999993 -0.0149999997 -0 -0 1
0 -0.0270249993 -0.0149999997 -0 -0 1
-0.000484614226 -0.0269661564 -0.0149999997 -0 -0 1
-0.0288739596 -0.00122655078 -0.0149999997 -0 -0 1
-0.0270102359 -0.000244086783 -0.0149999997 -0 -0 1
-0.0268934071 -0.000718074909 -0.0149999997 -0 -0 1
-0.0266665425 -0.00115033111 -0.0149999997 -0 -0 1
-0.0024508913 -0.0287958868 -0.0149999997 -0 -0 1
-0.00134282338 -0.0265157335 -0.0149999997 -0 -0 1
-0.00166654238 -0.0261503309 -0.0149999997 -0 -0 1
-0.000941064442 -0.0267930478 -0.0149999997 -0 -0 1
-0.0286659226 -0.00367081491 -0.0149999997 -0 -0 1
-0.0263428241 -0.00151573424 -0.0149999997 -0 -0 1
-0.0259410646 -0.00179304846 -0.0149999997 -0 -0 1
-0.0254846141 -0.00196615723 -0.0149999997 -0 -0 1
-0.0048841238 -0.0284842998 -0.0149999997 -0 -0 1
-0.0018934079 -0.0257180743 -0.0149999997 -0 -0 1
-0.00201023556 -0.025244087 -0.0149999997 -0 -0 1
-0.0282513462 -0.00608863076 -0.0149999997 -0 -0 1
-0.0245153867 -0.00196615723 -0.0149999997 -0 -0 1
-0.0250000004 -0.00202500005 -0.0149999997 -0 -0 1
-0.00728216581 -0.0279674828 -0.0149999997 -0 -0 1
-0.00201023556 -0.0247559138 -0.0149999997 -0 -0 1
-0.0018934079 -0.0242819246 -0.0149999997 -0 -0 1
-0.0276332181 -0.00846257806 -0.0149999997 -0 -0 1
-0.0240589362 -0.00179304846 -0.0149999997 -0 -0 1
-0.0096277399 -0.0272491574 -0.0149999997 -0 -0 1
-0.00166654238 -0.023849668 -0.0149999997 -0 -0 1
-0.0268159937 -0.0107755521 -0.0149999997 -0 -0 1
-0.0119039463 -0.0263345037 -0.0149999997 -0 -0 1
-0.0258055571 -0.0130108884 -0.0149999997 -0 -0 1
-0.0140943835 -0.0252301078 -0.0149999997 -0 -0 1
-0.0246091913 -0.0151524805 -0.0149999997 -0 -0 1
-0.016183272 -0.023943929 -0.0149999997 -0 -0 1
-0.00562245864 -0.00670451019 -0.0149999997 -0 -0 1
-0.0232355166 -0.0171848983 -0.0149999997 -0 -0 1
-0.00659053633 -0.00575563498 -0.0149999997 -0 -0 1
-0.018155558 -0.0224852338 -0.0149999997 -0 -0 1
-0.0216944292 -0.0190934986 -0.0149999997 -0 -0 1
-0.0199970342 -0.0208645314 -0.0149999997 -0 -0 1
-0.0245153867 0.00196615723 -0.0209999997 -0.19985415 -0.979825675 -0
-0.0245153867 0.00196615723 -0.0149999997 -0.278385669 -0.960469365 -0
-0.0250000004 0.00202500005 -0.0149999997 -0.120536685 -0.992708862 -0
-0.0250000004 0.00202500005 -0.0209999997 -0.120536685 -0.992708862 -0
-0.0240589362 0.00179304846 -0.0209999997 -0.428534359 -0.903525472 -0
-0.0240589362 0.00179304846 -0.0149999997 -0.500151575 -0.865937889 -0
-0.0236571766 0.00151573424 -0.0209999997 -0.632309735 -0.774715722 -0
-0.0236571766 0.00151573424 -0.0149999997 -0.69285059 -0.721081197 -0
-0.0233334582 0.00115033111 -0.0209999997 -0.799337566 -0.600882232 -0
-0.0233334582 0.00115033111 -0.0149999997 -0.845283628 -0.534317851 -0
-0.0231065918 0.000718074909 -0.0209999997 -0.919910789 -0.392127663 -0
-0.0231065918 0.000718074909 -0.0149999997 -0.948591888 -0.316501915 -0
-0.0229897648 0.000244086783 -0.0209999997 -0.987022161 -0.160584107 -0
-0.0229897648 0.000244086783 -0.0149999997 -0.996771395 -0.0802920461 -0
-0.0229897648 -0.000244086783 -0.0209999997 -0.996771395 0.0802920461 -0
-0.0229897648 -0.000244086783 -0.0149999997 -0.987022161 0.160584092 -0
-0.0231065918 -0.000718074909 -0.0209999997 -0.948591888 0.316501915 -0
-0.0231065918 -0.000718074909 -0.0149999997 -0.919910789 0.392127663 -0
-0.0233334582 -0.00115033111 -0.0209999997 -0.845283628 0.534317851 -0
-0.0233334582 -0.00115033111 -0.0149999997 -0.799337566 0.600882232 -0
-0.0236571766 -0.00151573424 -0.0209999997 -0.69285059 0.721081197 -0
-0.0236571766 -0.00151573424 -0.0149999997 -0.632309735 0.774715722 -0
-0.0240589362 -0.00179304846 -0.0209999997 -0.500151575 0.865937889 -0
-0.0240589362 -0.00179304846 -0.0149999997 -0.428534389 0.903525472 -0
-0.0245153867 -0.00196615723 -0.0209999997 -0.278385669 0.960469365 -0
-0.0245153867 -0.00196615723 -0.0149999997 -0.19985415 0.979825675 -0
-0.0250000004 -0.00202500005 -0.0209999997 -0.120536685 0.992708862 -0
-0.0250000004 -0.00202500005 -0.0149999997 -0.120536685 0.992708862 -0
-0.0254846141 -0.00196615723 -0.0209999997 0.19985415 0.979825675 -0
-0.0254846141 -0.00196615723 -0.0149999997 0.278385669 0.960469365 -0
-0.0250000004 -0.00202500005 -0.0149999997 0.120536685 0.992708862 -0
-0.0250000004 -0.00202500005 -0.0209999997 0.120536685 0.992708862 -0
-0.0259410646 -0.00179304846 -0.0209999997 0.428534359 0.903525472 -0
-0.0259410646 -0.00179304846 -0.0149999997 0.500151575 0.865937889 -0
-0.0263428241 -0.00151573424 -0.0209999997 0.632309735 0.774715722 -0
-0.0263428241 -0.00151573424 -0.0149999997 0.69285059 0.721081197 -0
-0.0266665425 -0.00115033111 -0.0209999997 0.799337566 0.600882232 -0
-0.0266665425 -0.00115033111 -0.0149999997 0.845283628 0.534317851 -0
-0.0268934071 -0.000718074909 -0.0209999997 0.919910789 0.392127663 -0
-0.0268934071 -0.000718074909 -0.0149999997 0.948591888 0.316501915 -0
-0.0270102359 -0.000244086783 -0.0209999997 0.987022161 0.160584107 -0
-0.0270102359 -0.000244086783 -0.0149999997 0.996771395 0.0802920461 -0
-0.0270102359 0.000244086783 -0.0209999997 0.996771395 -0.0802920461 -0
-0.0270102359 0.000244086783 -0.0149999997 0.987022161 -0.160584092 -0
-0.0268934071 0.000718074909 -0.0209999997 0.948591888 -0.316501915 -0
-0.0268934071 0.000718074909 -0.0149999997 0.919910789 -0.392127663 -0
-0.0266665425 0.00115033111 -0.0209999997 0.845283628 -0.534317851 -0
-0.0266665425 0.00115033111 -0.0149999997 0.799337566 -0.600882232 -0
-0.0263428241 0.00151573424 -0.0209999997 0.69285059 -0.721081197 -0
-0.0263428241 0.00151573424 -0.0149999997 0.632309735 -0.774715722 -0
-0.0259410646 0.00179304846 -0.0209999997 0.500151575 -0.865937889 -0
-0.0259410646 0.00179304846 -0.0149999997 0.428534389 -0.903525472 -0
-0.0254846141 0.00196615723 -0.0209999997 0.278385669 -0.960469365 -0
-0.0254846141 0.00196615723 -0.0149999997 0.19985415 -0.979825675 -0
-0.0250000004 0.00202500005 -0.0209999997 0.120536685 -0.992708862 -0
-0.0250000004 0.00202500005 -0.0149999997 0.120536685 -0.992708862 -0
0.0266665425 0.00115033111 -0.0209999997 0 0 -1
0.0273375083 0.00263850042 -0.0209999997 0 0 -1
0.027901018 0.00200242829 -0.0209999997 0 0 -1
0.0263428241 0.00151573424 -0.0209999997 0 0 -1
0.0259410646 0.00179304846 -0.0209999997 0 0 -1
0.0266381484 0.00312123238 -0.0209999997 0 0 -1
0.0268934071 0.000718074909 -0.0209999997 0 0 -1
0.0282959323 0.00124998228 -0.0209999997 0 0 -1
0.0254846141 0.00196615723 -0.0209999997 0 0 -1
0.0258435886 0.00342256995 -0.0209999997 0 0 -1
0.0270102359 0.000244086783 -0.0209999997 0 0 -1
0.0284992997 0.000424891798 -0.0209999997 0 0 -1
0.0250000004 0.00202500005 -0.0209999997 0 0 -1
0.0250000004 0.00352500007 -0.0209999997 0 0 -1
0.0270102359 -0.000244086783 -0.0209999997 0 0 -1
0.0284992997 -0.000424891798 -0.0209999997 0 0 -1
0.0245153867 0.00196615723 -0.0209999997 0 0 -1
0.0241564121 0.00342256995 -0.0209999997 0 0 -1
0.0268934071 -0.000718074909 -0.0209999997 0 0 -1
0.0282959323 -0.00124998228 -0.0209999997 0 0 -1
0.0240589362 0.00179304846 -0.0209999997 0 0 -1
0.0233618505 0.00312123238 -0.0209999997 0 0 -1
0.0266665425 -0.00115033111 -0.0209999997 0 0 -1
0.027901018 -0.00200242829 -0.0209999997 0 0 -1
0.0236571766 0.00151573424 -0.0209999997 0 0 -1
0.0226624925 0.00263850042 -0.0209999997 0 0 -1
0.0273375083 -0.00263850042 -0.0209999997 0 0 -1
0.0263428241 -0.00151573424 -0.0209999997 0 0 -1
0.0220989827 0.00200242829 -0.0209999997 0 0 -1
0.0233334582 0.00115033111 -0.0209999997 0 0 -1
0.0266381484 -0.00312123238 -0.0209999997 0 0 -1
0.0259410646 -0.00179304846 -0.0209999997 0 0 -1
0.0217040684 0.00124998228 -0.0209999997 0 0 -1
0.0231065918 0.000718074909 -0.0209999997 0 0 -1
0.0258435886 -0.00342256995 -0.0209999997 0 0 -1
0.0254846141 -0.00196615723 -0.0209999997 0 0 -1
0.0215007011 0.000424891798 -0.0209999997 0 0 -1
0.0229897648 0.000244086783 -0.0209999997 0 0 -1
0.0250000004 -0.00352500007 -0.0209999997 0 0 -1
0.0250000004 -0.00202500005 -0.0209999997 0 0 -1
0.0215007011 -0.000424891798 -0.0209999997 0 0 -1
0.0229897648 -0.000244086783 -0.0209999997 0 0 -1
0.0241564121 -0.00342256995 -0.0209999997 0 0 -1
0.0245153867 -0.00196615723 -0.0209999997 0 0 -1
0.0217040684 -0.00124998228 -0.0209999997 0 0 -1
0.0231065918 -0.000718074909 -0.0209999997 0 0 -1
0.0233618505 -0.00312123238 -0.0209999997 0 0 -1
0.0240589362 -0.00179304846 -0.0209999997 0 0 -1
0.0220989827 -0.00200242829 -0.0209999997 0 0 -1
0.0233334582 -0.00115033111 -0.0209999997 0 0 -1
0.0226624925 -0.00263850042 -0.0209999997 0 0 -1
0.0236571766 -0.00151573424 -0.0209999997 0 0 -1
0.00166654238 -0.023849668 -0.0209999997 0 0 -1
0.00233750744 -0.0223615002 -0.0209999997 0 0 -1
0.00290101813 -0.0229975712 -0.0209999997 0 0 -1
0.00134282338 -0.0234842654 -0.0209999997 0 0 -1
0.000941064442 -0.0232069511 -0.0209999997 0 0 -1
0.00163814914 -0.0218787678 -0.0209999997 0 0 -1
0.0018934079 -0.0242819246 -0.0209999997 0 0 -1
0.0032959322 -0.0237500183 -0.0209999997 0 0 -1
0.000484614226 -0.0230338424 -0.0209999997 0 0 -1
0.000843587739 -0.0215774309 -0.0209999997 0 0 -1
0.00201023556 -0.0247559138 -0.0209999997 0 0 -1
0.00349929882 -0.0245751087 -0.0209999997 0 0 -1
0 -0.0229749996 -0.0209999997 0 0 -1
0 -0.0214750003 -0.0209999997 0 0 -1
0.00201023556 -0.025244087 -0.0209999997 0 0 -1
0.00349929882 -0.0254248921 -0.0209999997 0 0 -1
-0.000484614226 -0.0230338424 -0.0209999997 0 0 -1
-0.000843587739 -0.0215774309 -0.0209999997 0 0 -1
0.0018934079 -0.0257180743 -0.0209999997 0 0 -1
0.0032959322 -0.0262499824 -0.0209999997 0 0 -1
-0.000941064442 -0.0232069511 -0.0209999997 0 0 -1
-0.00163814914 -0.0218787678 -0.0209999997 0 0 -1
0.00166654238 -0.0261503309 -0.0209999997 0 0 -1
0.00290101813 -0.0270024277 -0.0209999997 0 0 -1
-0.00134282338 -0.0234842654 -0.0209999997 0 0 -1
-0.00233750744 -0.0223615002 -0.0209999997 0 0 -1
0.00233750744 -0.0276385006 -0.0209999997 0 0 -1
0.00134282338 -0.0265157335 -0.0209999997 0 0 -1
-0.00290101813 -0.0229975712 -0.0209999997 0 0 -1
-0.00166654238 -0.023849668 -0.0209999997 0 0 -1
0.00163814914 -0.028121233 -0.0209999997 0 0 -1
0.000941064442 -0.0267930478 -0.0209999997 0 0 -1
-0.0032959322 -0.0237500183 -0.0209999997 0 0 -1
-0.0018934079 -0.0242819246 -0.0209999997 0 0 -1
0.000843587739 -0.0284225699 -0.0209999997 0 0 -1
0.000484614226 -0.0269661564 -0.0209999997 0 0 -1
-0.00349929882 -0.0245751087 -0.0209999997 0 0 -1
-0.00201023556 -0.0247559138 -0.0209999997 0 0 -1
0 -0.0285250004 -0.0209999997 0 0 -1
0 -0.0270249993 -0.0209999997 0 0 -1
-0.00349929882 -0.0254248921 -0.0209999997 0 0 -1
-0.00201023556 -0.025244087 -0.0209999997 0 0 -1
-0.000843587739 -0.0284225699 -0.0209999997 0 0 -1
-0.000484614226 -0.0269661564 -0.0209999997 0 0 -1
-0.0032959322 -0.0262499824 -0.0209999997 0 0 -1
-0.0018934079 -0.0257180743 -0.0209999997 0 0 -1
-0.00163814914 -0.028121233 -0.0209999997 0 0 -1
-0.000941064442 -0.0267930478 -0.0209999997 0 0 -1
-0.00290101813 -0.0270024277 -0.0209999997 0 0 -1
-0.00166654238 -0.0261503309 -0.0209999997 0 0 -1
-0.00233750744 -0.0276385006 -0.0209999997 0 0 -1
-0.00134282338 -0.0265157335 -0.0209999997 0 0 -1
-0.0233334582 0.00115033111 -0.0209999997 0 0 -1
-0.0226624925 0.00263850042 -0.0209999997 0 0 -1
-0.0220989827 0.00200242829 -0.0209999997 0 0 -1
-0.0236571766 0.00151573424 -0.0209999997 0 0 -1
-0.0240589362 0.00179304846 -0.0209999997 0 0 -1
-0.0233618505 0.00312123238 -0.0209999997 0 0 -1
-0.0231065918 0.000718074909 -0.0209999997 0 0 -1
-0.0217040684 0.00124998228 -0.0209999997 0 0 -1
-0.0245153867 0.00196615723 -0.0209999997 0 0 -1
-0.0241564121 0.00342256995 -0.0209999997 0 0 -1
-0.0229897648 0.000244086783 -0.0209999997 0 0 -1
-0.0215007011 0.000424891798 -0.0209999997 0 0 -1
-0.0250000004 0.00202500005 -0.0209999997 0 0 -1
-0.0250000004 0.00352500007 -0.0209999997 0 0 -1
-0.0229897648 -0.000244086783 -0.0209999997 0 0 -1
-0.0215007011 -0.000424891798 -0.0209999997 0 0 -1
-0.0254846141 0.00196615723 -0.0209999997 0 0 -1
-0.0258435886 0.00342256995 -0.0209999997 0 0 -1
-0.0231065918 -0.000718074909 -0.0209999997 0 0 -1
-0.0217040684 -0.00124998228 -0.0209999997 0 0 -1
-0.0259410646 0.00179304846 -0.0209999997 0 0 -1
-0.0266381484 0.00312123238 -0.0209999997 0 0 -1
-0.0233334582 -0.00115033111 -0.0209999997 0 0 -1
-0.0220989827 -0.00200242829 -0.0209999997 0 0 -1
-0.0263428241 0.00151573424 -0.0209999997 0 0 -1
-0.0273375083 0.00263850042 -0.0209999997 0 0 -1
-0.0226624925 -0.00263850042 -0.0209999997 0 0 -1
-0.0236571766 -0.00151573424 -0.0209999997 0 0 -1
-0.027901018 0.00200242829 -0.0209999997 0 0 -1
-0.0266665425 0.00115033111 -0.0209999997 0 0 -1
-0.0233618505 -0.00312123238 -0.0209999997 0 0 -1
-0.0240589362 -0.00179304846 -0.0209999997 0 0 -1
-0.0282959323 0.00124998228 -0.0209999997 0 0 -1
-0.0268934071 0.000718074909 -0.0209999997 0 0 -1
-0.0241564121 -0.00342256995 -0.0209999997 0 0 -1
-0.0245153867 -0.00196615723 -0.0209999997 0 0 -1
-0.0284992997 0.000424891798 -0.0209999997 0 0 -1
-0.0270102359 0.000244086783 -0.0209999997 0 0 -1
-0.0250000004 -0.00352500007 -0.0209999997 0 0 -1
-0.0250000004 -0.00202500005 -0.0209999997 0 0 -1
-0.0284992997 -0.000424891798 -0.0209999997 0 0 -1
-0.0270102359 -0.000244086783 -0.0209999997 0 0 -1
-0.0258435886 -0.00342256995 -0.0209999997 0 0 -1
-0.0254846141 -0.00196615723 -0.0209999997 0 0 -1
-0.0282959323 -0.00124998228 -0.0209999997 0 0 -1
-0.0268934071 -0.000718074909 -0.0209999997 0 0 -1
-0.0266381484 -0.00312123238 -0.0209999997 0 0 -1
-0.0259410646 -0.00179304846 -0.0209999997 0 0 -1
-0.027901018 -0.00200242829 -0.0209999997 0 0 -1
-0.0266665425 -0.00115033111 -0.0209999997 0 0 -1
-0.0273375083 -0.00263850042 -0.0209999997 0 0 -1
-0.0263428241 -0.00151573424 -0.0209999997 0 0 -1
0.0157500003 0.0125000002 -0.0209999997 0 0 -1
0.0134876119 0.0262361262 -0.0209999997 0 0 -1
0.0155987125 0.0250385739 -0.0209999997 0 0 -1
0.0176042225 0.0236715302 -0.0209999997 0 0 -1
0.0194905661 0.0221442506 -0.0209999997 0 0 -1
0.0212449748 0.0204670727 -0.0209999997 0 0 -1
0.0228555724 0.0186513476 -0.0209999997 0 0 -1
0.0243114568 0.0167093705 -0.0209999997 0 0 -1
0.0256027728 0.0146542843 -0.0209999997 0 0 -1
0.026720779 0.0125000002 -0.0209999997 0 0 -1
0.00134282338 0.0265157335 -0.0209999997 0 0 -1
0.00186790572 0.0294408035 -0.0209999997 0 0 -1
0.00428177556 0.0291876066 -0.0209999997 0 0 -1
0.00166654238 0.0261503309 -0.0209999997 0 0 -1
0.000941064442 0.0267930478 -0.0209999997 0 0 -1
0.0018934079 0.0257180743 -0.0209999997 0 0 -1
0.000484614226 0.0269661564 -0.0209999997 0 0 -1
-0.000558608386 0.0294947103 -0.0209999997 0 0 -1
0.00201023556 0.025244087 -0.0209999997 0 0 -1
0.00666666171 0.0287368335 -0.0209999997 0 0 -1
0 0.0270249993 -0.0209999997 0 0 -1
0.00201023556 0.0247559138 -0.0209999997 0 0 -1
0.00900642015 0.0280915368 -0.0209999997 0 0 -1
-0.000484614226 0.0269661564 -0.0209999997 0 0 -1
0.0018934079 0.0242819246 -0.0209999997 0 0 -1
0.0112852119 0.0272560809 -0.0209999997 0 0 -1
-0.000941064442 0.0267930478 -0.0209999997 0 0 -1
-0.00298134121 0.029348962 -0.0209999997 0 0 -1
0.00166654238 0.023849668 -0.0209999997 0 0 -1
-0.00134282338 0.0265157335 -0.0209999997 0 0 -1
0.00134282338 0.0234842654 -0.0209999997 0 0 -1
-0.00166654238 0.0261503309 -0.0209999997 0 0 -1
0.000941064442 0.0232069511 -0.0209999997 0 0 -1
-0.00538389292 0.0290045459 -0.0209999997 0 0 -1
-0.0018934079 0.0257180743 -0.0209999997 0 0 -1
0.000484614226 0.0230338424 -0.0209999997 0 0 -1
-0.00201023556 0.025244087 -0.0209999997 0 0 -1
-0.00774999987 0.0284637921 -0.0209999997 0 0 -1
-0.00201023556 0.0247559138 -0.0209999997 0 0 -1
-0.0018934079 0.0242819246 -0.0209999997 0 0 -1
0.00990528241 0.000624871231 -0.0209999997 0 0 -1
0.00972943474 0.000823361799 -0.0209999997 0 0 -1
0.00951119512 0.000974001654 -0.0209999997 0 0 -1
0.0100285178 0.000390065368 -0.0209999997 0 0 -1
0.00926324725 0.00106803596 -0.0209999997 0 0 -1
0.01009198 0.000132590343 -0.0209999997 0 0 -1
0.00899999961 0.00109999999 -0.0209999997 0 0 -1
0.0087367529 0.00106803596 -0.0209999997 0 0 -1
0.0084888041 0.000974001654 -0.0209999997 0 0 -1
0.0157500003 -0.0104999999 -0.0209999997 0 0 -1
0.01009198 -0.000132590343 -0.0209999997 0 0 -1
0.0100285178 -0.000390065368 -0.0209999997 0 0 -1
0.00990528241 -0.000624871231 -0.0209999997 0 0 -1
0.00972943474 -0.000823361799 -0.0209999997 0 0 -1
0.00951119512 -0.000974001654 -0.0209999997 0 0 -1
0.00926324725 -0.00106803596 -0.0209999997 0 0 -1
-0.00774999987 0.0125000002 -0.0209999997 0 0 -1
0.00827056542 0.000823361799 -0.0209999997 0 0 -1
0.00809471775 0.000624871231 -0.0209999997 0 0 -1
-0.00166654238 0.023849668 -0.0209999997 0 0 -1
-0.00134282338 0.0234842654 -0.0209999997 0 0 -1
-0.000941064442 0.0232069511 -0.0209999997 0 0 -1
-0.000484614226 0.0230338424 -0.0209999997 0 0 -1
0 0.0229749996 -0.0209999997 0 0 -1
0.0137499999 -0.0125000002 -0.0209999997 0 0 -1
0.00899999961 -0.00109999999 -0.0209999997 0 0 -1
0.0087367529 -0.00106803596 -0.0209999997 0 0 -1
0.0084888041 -0.000974001654 -0.0209999997 0 0 -1
0.00827056542 -0.000823361799 -0.0209999997 0 0 -1
-0.0157500003 0.0104999999 -0.0209999997 0 0 -1
-0.0137499999 0.0125000002 -0.0209999997 0 0 -1
-0.00809471775 0.000624871231 -0.0209999997 0 0 -1
-0.00827056542 0.000823361799 -0.0209999997 0 0 -1
-0.0084888041 0.000974001654 -0.0209999997 0 0 -1
-0.00797148235 0.000390065368 -0.0209999997 0 0 -1
0.00797148235 0.000390065368 -0.0209999997 0 0 -1
-0.0087367529 0.00106803596 -0.0209999997 0 0 -1
-0.00790802017 0.000132590343 -0.0209999997 0 0 -1
0.00790802017 0.000132590343 -0.0209999997 0 0 -1
-0.00899999961 0.00109999999 -0.0209999997 0 0 -1
-0.00790802017 -0.000132590343 -0.0209999997 0 0 -1
0.00790802017 -0.000132590343 -0.0209999997 0 0 -1
-0.00926324725 0.00106803596 -0.0209999997 0 0 -1
-0.00797148235 -0.000390065368 -0.0209999997 0 0 -1
0.00797148235 -0.000390065368 -0.0209999997 0 0 -1
-0.00951119512 0.000974001654 -0.0209999997 0 0 -1
-0.00809471775 -0.000624871231 -0.0209999997 0 0 -1
0.00809471775 -0.000624871231 -0.0209999997 0 0 -1
-0.00972943474 0.000823361799 -0.0209999997 0 0 -1
-0.00827056542 -0.000823361799 -0.0209999997 0 0 -1
-0.00990528241 0.000624871231 -0.0209999997 0 0 -1
-0.0100285178 0.000390065368 -0.0209999997 0 0 -1
-0.01009198 0.000132590343 -0.0209999997 0 0 -1
-0.01009198 -0.000132590343 -0.0209999997 0 0 -1
-0.0157500003 -0.0104999999 -0.0209999997 0 0 -1
-0.00951119512 -0.000974001654 -0.0209999997 0 0 -1
-0.00926324725 -0.00106803596 -0.0209999997 0 0 -1
-0.00972943474 -0.000823361799 -0.0209999997 0 0 -1
-0.00990528241 -0.000624871231 -0.0209999997 0 0 -1
-0.0100285178 -0.000390065368 -0.0209999997 0 0 -1
-0.0137499999 -0.0125000002 -0.0209999997 0 0 -1
-0.0084888041 -0.000974001654 -0.0209999997 0 0 -1
-0.0087367529 -0.00106803596 -0.0209999997 0 0 -1
-0.00899999961 -0.00109999999 -0.0209999997 0 0 -1
0.0258435886 0.00342256995 -0.0295000002 -0.19985415 -0.979825675 2.66755615e-19
0.0250000004 0.00352500007 -0.0209999997 -0.120536678 -0.992708862 2.60495321e-17
0.0250000004 0.00352500007 -0.0295000002 -0.120536678 -0.992708862 -0
0.0258435886 0.00342256995 -0.0209999997 -0.278385639 -0.960469365 -1.62830289e-17
0.0266381484 0.00312123238 -0.0295000002 -0.428534359 -0.903525472 -8.29421544e-17
0.0266381484 0.00312123238 -0.0209999997 -0.500151575 -0.865937889 -1.01258851e-16
0.0273375083 0.00263850042 -0.0295000002 -0.632309735 -0.774715662 -1.5110144e-16
0.0273375083 0.00263850042 -0.0209999997 -0.692850649 -0.721081138 -7.92192461e-17
0.027901018 0.00200242829 -0.0295000002 -0.799337566 -0.600882232 -2.89358664e-17
0.027901018 0.00200242829 -0.0209999997 -0.845283628 -0.534317911 5.73443357e-17
0.0282959323 0.00124998228 -0.0295000002 -0.919910789 -0.392127663 4.44775843e-17
0.0282959323 0.00124998228 -0.0209999997 -0.948591888 -0.316501886 4.15014546e-17
0.0284992997 0.000424891798 -0.0295000002 -0.987022161 -0.160584092 2.16136405e-17
0.0284992997 0.000424891798 -0.0209999997 -0.996771395 -0.0802920461 1.17777351e-17
0.0284992997 -0.000424891798 -0.0295000002 -0.996771395 0.0802920461 -1.22948859e-17
0.0284992997 -0.000424891798 -0.0209999997 -0.987022161 0.160584092 -2.25363919e-17
0.0282959323 -0.00124998228 -0.0295000002 -0.948591888 0.316501886 -4.22082109e-17
0.0282959323 -0.00124998228 -0.0209999997 -0.919910789 0.392127663 -4.58235759e-17
0.027901018 -0.00200242829 -0.0295000002 -0.845283628 0.534317851 -5.77128612e-17
0.027901018 -0.00200242829 -0.0209999997 -0.799337566 0.600882232 3.04089725e-17
0.0273375083 -0.00263850042 -0.0295000002 -0.692850649 0.721081138 8.0744898e-17
0.0273375083 -0.00263850042 -0.0209999997 -0.632309794 0.774715662 1.52493049e-16
0.0266381484 -0.00312123238 -0.0295000002 -0.500151575 0.865937889 1.01255867e-16
0.0266381484 -0.00312123238 -0.0209999997 -0.428534359 0.903525472 8.33799712e-17
0.0258435886 -0.00342256995 -0.0295000002 -0.278385639 0.960469365 1.59350422e-17
0.0258435886 -0.00342256995 -0.0209999997 -0.19985415 0.979825675 -1.277798e-18
0.0250000004 -0.00352500007 -0.0295000002 -0.120536678 0.992708862 -2.6568133e-17
0.0250000004 -0.00352500007 -0.0209999997 -0.120536678 0.992708862 -0
0.0258664191 0.00393064134 -0.0299999993 -0.130301416 -0.694974422 -0.707129419
0.0250000004 0.00352500007 -0.0295000002 -0.0806762874 -0.701041639 -0.708542109
0.0250000004 0.00402500015 -0.0299999993 -0.0767810643 -0.705019414 -0.705019414
0.0258435886 0.00342256995 -0.0295000002 -0.187520429 -0.677062213 -0.71163398
0.0266922154 0.00365198986 -0.0299999993 -0.282802343 -0.649927735 -0.70541954
0.0266381484 0.00312123238 -0.0295000002 -0.338128656 -0.613910854 -0.713289917
0.0274386704 0.0032021103 -0.0299999993 -0.421439499 -0.571385682 -0.704206765
0.0273375083 0.00263850042 -0.0295000002 -0.47013399 -0.518318892 -0.714366555
0.0280707851 0.00260209572 -0.0299999993 -0.53886801 -0.463369519 -0.703498363
0.027901018 0.00200242829 -0.0295000002 -0.576780379 -0.395325571 -0.714872122
0.0285589229 0.00188007869 -0.0299999993 -0.628869116 -0.331503183 -0.703298807
0.0282959323 0.00124998228 -0.0295000002 -0.652595103 -0.251327693 -0.714810491
0.0288801957 0.00106991176 -0.0299999993 -0.675468624 -0.201958761 -0.709193051
0.0284992997 0.000424891798 -0.0295000002 -0.686834276 -0.0942181051 -0.720681369
0.02893731 0.000592998578 -0.0299566314 -0.697923362 -0.105609439 -0.70834291
0.0289615039 0.000118492993 -0.029938262 -0.699487567 -0.0058994377 -0.714620411
0.0284992997 -0.000424891798 -0.0295000002 -0.689297318 0.086846143 -0.719254494
0.0289464146 -0.000474195811 -0.0299497191 -0.701941669 0.084763512 -0.707172513
0.0288801957 -0.00106991257 -0.0299999993 -0.678214908 0.1969928 -0.707967818
0.0282959323 -0.00124998228 -0.0295000002 -0.652595043 0.251327723 -0.714810491
0.0285589229 -0.00188007927 -0.0299999993 -0.628869116 0.331503272 -0.703298867
0.027901018 -0.00200242829 -0.0295000002 -0.576780319 0.395325601 -0.714872122
0.0280707851 -0.00260209618 -0.0299999993 -0.53886795 0.463369578 -0.703498363
0.0273375083 -0.00263850042 -0.0295000002 -0.47013396 0.518318892 -0.714366555
0.0274386704 -0.00320211053 -0.0299999993 -0.421439439 0.571385741 -0.704206765
0.0266381484 -0.00312123238 -0.0295000002 -0.338128597 0.613910854 -0.713289917
0.0266922154 -0.00365199009 -0.0299999993 -0.282802314 0.649927735 -0.70541954
0.0258435886 -0.00342256995 -0.0295000002 -0.187520415 0.677062213 -0.711633921
0.0258664191 -0.00393064134 -0.0299999993 -0.130301401 0.694974482 -0.707129419
0.0250000004 -0.00352500007 -0.0295000002 -0.08067628 0.701041639 -0.708542109
0.0250000004 -0.00402500015 -0.0299999993 -0.0767810568 0.705019414 -0.705019414
0.0274386704 0.0032021103 -0.0299999993 0 0 -1
0.0284099877 0.00529933488 -0.0299999993 0 0 -1
0.0287230443 0.00319328974 -0.0299999993 0 0 -1
0.0280707851 0.00260209572 -0.0299999993 0 0 -1
0.0285589229 0.00188007869 -0.0299999993 0 0 -1
0.0266922154 0.00365198986 -0.0299999993 0 0 -1
0.0288801957 0.00106991176 -0.0299999993 0 0 -1
0.0258664191 0.00393064134 -0.0299999993 0 0 -1
0.0279427264 0.00737661589 -0.0299999993 0 0 -1
0.0250000004 0.00402500015 -0.0299999993 0 0 -1
0.0273237936 0.00941385701 -0.0299999993 2.69102657e-07 -1.57813432e-07 -1
0.024104353 0.00392408483 -0.0299999993 3.16921302e-07 -2.22882875e-07 -1
0.0265565459 0.0114000002 -0.0300000012 -2.47059297e-08 -1.30285116e-07 -1
0.0232536178 0.00362639967 -0.0299999993 -9.46487901e-08 -9.18437095e-08 -1
0.0168500002 0.0114000002 -0.0299999993 -4.10310967e-08 -3.37999708e-08 -1
0.022490453 0.00314687169 -0.0299999993 0 0 -1
0.028691547 -0.00346489437 -0.0299999993 0 0 -1
0.0280707851 -0.00260209618 -0.0299999993 0 0 -1
0.0285589229 -0.00188007927 -0.0299999993 0 0 -1
0.0288801957 -0.00106991257 -0.0299999993 0 0 -1
0.0218531284 0.00250954647 -0.0299999993 0 0 -1
0.0274386704 -0.00320211053 -0.0299999993 0 0 -1
0.0213735998 0.0017463821 -0.0299999993 0 0 -1
0.0283046328 -0.00583593268 -0.0299999993 0 0 -1
0.0266922154 -0.00365199009 -0.0299999993 0 0 -1
0.0210759155 0.00089564675 -0.0299999993 0 0 -1
0.0258664191 -0.00393064134 -0.0299999993 0 0 -1
0.0209749993 2.4646017e-19 -0.0299999993 0 0 -1
0.0277221259 -0.00816664286 -0.0299999993 0 0 -1
0.024104353 -0.00392408483 -0.0299999993 0 0 -1
0.0250000004 -0.00402500015 -0.0299999993 0 0 -1
0.0269480515 -0.0104409195 -0.0299999993 0 0 -1
0.0232536178 -0.00362639967 -0.0299999993 0 0 -1
0.0259877592 -0.0126430467 -0.0299999993 0 0 -1
-0.00884999987 0.0136000002 -0.0299999993 3.00183096e-08 5.06516207e-09 -1
-0.017194856 0.0232281443 -0.0299999993 0 0 -1
-0.0152467238 0.024550911 -0.0299999993 0 0 -1
-0.0131973699 0.0257106833 -0.0299999993 0 0 -1
-0.011060399 0.0266997647 -0.0299999993 9.73566685e-08 1.64275509e-08 -1
-0.00884999894 0.0275115892 -0.0299999993 1.92908374e-07 3.25505418e-08 -1
0.0168500002 -0.0136000002 -0.0299999993 0 0 -1
0.0210759155 -0.00089564675 -0.0299999993 0 0 -1
0.0213735998 -0.0017463821 -0.0299999993 0 0 -1
0.0218531284 -0.00250954647 -0.0299999993 0 0 -1
0.022490453 -0.00314687169 -0.0299999993 0 0 -1
0.0248478837 -0.0147578074 -0.0299999993 0 0 -1
0.023536304 -0.0167705864 -0.0299999993 0 0 -1
0.0220620818 -0.0186674781 -0.0299999993 0 0 -1
0.020435404 -0.0204353705 -0.0299999993 0 0 -1
-0.0168500002 0.0136000002 -0.0299999993 0 0 -1
-0.0207364745 0.0201297868 -0.0299999993 0 0 -1
-0.0190288313 0.0217511673 -0.0299999993 0 0 -1
0.0186675135 -0.0220620502 -0.0299999993 0 0 -1
-0.0223064497 0.0183747634 -0.0299999993 0 0 -1
0.0167706236 -0.0235362742 -0.0299999993 0 0 -1
-0.0237283334 0.0164977517 -0.0299999993 0 0 -1
0.0147578456 -0.0248478577 -0.0299999993 0 0 -1
-0.0249926858 0.0145112118 -0.0299999993 0 0 -1
-0.0260911118 0.0124283321 -0.0299999993 0 0 -1
0.00311208866 -0.0224474464 -0.0299999993 0 0 -1
-0.0218531284 0.00250954647 -0.0299999993 0 0 -1
-0.022490453 0.00314687169 -0.0299999993 0 0 -1
0.00247697975 -0.0218274314 -0.0299999993 0 0 -1
0.00359586696 -0.0231915843 -0.0299999993 0 0 -1
0.0126430867 -0.025987735 -0.0299999993 0 0 -1
0.0104409605 -0.0269480292 -0.0299999993 0 0 -1
-0.0213735998 0.0017463821 -0.0299999993 0 0 -1
-0.0232536178 0.00362639967 -0.0299999993 0 0 -1
-0.0270163193 0.0102629419 -0.0299999993 0 0 -1
0.00172142335 -0.0213616863 -0.0299999993 0 0 -1
0.00390478992 -0.0240236595 -0.0299999993 0 0 -1
0.00816668477 -0.0277221054 -0.0299999993 0 0 -1
-0.024104353 0.00392408483 -0.0299999993 0 0 -1
-0.027762169 0.0080294162 -0.0299999993 0 0 -1
0.000882159977 -0.0210728608 -0.0299999993 0 0 -1
0.00402383599 -0.0249032117 -0.0299999993 0 0 -1
0 -0.0209749993 -0.0299999993 0 0 -1
-0.0250000004 0.00402500015 -0.0299999993 0 0 -1
0.00394721609 -0.025787469 -0.0299999993 0 0 -1
-0.0258664079 0.00393064413 -0.0299999993 0 0 -1
0.00583597505 -0.028304616 -0.0299999993 0 0 -1
-0.0283237044 0.00574258342 -0.0299999993 0 0 -1
0.00367865642 -0.0266334359 -0.0299999993 0 0 -1
-0.0266921949 0.00365199964 -0.0299999993 0 0 -1
0.00323121552 -0.0273999739 -0.0299999993 0 0 -1
-0.0274386425 0.00320213125 -0.0299999993 0 0 -1
0.00346493698 -0.0286915321 -0.0299999993 0 0 -1
-0.0286972001 0.00341762579 -0.0299999993 0 0 -1
0.0026266512 -0.028049808 -0.0299999993 0 0 -1
-0.0280707553 0.00260213111 -0.0299999993 0 0 -1
0.00189436169 -0.0285513401 -0.0299999993 0 0 -1
-0.028558895 0.00188012992 -0.0299999993 0 0 -1
-0.0288801771 0.00106997881 -0.0299999993 0 0 -1
0.00106995553 -0.0288801827 -0.0299999993 0 0 -1
-0.0168500002 -0.0136000002 -0.0299999993 0 0 -1
-0.000882159744 -0.0210728608 -0.0299999993 0 0 -1
-0.001721423 -0.0213616863 -0.0299999993 0 0 -1
-0.00247697928 -0.0218274295 -0.0299999993 0 0 -1
-0.00311208796 -0.0224474464 -0.0299999993 0 0 -1
-0.0232536178 -0.00362639967 -0.0299999993 0 0 -1
-0.022490453 -0.00314687169 -0.0299999993 0 0 -1
-0.0218531284 -0.00250954647 -0.0299999993 0 0 -1
-0.0213735998 -0.0017463821 -0.0299999993 0 0 -1
-0.0210759155 -0.00089564675 -0.0299999993 0 0 -1
-0.00346493465 -0.0286915302 -0.0299999993 0 0 -1
-0.00323121669 -0.0273999721 -0.0299999993 0 0 -1
-0.00262665306 -0.0280498061 -0.0299999993 0 0 -1
-0.00189436378 -0.0285513401 -0.0299999993 0 0 -1
-0.00106995797 -0.0288801827 -0.0299999993 0 0 -1
-0.0286915228 -0.0034649563 -0.0299999993 0 0 -1
-0.0288801771 -0.00106997963 -0.0299999993 0 0 -1
-0.028558895 -0.0018801305 -0.0299999993 0 0 -1
-0.0280707553 -0.00260213157 -0.0299999993 0 0 -1
-0.0274386425 -0.00320213148 -0.0299999993 0 0 -1
-0.0058359676 -0.0283046141 -0.0299999993 0 0 -1
-0.00394721655 -0.025787469 -0.0299999993 0 0 -1
-0.00367865711 -0.026633434 -0.0299999993 0 0 -1
-0.0283046048 -0.00583598902 -0.0299999993 0 0 -1
-0.0266921949 -0.00365199964 -0.0299999993 0 0 -1
-0.0258664079 -0.00393064413 -0.0299999993 0 0 -1
-0.00816667266 -0.0277221054 -0.0299999993 0 0 -1
-0.00390478969 -0.0240236595 -0.0299999993 0 0 -1
-0.00402383599 -0.0249032099 -0.0299999993 0 0 -1
-0.0277220942 -0.00816669408 -0.0299999993 0 0 -1
-0.0250000004 -0.00402500015 -0.0299999993 0 0 -1
-0.024104353 -0.00392408483 -0.0299999993 0 0 -1
-0.0104409438 -0.0269480292 -0.0299999993 0 0 -1
-0.0035958665 -0.0231915843 -0.0299999993 0 0 -1
-0.026948018 -0.0104409643 -0.0299999993 0 0 -1
-0.0126430662 -0.0259877369 -0.0299999993 0 0 -1
-0.0259877238 -0.0126430858 -0.0299999993 0 0 -1
-0.0147578213 -0.0248478632 -0.0299999993 0 0 -1
-0.0248478483 -0.0147578409 -0.0299999993 0 0 -1
-0.0167705957 -0.0235362835 -0.0299999993 0 0 -1
-0.0235362686 -0.0167706143 -0.0299999993 0 0 -1
-0.0186674818 -0.0220620632 -0.0299999993 0 0 -1
-0.0220620465 -0.0186675005 -0.0299999993 0 0 -1
-0.0204353705 -0.0204353873 -0.0299999993 0 0 -1
-0.0209749993 -2.4646017e-19 -0.0299999993 0 0 -1
-0.0210759155 0.00089564675 -0.0299999993 0 0 -1
-0.0101585882 0.0282276999 -0.0288999975 -0.241873816 0.667734742 -0.704008102
-0.00884999894 0.0275115892 -0.0299999993 -0.22718811 0.670186698 -0.706565917
-0.011060399 0.0266997647 -0.0299999993 -0.268598557 0.65174216 -0.709286213
-0.00774999894 0.0289816763 -0.0288999993 -0.213720709 0.68273294 -0.698712468
-0.0124952793 0.0272739436 -0.0288999975 -0.296617925 0.645333827 -0.70396167
-0.0131973699 0.0257106833 -0.0299999993 -0.321333289 0.627387285 -0.709316671
-0.0147435348 0.026127154 -0.0288999975 -0.349300385 0.61843282 -0.703939021
-0.0152467238 0.024550911 -0.0299999993 -0.371892631 0.598792017 -0.709326386
-0.0168874413 0.0247954484 -0.0288999975 -0.399549901 0.587220788 -0.703940034
-0.017194856 0.0232281443 -0.0299999993 -0.41993767 0.566148221 -0.709315538
-0.0189118292 0.0232882537 -0.0288999975 -0.44701305 0.551917315 -0.703964889
-0.0190288313 0.0217511673 -0.0299999993 -0.465146214 0.529674411 -0.709284186
-0.0208023656 0.0216162354 -0.0288999975 -0.491355926 0.51277107 -0.704013646
-0.0207364745 0.0201297868 -0.0299999993 -0.507214904 0.489614874 -0.709232211
-0.022545673 0.019791225 -0.0288999975 -0.532267094 0.470057935 -0.704086125
-0.0223064497 0.0183747634 -0.0299999993 -0.545861542 0.446237534 -0.709159553
-0.0241294131 0.0178261437 -0.0288999975 -0.569459438 0.42407918 -0.704182327
-0.0237283334 0.0164977517 -0.0299999993 -0.580826163 0.399832487 -0.709066212
-0.0255423766 0.0157348979 -0.0288999975 -0.602672279 0.375159085 -0.704302311
-0.0249926858 0.0145112118 -0.0299999993 -0.611873448 0.350709945 -0.708952308
-0.0267745629 0.0135322865 -0.0288999975 -0.631673336 0.32364285 -0.704445958
-0.0260911118 0.0124283321 -0.0299999993 -0.638794005 0.299198419 -0.70881772
-0.0278172512 0.0112339007 -0.0288999975 -0.656260312 0.269893825 -0.704613209
-0.0270163193 0.0102629419 -0.0299999993 -0.661405802 0.245642215 -0.708662331
-0.0286630634 0.00885600597 -0.0288999975 -0.67626214 0.21429114 -0.704804122
-0.027762169 0.0080294162 -0.0299999993 -0.679555297 0.190399513 -0.708486199
-0.0293060094 0.00641543278 -0.0288999975 -0.691540718 0.15722692 -0.70501858
-0.0283237044 0.00574258342 -0.0299999993 -0.693118572 0.133839831 -0.708289206
-0.0297415424 0.00392945437 -0.0288999975 -0.70199132 0.0991033912 -0.705256462
-0.0286972001 0.00341762579 -0.0299999993 -0.702002048 0.0763415918 -0.708071351
-0.0299665798 0.00141566515 -0.0288999975 -0.709443867 0.0370745361 -0.703786075
-0.0288801771 0.00106997881 -0.0299999993 -0.703201056 0.0474168397 -0.709408164
-0.0289464053 0.000474224536 -0.0299497116 -0.711585343 0.0121915452 -0.702493906
-0.0289614964 -0.000118501208 -0.0299382545 -0.714828074 0.00212216144 -0.699297071
-0.029979527 -0.0011081436 -0.0288999975 -0.708978713 -0.034026742 -0.704408526
-0.0289372988 -0.000593036413 -0.0299566258 -0.708265245 -0.0147306547 -0.705792665
-0.0288801771 -0.00106997963 -0.0299999993 -0.70557946 -0.0497069322 -0.706885278
-0.0286915228 -0.0034649563 -0.0299999993 -0.703189731 -0.0748197064 -0.707054555
-0.0297802929 -0.00362410955 -0.0288999975 -0.701028287 -0.0946597159 -0.706823111
-0.0283046048 -0.00583598902 -0.0299999993 -0.694378316 -0.133181527 -0.707178473
-0.0293702874 -0.0061144256 -0.0288999975 -0.69076854 -0.153054029 -0.706691742
-0.0277220942 -0.00816669408 -0.0299999993 -0.680735469 -0.190595895 -0.707299352
-0.0287524145 -0.00856146682 -0.0288999975 -0.675649524 -0.210393906 -0.706563592
-0.026948018 -0.0104409643 -0.0299999993 -0.662357867 -0.246663988 -0.707417071
-0.0279310439 -0.0109479139 -0.0288999975 -0.655775785 -0.266275376 -0.706438661
-0.0259877238 -0.0126430858 -0.0299999993 -0.639374852 -0.300996214 -0.707531631
-0.0269119907 -0.0132568767 -0.0288999975 -0.631285548 -0.320304543 -0.706316888
-0.0248478483 -0.0147578409 -0.0299999993 -0.611947715 -0.353215545 -0.707643092
-0.0257024672 -0.0154720135 -0.0288999975 -0.602349639 -0.372100592 -0.706198275
-0.0235362686 -0.0167706143 -0.0299999993 -0.580268621 -0.402959406 -0.707751393
-0.024311034 -0.0175776463 -0.0288999975 -0.569170177 -0.421298116 -0.706083
-0.0220620465 -0.0186675005 -0.0299999993 -0.544559121 -0.449882627 -0.707856655
-0.0227475371 -0.019558873 -0.0288999975 -0.531979442 -0.467550069 -0.705970824
-0.0204353705 -0.0204353873 -0.0299999993 -0.5050686 -0.493659854 -0.707958758
-0.0210230462 -0.0214016717 -0.0288999975 -0.491037756 -0.510530055 -0.705861866
-0.0186674818 -0.0220620632 -0.0299999993 -0.462073028 -0.533987582 -0.708057761
-0.0191497616 -0.0230929982 -0.0288999975 -0.446632177 -0.549934447 -0.705756187
-0.0167705957 -0.0235362835 -0.0299999993 -0.415872127 -0.570586264 -0.708153725
-0.0171409454 -0.024620885 -0.0288999975 -0.399074286 -0.585484922 -0.705653667
-0.0147578213 -0.0248478632 -0.0299999993 -0.366788179 -0.603202462 -0.708246589
-0.0150108142 -0.0259745158 -0.0288999975 -0.348697811 -0.616930127 -0.705554426
-0.0126430662 -0.0259877369 -0.0299999993 -0.315163195 -0.631610513 -0.708336294
-0.0127744433 -0.027144311 -0.0288999975 -0.295856535 -0.644047618 -0.705458403
-0.0104409438 -0.0269480292 -0.0299999993 -0.26135686 -0.65561384 -0.708422959
-0.0104476595 -0.0281219911 -0.0288999975 -0.240921736 -0.666645288 -0.705365658
-0.00816667266 -0.0277221054 -0.0299999993 -0.205743819 -0.675046563 -0.708506584
-0.00804693345 -0.0289006382 -0.0288999975 -0.184279427 -0.68456316 -0.705276132
-0.0058359676 -0.0283046141 -0.0299999993 -0.148711279 -0.689774752 -0.70858711
-0.0055892542 -0.029474739 -0.0288999975 -0.126327902 -0.697673678 -0.705189824
-0.00346493465 -0.0286915302 -0.0299999993 -0.0906561539 -0.699697137 -0.708664536
-0.00309201726 -0.0298402309 -0.0288999975 -0.0674746931 -0.705883443 -0.705106854
-0.00106995797 -0.0288801827 -0.0299999993 -0.0464344695 -0.705988109 -0.706699789
-0.00057289633 -0.0299945287 -0.0288999975 -0.0124933086 -0.712630391 -0.701428473
-0.000530609163 -0.0289422926 -0.0299528409 -0.013085071 -0.706986904 -0.707105637
1.07213224e-10 -0.0289624985 -0.0299374983 -6.22270363e-07 -0.708972871 -0.70523572
0.000530574878 -0.0289422944 -0.029952839 0.0157879218 -0.714583039 -0.699372411
0.00195027934 -0.029936539 -0.0288999975 0.0476435982 -0.708716571 -0.703882694
0.00106995553 -0.0288801827 -0.0299999993 0.0484468378 -0.700772107 -0.711738229
0.00346493698 -0.0286915321 -0.0299999993 0.0813587606 -0.700133801 -0.709361315
0.00445965165 -0.0296666734 -0.0288999975 0.108362742 -0.70151788 -0.704365075
0.00583597505 -0.028304616 -0.0299999993 0.139458895 -0.690872133 -0.709398925
0.00693746097 -0.0291868392 -0.0288999975 0.166730911 -0.690019608 -0.70432508
0.00816668477 -0.0277221054 -0.0299999993 0.196582004 -0.676800907 -0.709433556
0.0093661705 -0.0285004359 -0.0288999975 0.223933458 -0.673670411 -0.704288244
0.0104409605 -0.0269480292 -0.0299999993 0.252330899 -0.65801847 -0.709465206
0.0117285894 -0.0276123192 -0.0288999975 0.279567778 -0.652584791 -0.704254866
0.0126430867 -0.025987735 -0.0299999993 0.306317955 -0.634655774 -0.709493756
0.0140080005 -0.0265287757 -0.0288999975 0.333242148 -0.626910865 -0.704224765
0.0147578456 -0.0248478577 -0.0299999993 0.358167917 -0.606875718 -0.709519327
0.0161882676 -0.0252574738 -0.0288999975 0.384578705 -0.596828699 -0.704197943
0.0167706236 -0.0235362742 -0.0299999993 0.407520384 -0.574871719 -0.709541857
0.0182539634 -0.0238074102 -0.0288999975 0.433215946 -0.562549829 -0.704174399
0.0186675135 -0.0220620502 -0.0299999993 0.454032212 -0.538866758 -0.709561348
0.0201904662 -0.0221888497 -0.0288999975 0.478811502 -0.524315238 -0.704154193
0.020435404 -0.0204353705 -0.0299999993 0.497380108 -0.499111474 -0.709577858
0.0219840687 -0.0204132479 -0.0288999975 0.521044135 -0.482393682 -0.704137266
0.0220620818 -0.0186674781 -0.0299999993 0.537262797 -0.45588243 -0.709591329
0.0236220807 -0.0184931699 -0.0288999975 0.559616745 -0.437079966 -0.704123735
0.023536304 -0.0167705864 -0.0299999993 0.573403001 -0.409480363 -0.709601879
0.0250929054 -0.0164422058 -0.0288999975 0.594257474 -0.388692915 -0.704113483
0.0248478837 -0.0147578074 -0.0299999993 0.605549455 -0.36022824 -0.709609389
0.0263861325 -0.0142748719 -0.0288999975 0.624722719 -0.337572992 -0.704106569
0.0259877592 -0.0126430467 -0.0299999993 0.63347882 -0.308468521 -0.70961386
0.0274926126 -0.0120065073 -0.0288999975 0.650797725 -0.28407982 -0.704102933
0.0269480515 -0.0104409195 -0.0299999993 0.656996787 -0.254561275 -0.70961529
0.0284045134 -0.00965316501 -0.0288999975 0.672299147 -0.228589848 -0.704102695
0.0277221259 -0.00816664286 -0.0299999993 0.675939679 -0.198881373 -0.7096138
0.0291153807 -0.00723150326 -0.0288999975 0.68907553 -0.17149359 -0.704105675
0.0283046328 -0.00583593268 -0.0299999993 0.69017601 -0.141816154 -0.70960927
0.0296201818 -0.00475866022 -0.0288999975 0.701008976 -0.113192812 -0.704112113
0.028691547 -0.00346489437 -0.0299999993 0.699606478 -0.083762385 -0.70960176
0.0299153458 -0.00225213729 -0.0288999975 0.708015442 -0.0540978573 -0.704121828
0.0288801957 -0.00106991257 -0.0299999993 0.707060277 -0.0372438617 -0.706171811
0.0299987812 0.000270325138 -0.0288999975 0.713264763 0.00460996572 -0.700879514
0.02893731 0.000592998578 -0.0299566314 0.707646072 0.0146362474 -0.706415474
0.0288801957 0.00106991176 -0.0299999993 0.707890034 0.0415952876 -0.705096841
0.0289615039 0.000118492993 -0.029938262 0.70733577 0.00145545031 -0.706876278
0.0289464146 -0.000474195811 -0.0299497191 0.710425794 -0.0120505514 -0.703668892
0.029869901 0.00279087434 -0.0288999975 0.707531214 0.0620231926 -0.703955054
0.0287230443 0.00319328974 -0.0299999993 0.701943874 0.084532164 -0.707198083
0.0295296162 0.00529167103 -0.0288999975 0.699236155 0.118938625 -0.704927266
0.0284099877 0.00529933488 -0.0299999993 0.694048524 0.138837561 -0.706413984
0.0289803334 0.00775501551 -0.0288999975 0.685233593 0.182234496 -0.705156386
0.0279427264 0.00737661589 -0.0299999993 0.683740556 0.180501044 -0.707048953
0.0273237936 0.00941385701 -0.0299999993 0.671074033 0.223339006 -0.706950724
0.0282259416 0.0101634739 -0.0288999975 0.666305363 0.245075583 -0.704255044
0.0265565459 0.0114000002 -0.0300000012 0.658888876 0.262387216 -0.704995334
0.0272717793 0.0124999983 -0.0289000031 0.661201 0.270011604 -0.699933589
-0.0258664079 -0.00393064413 -0.0299999993 0.130299836 0.694974661 -0.707129538
-0.0250000004 -0.00352500007 -0.0295000002 0.080675751 0.701041281 -0.708542585
-0.0250000004 -0.00402500015 -0.0299999993 0.0767800286 0.705019414 -0.705019414
-0.0258435886 -0.00342256995 -0.0295000002 0.187519133 0.677062035 -0.711634457
-0.0266921949 -0.00365199964 -0.0299999993 0.282799661 0.649928868 -0.7054196
-0.0266381484 -0.00312123238 -0.0295000002 0.338126719 0.613911152 -0.713290513
-0.0274386425 -0.00320213148 -0.0299999993 0.421436042 0.571388185 -0.704206824
-0.0273375083 -0.00263850042 -0.0295000002 0.470131755 0.518320143 -0.714367092
-0.0280707553 -0.00260213157 -0.0299999993 0.538864136 0.463373691 -0.703498602
-0.027901018 -0.00200242829 -0.0295000002 0.576778233 0.395327926 -0.714872479
-0.028558895 -0.0018801305 -0.0299999993 0.62886554 0.331509143 -0.703299284
-0.0282959323 -0.00124998228 -0.0295000002 0.652593732 0.25133124 -0.714810491
-0.0288801771 -0.00106997963 -0.0299999993 0.675466299 0.20196414 -0.709193707
-0.0284992997 -0.000424891798 -0.0295000002 0.686834157 0.0942212418 -0.720681012
-0.0289372988 -0.000593036413 -0.0299566258 0.697921455 0.105616353 -0.708343744
-0.0289614964 -0.000118501208 -0.0299382545 0.69948864 0.00590006541 -0.714619398
-0.0284992997 0.000424891798 -0.0295000002 0.689297616 -0.086848706 -0.719253898
-0.0289464053 0.000474224536 -0.0299497116 0.701941073 -0.0847688466 -0.707172573
-0.0288801771 0.00106997881 -0.0299999993 0.678213 -0.196997866 -0.707968235
-0.0282959323 0.00124998228 -0.0295000002 0.652593732 -0.25133118 -0.71481055
-0.028558895 0.00188012992 -0.0299999993 0.62886554 -0.331509054 -0.703299284
-0.027901018 0.00200242829 -0.0295000002 0.576778293 -0.395327896 -0.714872479
-0.0280707553 0.00260213111 -0.0299999993 0.538864195 -0.463373631 -0.703498602
-0.0273375083 0.00263850042 -0.0295000002 0.470131785 -0.518320084 -0.714367092
-0.0274386425 0.00320213125 -0.0299999993 0.421436071 -0.571388066 -0.704206824
-0.0266381484 0.00312123238 -0.0295000002 0.338126749 -0.613911152 -0.713290513
-0.0266921949 0.00365199964 -0.0299999993 0.282799691 -0.649928868 -0.7054196
-0.0258435886 0.00342256995 -0.0295000002 0.187519118 -0.677061975 -0.711634457
-0.0258664079 0.00393064413 -0.0299999993 0.130299866 -0.694974661 -0.707129538
-0.0250000004 0.00352500007 -0.0295000002 0.080675751 -0.701041281 -0.708542526
-0.0250000004 0.00402500015 -0.0299999993 0.0767800361 -0.705019414 -0.705019414
-0.024104353 0.00392408483 -0.0299999993 -0.134331286 -0.694396973 -0.706942677
-0.0250000004 0.00352500007 -0.0295000002 -0.0820809454 -0.702047408 -0.70738405
-0.0250000004 0.00402500015 -0.0299999993 -0.0794201344 -0.704873204 -0.704873204
-0.0241564121 0.00342256995 -0.0295000002 -0.190953121 -0.677537203 -0.710267782
-0.0232536178 0.00362639967 -0.0299999993 -0.289644897 -0.646792591 -0.705524743
-0.0233618505 0.00312123238 -0.0295000002 -0.343201578 -0.613039136 -0.711614907
-0.022490453 0.00314687169 -0.0299999993 -0.430145591 -0.564671516 -0.704358459
-0.0226624925 0.00263850042 -0.0295000002 -0.476109475 -0.515167236 -0.712686837
-0.0218531284 0.00250954647 -0.0299999993 -0.548224866 -0.452339441 -0.70344764
-0.0220989827 0.00200242829 -0.0295000002 -0.582553685 -0.389316082 -0.713487387
-0.0213735998 0.0017463821 -0.0299999993 -0.637474597 -0.315761685 -0.702794909
-0.0217040684 0.00124998228 -0.0295000002 -0.656840622 -0.242356211 -0.714019477
-0.0210759155 0.00089564675 -0.0299999993 -0.693043828 -0.16223754 -0.702402472
-0.0215007011 0.000424891798 -0.0295000002 -0.695002496 -0.0822699144 -0.714285076
-0.0209749993 -2.4646017e-19 -0.0299999993 -0.711909175 -0 -0.702271521
-0.0215007011 -0.000424891798 -0.0295000002 -0.695002496 0.0822699144 -0.714285076
-0.0210759155 -0.00089564675 -0.0299999993 -0.693043828 0.162237525 -0.702402532
-0.0217040684 -0.00124998228 -0.0295000002 -0.656840622 0.242356211 -0.714019477
-0.0213735998 -0.0017463821 -0.0299999993 -0.637474597 0.315761685 -0.702794969
-0.0220989827 -0.00200242829 -0.0295000002 -0.582553685 0.389316082 -0.713487387
-0.0218531284 -0.00250954647 -0.0299999993 -0.548224866 0.452339441 -0.70344758
-0.0226624925 -0.00263850042 -0.0295000002 -0.476109445 0.515167296 -0.712686777
-0.022490453 -0.00314687169 -0.0299999993 -0.430145591 0.564671516 -0.704358459
-0.0233618505 -0.00312123238 -0.0295000002 -0.343201578 0.613039136 -0.711614907
-0.0232536178 -0.00362639967 -0.0299999993 -0.289644927 0.646792591 -0.705524743
-0.0241564121 -0.00342256995 -0.0295000002 -0.190953121 0.677537203 -0.710267782
-0.024104353 -0.00392408483 -0.0299999993 -0.134331301 0.694397092 -0.706942558
-0.0250000004 -0.00352500007 -0.0295000002 -0.0820809454 0.702047408 -0.70738405
-0.0250000004 -0.00402500015 -0.0299999993 -0.0794201344 0.704873204 -0.704873204
-0.0241564121 0.00342256995 -0.0295000002 -0.19985415 -0.979825675 2.66755615e-19
-0.0250000004 0.00352500007 -0.0209999997 -0.120536678 -0.992708862 2.60495321e-17
-0.0250000004 0.00352500007 -0.0295000002 -0.120536678 -0.992708862 -0
-0.0241564121 0.00342256995 -0.0209999997 -0.278385639 -0.960469365 -1.62830289e-17
-0.0233618505 0.00312123238 -0.0295000002 -0.428534359 -0.903525472 -8.29421544e-17
-0.0233618505 0.00312123238 -0.0209999997 -0.500151575 -0.865937889 -1.01258851e-16
-0.0226624925 0.00263850042 -0.0295000002 -0.632309735 -0.774715662 -1.5110144e-16
-0.0226624925 0.00263850042 -0.0209999997 -0.692850649 -0.721081138 -7.92192461e-17
-0.0220989827 0.00200242829 -0.0295000002 -0.799337566 -0.600882232 -2.89358664e-17
-0.0220989827 0.00200242829 -0.0209999997 -0.845283628 -0.534317911 5.73443357e-17
-0.0217040684 0.00124998228 -0.0295000002 -0.919910789 -0.392127663 4.44775843e-17
-0.0217040684 0.00124998228 -0.0209999997 -0.948591888 -0.316501886 4.15014546e-17
-0.0215007011 0.000424891798 -0.0295000002 -0.987022161 -0.160584092 2.16136405e-17
-0.0215007011 0.000424891798 -0.0209999997 -0.996771395 -0.0802920461 1.17777351e-17
-0.0215007011 -0.000424891798 -0.0295000002 -0.996771395 0.0802920461 -1.22948859e-17
-0.0215007011 -0.000424891798 -0.0209999997 -0.987022161 0.160584092 -2.25363919e-17
-0.0217040684 -0.00124998228 -0.0295000002 -0.948591888 0.316501886 -4.22082109e-17
-0.0217040684 -0.00124998228 -0.0209999997 -0.919910789 0.392127663 -4.58235759e-17
-0.0220989827 -0.00200242829 -0.0295000002 -0.845283628 0.534317851 -5.77128612e-17
-0.0220989827 -0.00200242829 -0.0209999997 -0.799337566 0.600882232 3.04089725e-17
-0.0226624925 -0.00263850042 -0.0295000002 -0.692850649 0.721081138 8.0744898e-17
-0.0226624925 -0.00263850042 -0.0209999997 -0.632309794 0.774715662 1.52493049e-16
-0.0233618505 -0.00312123238 -0.0295000002 -0.500151575 0.865937889 1.01255867e-16
-0.0233618505 -0.00312123238 -0.0209999997 -0.428534359 0.903525472 8.33799712e-17
-0.0241564121 -0.00342256995 -0.0295000002 -0.278385639 0.960469365 1.59350422e-17
-0.0241564121 -0.00342256995 -0.0209999997 -0.19985415 0.979825675 -1.277798e-18
-0.0250000004 -0.00352500007 -0.0295000002 -0.120536678 0.992708862 -2.6568133e-17
-0.0250000004 -0.00352500007 -0.0209999997 -0.120536678 0.992708862 -0
-0.0258435886 -0.00342256995 -0.0295000002 0.19985415 0.979825675 2.66755615e-19
-0.0250000004 -0.00352500007 -0.0209999997 0.120536678 0.992708862 2.60495321e-17
-0.0250000004 -0.00352500007 -0.0295000002 0.120536678 0.992708862 -0
-0.0258435886 -0.00342256995 -0.0209999997 0.278385639 0.960469365 -1.62830289e-17
-0.0266381484 -0.00312123238 -0.0295000002 0.428534359 0.903525472 -8.29421544e-17
-0.0266381484 -0.00312123238 -0.0209999997 0.500151575 0.865937889 -1.01258851e-16
-0.0273375083 -0.00263850042 -0.0295000002 0.632309735 0.774715662 -1.5110144e-16
-0.0273375083 -0.00263850042 -0.0209999997 0.692850649 0.721081138 -7.92192461e-17
-0.027901018 -0.00200242829 -0.0295000002 0.799337566 0.600882232 -2.89358664e-17
-0.027901018 -0.00200242829 -0.0209999997 0.845283628 0.534317911 5.73443357e-17
-0.0282959323 -0.00124998228 -0.0295000002 0.919910789 0.392127663 4.44775843e-17
-0.0282959323 -0.00124998228 -0.0209999997 0.948591888 0.316501886 4.15014546e-17
-0.0284992997 -0.000424891798 -0.0295000002 0.987022161 0.160584092 2.16136405e-17
-0.0284992997 -0.000424891798 -0.0209999997 0.996771395 0.0802920461 1.17777351e-17
-0.0284992997 0.000424891798 -0.0295000002 0.996771395 -0.0802920461 -1.22948859e-17
-0.0284992997 0.000424891798 -0.0209999997 0.987022161 -0.160584092 -2.25363919e-17
-0.0282959323 0.00124998228 -0.0295000002 0.948591888 -0.316501886 -4.22082109e-17
-0.0282959323 0.00124998228 -0.0209999997 0.919910789 -0.392127663 -4.58235759e-17
-0.027901018 0.00200242829 -0.0295000002 0.845283628 -0.534317851 -5.77128612e-17
-0.027901018 0.00200242829 -0.0209999997 0.799337566 -0.600882232 3.04089725e-17
-0.0273375083 0.00263850042 -0.0295000002 0.692850649 -0.721081138 8.0744898e-17
-0.0273375083 0.00263850042 -0.0209999997 0.632309794 -0.774715662 1.52493049e-16
-0.0266381484 0.00312123238 -0.0295000002 0.500151575 -0.865937889 1.01255867e-16
-0.0266381484 0.00312123238 -0.0209999997 0.428534359 -0.903525472 8.33799712e-17
-0.0258435886 0.00342256995 -0.0295000002 0.278385639 -0.960469365 1.59350422e-17
-0.0258435886 0.00342256995 -0.0209999997 0.19985415 -0.979825675 -1.277798e-18
-0.0250000004 0.00352500007 -0.0295000002 0.120536678 -0.992708862 -2.6568133e-17
-0.0250000004 0.00352500007 -0.0209999997 0.120536678 -0.992708862 -0
-0.00774999987 0.0125000002 -0.0288999993 0.707106769 -3.16193294e-08 -0.707106769
-0.00884999987 0.0136000002 -0.0299999993 0.707106709 -3.77801896e-08 -0.707106829
-0.00884999894 0.0275115892 -0.0299999993 0.707106769 -3.16193294e-08 -0.707106769
-0.00774999894 0.0289816763 -0.0288999993 0.707106829 -2.64191691e-08 -0.707106709
-0.00774999894 0.0289816763 -0.0288999993 1 -5.60092275e-08 1.09895936e-07
-0.00774999987 0.0289816745 -0.0205000006 1 -1.03119554e-07 1.06807619e-07
-0.00774999987 0.0284637921 -0.0209999997 1 -2.89115096e-08 5.67273943e-08
-0.00774999987 0.0125000002 -0.0288999993 1 -2.76520602e-08 5.58774396e-08
-0.00774999987 0.0125000002 -0.0209999997 1 0 0
0.0261636134 0.0146787381 -0.0205000006 0.622154772 0.340261281 -0.705085576
0.0272717811 0.0125000002 -0.0205000006 0.635883927 0.323428392 -0.700746536
0.026720779 0.0125000002 -0.0209999997 0.628912389 0.323115855 -0.707153022
0.0256027728 0.0146542843 -0.0209999997 0.607802153 0.356641442 -0.709495187
0.0248817503 0.016760027 -0.0205000006 0.59243542 0.390037596 -0.704904974
0.0243114568 0.0167093705 -0.0209999997 0.576389909 0.405142844 -0.709671676
0.0234347023 0.01873005 -0.0205000006 0.558737695 0.437229484 -0.704728723
0.0228555724 0.0186513476 -0.0209999997 0.541121483 0.450898558 -0.709843636
0.021832075 0.0205757264 -0.0205000006 0.521285713 0.481519341 -0.704556823
0.0212449748 0.0204670727 -0.0209999997 0.502235234 0.49360314 -0.710011065
0.0200845096 0.0222848039 -0.0205000006 0.480328649 0.522608995 -0.704389274
0.0194905661 0.0221442506 -0.0209999997 0.459993511 0.53297174 -0.710173965
0.018203605 0.0238459371 -0.0205000006 0.436139315 0.560221434 -0.704226136
0.0176042225 0.0236715302 -0.0209999997 0.414681226 0.568742037 -0.710332334
0.0162018519 0.0252487622 -0.0205000006 0.389012456 0.594103098 -0.704067349
0.0155987125 0.0250385739 -0.0209999997 0.366603583 0.600675642 -0.710486174
0.0140925366 0.0264839642 -0.0205000006 0.339262515 0.624025226 -0.703912914
0.0134876119 0.0262361262 -0.0209999997 0.316084117 0.628560305 -0.710635483
0.0118896645 0.0275433455 -0.0205000006 0.287221998 0.649785578 -0.703762949
0.0112852119 0.0272560809 -0.0209999997 0.263462633 0.652210712 -0.710780323
0.00960785802 0.0284198709 -0.0205000006 0.233238548 0.671209693 -0.703617275
0.00900642015 0.0280915368 -0.0209999997 0.209092841 0.671470046 -0.710920691
0.00726226717 0.0291077215 -0.0205000006 0.177673295 0.688152313 -0.703476071
0.00666666171 0.0287368335 -0.0209999997 0.153339982 0.68621099 -0.711056471
0.00486846315 0.029602332 -0.0205000006 0.120897971 0.700498044 -0.703339338
0.00428177556 0.0291876066 -0.0209999997 0.0965784565 0.696336448 -0.711187899
0.00244233874 0.0299004186 -0.0205000006 0.063292399 0.708162487 -0.703206897
0.00186790572 0.0294408035 -0.0209999997 0.0391889475 0.701780498 -0.711314499
-2.38452849e-08 0.0300000105 -0.0204999894 0.00930192135 0.709552824 -0.704590857
-0.000558608386 0.0294947103 -0.0209999997 -0.0159961656 0.698822618 -0.715116143
-0.00195834879 0.0299360137 -0.0205000006 -0.0447181538 0.705276787 -0.707520306
-0.00298134121 0.029348962 -0.0209999997 -0.0699135736 0.694702029 -0.715891898
-0.00390831986 0.0297443271 -0.0205000006 -0.0951751471 0.699984908 -0.707787216
-0.00538389292 0.0290045459 -0.0209999997 -0.123745091 0.688967407 -0.714150548
-0.00584161934 0.0294257626 -0.0205000006 -0.144816607 0.689724267 -0.709442437
-0.00774999987 0.0284637921 -0.0209999997 -0.157344103 0.682918191 -0.71334815
-0.00774999987 0.0289816745 -0.0205000006 -0.159559757 0.685678244 -0.710201442
0.026720779 0.0125000002 -0.0209999997 8.93803929e-08 1 -1.30357137e-07
0.0157500003 0.0125000002 -0.0288999993 9.17085359e-08 1 -1.2735623e-07
0.0157500003 0.0125000002 -0.0209999997 0 1 0
0.0272717811 0.0125000002 -0.0209999997 0 1 -2.45566554e-07
0.0272717811 0.0125000002 -0.0205000006 0 1 0
0.0272717793 0.0124999983 -0.0289000031 1.70860318e-07 1 -2.491918e-07
0.0282178447 0.0101859309 -0.0209999997 0.935800612 0.352529794 -8.60862826e-07
0.0272717793 0.0124999983 -0.0289000031 0.925706446 0.378242731 -6.3345331e-05
0.0272717811 0.0125000002 -0.0209999997 0.925630927 0.378427476 -1.84677617e-07
0.0282259416 0.0101634739 -0.0288999975 0.94536823 0.326004505 -8.42619847e-05
0.0289679542 0.00780112715 -0.0209999997 0.961976171 0.273133308 3.9878294e-05
0.0289803334 0.00775501551 -0.0288999975 0.969359934 0.245644629 -0.000125575811
0.0295169 0.00536214933 -0.0209999997 0.981428564 0.191828102 7.97635948e-05
0.0295296162 0.00529167103 -0.0288999975 0.986533821 0.163557291 -0.00016607804
0.0298608672 0.00288593443 -0.0209999997 0.994021773 0.109182216 0.000118857031
0.029869901 0.00279087434 -0.0288999975 0.99676913 0.0803196207 -0.000205768083
0.0299974699 0.000389678491 -0.0209999997 0.999667823 0.0257732701 0.000157158604
0.0299987812 0.000270325138 -0.0288999975 0.99999392 -0.00348297018 -0.000244645955
0.0299257562 -0.00210928358 -0.0209999997 0.998327255 -0.0578158163 0.000194668319
0.0299153458 -0.00225213729 -0.0288999975 0.996185422 -0.0872610658 -0.000282711699
0.029646229 -0.00459359773 -0.0209999997 0.990009427 -0.141000822 0.000231386177
0.0296201818 -0.00475866022 -0.0288999975 0.985370517 -0.170425415 -0.000319965242
0.0291608255 -0.00704601221 -0.0209999997 0.974772573 -0.223200381 0.000267312222
0.0291153807 -0.00723150326 -0.0288999975 0.96762526 -0.25239113 -0.000356406701
0.0284729172 -0.00944949687 -0.0209999997 0.952723026 -0.303840011 0.000302446424
0.0284045134 -0.00965316501 -0.0288999975 0.943074346 -0.332581699 -0.00039203593
0.0275872815 -0.0117873596 -0.0209999997 0.924014986 -0.382356107 0.000336788798
0.0274926126 -0.0120065073 -0.0288999975 0.911890626 -0.410433114 -0.000426853105
0.026510071 -0.0140433675 -0.0209999997 0.88884902 -0.458199978 0.000370339345
0.0263861325 -0.0142748719 -0.0288999975 0.874293327 -0.485397786 -0.000460858137
0.0252487622 -0.0162018519 -0.0209999997 0.847471058 -0.53084147 0.000403098093
0.0250929054 -0.0164422058 -0.0288999975 0.830546856 -0.556948602 -0.000494051084
0.0238121171 -0.0182478242 -0.0209999997 0.800170064 -0.599773049 0.000435065071
0.0236220807 -0.0184931699 -0.0288999975 0.780958891 -0.624582231 -0.00052643189
0.02221011 -0.020167077 -0.0209999997 0.747276783 -0.664512753 0.00046624025
0.0219840687 -0.0204132479 -0.0288999975 0.725878239 -0.687822998 -0.000558000582
0.0204538684 -0.0219462812 -0.0209999997 0.689160764 -0.724608302 0.000496623688
0.0201904662 -0.0221888497 -0.0288999975 0.665692329 -0.746226072 -0.000588757219
0.0185555872 -0.0235730819 -0.0209999997 0.626228333 -0.779639482 0.000526215124
0.0182539634 -0.0238074102 -0.0288999975 0.600824416 -0.799380779 -0.000618701859
0.0165284481 -0.0250361823 -0.0209999997 0.558919251 -0.829221904 0.000555014936
0.0161882676 -0.0252574738 -0.0288999975 0.531730711 -0.846913278 -0.000647834269
0.0143865291 -0.0263254214 -0.0209999997 0.48770383 -0.873008966 0.000583022949
0.0140080005 -0.0265287757 -0.0288999975 0.458897233 -0.888489127 -0.000676154625
0.0121447043 -0.0274318457 -0.0209999997 0.413079947 -0.91069454 0.00061023928
0.0117285894 -0.0276123192 -0.0288999975 0.382836223 -0.923815966 -0.000703662983
0.00981854275 -0.0283477735 -0.0209999997 0.335569054 -0.942015409 0.000636663695
0.0093661705 -0.0285004359 -0.0288999975 0.304082602 -0.952645361 -0.00073035917
0.00742419623 -0.029066842 -0.0209999997 0.255712897 -0.966752529 0.000662296428
0.00693746097 -0.0291868392 -0.0288999975 0.223190308 -0.974774599 -0.000756243477
0.00497829355 -0.0295840595 -0.0209999997 0.174069583 -0.984733105 0.000687137421
0.00445965165 -0.0296666734 -0.0288999975 0.140728235 -0.990047932 -0.000781315553
0.00249781972 -0.0298958346 -0.0209999997 0.0912097096 -0.99583143 0.000711186731
0.00195027934 -0.029936539 -0.0288999975 0.0572764203 -0.998358011 -0.000805575633
0 -0.0299999993 -0.0209999997 -0.0190924034 -0.999817729 -6.34356111e-05
-0.00247738045 -0.0298975352 -0.0161000006 -0.0766054168 -0.997061431 -0.000400425255
0 -0.0299999993 -0.0161000006 -0.0413249731 -0.999145746 0
-0.00057289633 -0.0299945287 -0.0288999975 -0.0190965366 -0.999817431 0.00069248979
-0.00309201726 -0.0298402309 -0.0288999975 -0.0962243006 -0.995359659 -7.32866611e-05
-0.00493783783 -0.0295908395 -0.0161000006 -0.157926872 -0.987450719 0.000474195665
-0.0055892542 -0.029474739 -0.0288999975 -0.192548096 -0.98128736 -0.000582893263
-0.00736456458 -0.0290820077 -0.0161000006 -0.239415258 -0.970917165 0.000495960063
-0.00804693345 -0.0289006382 -0.0288999975 -0.273878515 -0.961764097 -0.000604836096
-0.00974098407 -0.0283745173 -0.0161000006 -0.319248408 -0.947670937 0.000516054279
-0.0104476595 -0.0281219911 -0.0288999975 -0.353292972 -0.935512543 -0.000625027867
-0.0120508624 -0.0274732001 -0.0161000006 -0.396874338 -0.917872787 0.0005344784
-0.0127744433 -0.027144311 -0.0288999975 -0.430235833 -0.902716279 -0.000643468869
-0.0142784221 -0.0263842121 -0.0161000006 -0.471756399 -0.881728768 0.000551232719
-0.0150108142 -0.0259745158 -0.0288999975 -0.504168868 -0.863604844 -0.000660158868
-0.0164084453 -0.0251149945 -0.0161000006 -0.543376863 -0.839488685 0.00056631671
-0.0171409454 -0.024620885 -0.0288999975 -0.574574769 -0.818451822 -0.000675097981
-0.0184263811 -0.0236742161 -0.0161000006 -0.611240625 -0.7914446 0.000579730957
-0.0191497616 -0.0230929982 -0.0288999975 -0.640961111 -0.767573059 -0.000688286207
-0.0203184467 -0.0220717173 -0.0161000006 -0.674878359 -0.737928748 0.000591474934
-0.0210230462 -0.0214016717 -0.0288999975 -0.702863395 -0.711324513 -0.000699723547
-0.0220717173 -0.0203184467 -0.0161000006 -0.733850181 -0.679311037 0.000601549109
-0.0227475371 -0.019558873 -0.0288999975 -0.759848654 -0.650099635 -0.000709410058
-0.0236742161 -0.0184263811 -0.0161000006 -0.787748456 -0.615996718 0.000609953189
-0.024311034 -0.0175776463 -0.0288999975 -0.811518073 -0.584326923 -0.000717345625
-0.0251149945 -0.0164084453 -0.0161000006 -0.836200416 -0.548423648 0.000616687234
-0.0257024672 -0.0154720135 -0.0288999975 -0.857510328 -0.514466226 -0.000723530422
-0.0263842121 -0.0142784221 -0.0161000006 -0.878871083 -0.477058917 0.0006217513
-0.0269119907 -0.0132568767 -0.0288999975 -0.897503614 -0.441006511 -0.000727964332
-0.0274732001 -0.0120508624 -0.0161000006 -0.915465534 -0.402395874 0.000625145505
-0.0279310439 -0.0109479139 -0.0288999975 -0.931218147 -0.364461601 -0.000730647356
-0.0283745173 -0.00974098407 -0.0161000006 -0.945730686 -0.324950844 0.000626869733
-0.0287524145 -0.00856146682 -0.0288999975 -0.958418012 -0.285367012 -0.000731579727
-0.0290820077 -0.00736456458 -0.0161000006 -0.969457328 -0.245259136 0.000626923691
-0.0293702874 -0.0061144256 -0.0288999975 -0.978913069 -0.204276025 -0.000730761152
-0.0295908395 -0.00493783783 -0.0161000006 -0.986481428 -0.16387178 0.000625307963
-0.0297802929 -0.00362410955 -0.0288999975 -0.992559791 -0.121755928 -0.000728191517
-0.0298975352 -0.00247738045 -0.0161000006 -0.996685266 -0.0813515112 0.000622022082
-0.029979527 -0.0011081436 -0.0288999975 -0.99926281 -0.0383841097 -0.000723871228
-0.0299999993 1.83697024e-18 -0.0161000006 -0.999998331 0.00173121726 0.000617066456
-0.0299665798 0.00141566515 -0.0288999975 -0.998975158 0.0452562608 -0.000717799936
-0.0298975352 0.00247738045 -0.0161000006 -0.996397614 0.0848019794 0.000610440678
-0.0297415424 0.00392945437 -0.0288999975 -0.991698861 0.128580019 -0.000709978049
-0.0295908395 0.00493783783 -0.0161000006 -0.985908151 0.167286456 0.000602144748
-0.0293060094 0.00641543278 -0.0288999975 -0.977484882 0.211004287 -0.000700405217
-0.0290820077 0.00736456458 -0.0161000006 -0.968602359 0.248614356 0.000592179189
-0.0286630634 0.00885600597 -0.0288999975 -0.956432581 0.291952372 -0.000689081324
-0.0283745173 0.00974098407 -0.0161000006 -0.944599926 0.328223407 0.000580543419
-0.0278172512 0.0112339007 -0.0288999975 -0.928689301 0.370858043 -0.000676006719
-0.0274732001 0.0120508624 -0.0161000006 -0.914066851 0.405563205 0.000567237672
-0.0267745629 0.0135322865 -0.0288999975 -0.894449055 0.447169304 -0.000661181228
-0.0263842121 0.0142784221 -0.0161000006 -0.877214074 0.480099052 0.000552261947
-0.0255423766 0.0157348979 -0.0288999975 -0.853951514 0.520352185 -0.000644604792
-0.0251149945 0.0164084453 -0.0161000006 -0.834296584 0.551315665 0.000535616244
-0.0241294131 0.0178261437 -0.0288999975 -0.807479799 0.589894891 -0.000626277411
-0.0236742161 0.0184263811 -0.0161000006 -0.785610974 0.618720591 0.00051730033
-0.022545673 0.019791225 -0.0288999975 -0.755359173 0.65531075 -0.000606199203
-0.0220717173 0.0203184467 -0.0161000006 -0.73149389 0.68184787 0.000497314322
-0.0208023656 0.0216162354 -0.0288999975 -0.697954178 0.716142178 -0.000584369991
-0.0203184467 0.0220717173 -0.0161000006 -0.672319412 0.740261018 0.000475658424
-0.0189118292 0.0232882537 -0.0288999975 -0.63566643 0.771963656 -0.000560789777
-0.0184263811 0.0236742161 -0.0161000006 -0.608496726 0.793556213 0.000452332344
-0.0168874413 0.0247954484 -0.0288999975 -0.568931758 0.822384596 -0.000535458734
-0.0164084453 0.0251149945 -0.0161000006 -0.540467024 0.841365099 0.000427336141
-0.0147435348 0.026127154 -0.0288999975 -0.498216838 0.867052317 -0.00050837663
-0.0142784221 0.0263842121 -0.0161000006 -0.468700796 0.883356869 0.000400669785
-0.0124952793 0.0272739436 -0.0288999975 -0.424016535 0.905654311 -0.000479543465
-0.0120508624 0.0274732001 -0.0161000006 -0.393694043 0.919241428 0.000372333365
-0.0101585882 0.0282276999 -0.0288999975 -0.338447392 0.940985262 -0.00038004294
-0.00974098407 0.0283745173 -0.0161000006 -0.32404533 0.946041465 0.000460301904
-0.00774999987 0.0289816745 -0.0205000006 -0.285967469 0.958239257 -0.000357923214
-0.00736456458 0.0290820077 -0.0161000006 -0.240155637 0.970731437 0.00240717293
-0.00584161934 0.0294257626 -0.0205000006 -0.198791668 0.980041742 0.000275035884
-0.00493783783 0.0295908395 -0.0161000006 -0.164024651 0.986451805 0.00295671774
-0.00774999894 0.0289816763 -0.0288999993 -0.298740864 0.954334259 3.54912344e-09
-0.00390831986 0.0297443271 -0.0205000006 -0.127725407 0.991809547 0.000220837072
-0.00247738045 0.0298975352 -0.0161000006 -0.0869029537 0.996213377 0.00261612609
-0.00195834879 0.0299360137 -0.0205000006 -0.055998221 0.998430669 0.000629190472
0 0.0299999993 -0.0161000006 -0.0375015661 0.999294221 0.00215891679
-2.38452849e-08 0.0300000105 -0.0204999894 -0.0326626003 0.999466419 2.69084194e-06
-0.00247738045 -0.0298975352 -0.0161000006 -0.0490044057 -0.705433369 0.707080126
0 -0.0299999993 -0.0161000006 -0.029233655 -0.706804574 0.706804574
0 -0.0288999993 -0.0149999997 -0.0296081565 -0.706353903 0.70723933
-0.0024508913 -0.0287958868 -0.0149999997 -0.0691615343 -0.703163624 0.707656443
-0.00493783783 -0.0295908395 -0.0161000006 -0.107649602 -0.699165881 0.706808805
-0.0048841238 -0.0284842998 -0.0149999997 -0.127974078 -0.694593787 0.707928061
-0.00736456458 -0.0290820077 -0.0161000006 -0.165587276 -0.688014567 0.706552744
-0.00728216581 -0.0279674828 -0.0149999997 -0.185840011 -0.681131184 0.708183408
-0.00974098407 -0.0283745173 -0.0161000006 -0.222410113 -0.67205447 0.706311882
-0.0096277399 -0.0272491574 -0.0149999997 -0.242354527 -0.662873864 0.708422542
-0.0120508624 -0.0274732001 -0.0161000006 -0.277718365 -0.651394308 0.706086397
-0.0119039463 -0.0263345037 -0.0149999997 -0.297122449 -0.639952898 0.708645523
-0.0142784221 -0.0263842121 -0.0161000006 -0.331122637 -0.626176119 0.705876231
-0.0140943835 -0.0252301078 -0.0149999997 -0.349761069 -0.61253202 0.70885241
-0.0164084453 -0.0251149945 -0.0161000006 -0.382246971 -0.596574247 0.705681503
-0.016183272 -0.023943929 -0.0149999997 -0.399902701 -0.580806017 0.709043205
-0.0184263811 -0.0236742161 -0.0161000006 -0.430730999 -0.562794328 0.705502212
-0.018155558 -0.0224852338 -0.0149999997 -0.447197348 -0.54499954 0.709217906
-0.0203184467 -0.0220717173 -0.0161000006 -0.476233095 -0.525071204 0.705338418
-0.0199970342 -0.0208645314 -0.0149999997 -0.491314918 -0.50536561 0.709376633
-0.0220717173 -0.0203184467 -0.0161000006 -0.518432379 -0.483668059 0.705190063
-0.0216944292 -0.0190934986 -0.0149999997 -0.531947613 -0.462183833 0.709519446
-0.0236742161 -0.0184263811 -0.0161000006 -0.557031214 -0.438874066 0.705057323
-0.0232355166 -0.0171848983 -0.0149999997 -0.568812132 -0.415758252 0.709646285
-0.0251149945 -0.0164084453 -0.0161000006 -0.591757238 -0.391002387 0.704940081
-0.0246091913 -0.0151524805 -0.0149999997 -0.60165143 -0.366415441 0.709757149
-0.0263842121 -0.0142784221 -0.0161000006 -0.622365475 -0.340388149 0.704838395
-0.0258055571 -0.0130108884 -0.0149999997 -0.630236566 -0.314502269 0.709852219
-0.0274732001 -0.0120508624 -0.0161000006 -0.648639679 -0.287385851 0.704752386
-0.0268159937 -0.0107755521 -0.0149999997 -0.654368401 -0.260383219 0.709931433
-0.0283745173 -0.00974098407 -0.0161000006 -0.670394659 -0.232367024 0.704681933
-0.0276332181 -0.00846257806 -0.0149999997 -0.673878729 -0.204438254 0.709994733
-0.0290820077 -0.00736456458 -0.0161000006 -0.687476456 -0.175717488 0.704627216
-0.0282513462 -0.00608863076 -0.0149999997 -0.688631654 -0.147059813 0.710042179
-0.0295908395 -0.00493783783 -0.0161000006 -0.699764729 -0.117834717 0.704588056
-0.0286659226 -0.00367081491 -0.0149999997 -0.698524356 -0.088650316 0.710073829
-0.0298975352 -0.00247738045 -0.0161000006 -0.707172573 -0.0591248721 0.704564571
-0.0288739596 -0.00122655078 -0.0149999997 -0.703487992 -0.0296193194 0.710089624
-0.0299999993 1.83697024e-18 -0.0161000006 -0.709647655 0 0.704556763
-0.0288739596 0.00122655078 -0.0149999997 -0.703487992 0.0296193194 0.710089624
-0.0298975352 0.00247738045 -0.0161000006 -0.707172573 0.0591248684 0.704564512
-0.0286659226 0.00367081491 -0.0149999997 -0.698524356 0.088650316 0.710073829
-0.0295908395 0.00493783783 -0.0161000006 -0.699764729 0.117834717 0.704587996
-0.0282513462 0.00608863076 -0.0149999997 -0.688631594 0.147059813 0.710042179
-0.0290820077 0.00736456458 -0.0161000006 -0.687476456 0.175717488 0.704627216
-0.0276332181 0.00846257806 -0.0149999997 -0.673878729 0.204438269 0.709994733
-0.0283745173 0.00974098407 -0.0161000006 -0.670394599 0.232367009 0.704681993
-0.0268159937 0.0107755521 -0.0149999997 -0.654368401 0.260383248 0.709931374
-0.0274732001 0.0120508624 -0.0161000006 -0.648639679 0.287385821 0.704752386
-0.0258055571 0.0130108884 -0.0149999997 -0.630236566 0.314502269 0.709852219
-0.0263842121 0.0142784221 -0.0161000006 -0.622365415 0.340388149 0.704838395
-0.0246091913 0.0151524805 -0.0149999997 -0.60165143 0.366415471 0.709757149
-0.0251149945 0.0164084453 -0.0161000006 -0.591757238 0.391002387 0.704940081
-0.0232355166 0.0171848983 -0.0149999997 -0.568812132 0.415758252 0.709646285
-0.0236742161 0.0184263811 -0.0161000006 -0.557031214 0.438874066 0.705057323
-0.0216944292 0.0190934986 -0.0149999997 -0.531947672 0.462183803 0.709519386
-0.0220717173 0.0203184467 -0.0161000006 -0.518432379 0.483668059 0.705190063
-0.0199970342 0.0208645314 -0.0149999997 -0.491314918 0.50536561 0.709376633
-0.0203184467 0.0220717173 -0.0161000006 -0.476233095 0.525071204 0.705338418
-0.018155558 0.0224852338 -0.0149999997 -0.447197348 0.54499954 0.709217906
-0.0184263811 0.0236742161 -0.0161000006 -0.430730999 0.562794328 0.705502212
-0.016183272 0.023943929 -0.0149999997 -0.399902701 0.580806017 0.709043205
-0.0164084453 0.0251149945 -0.0161000006 -0.382246971 0.596574247 0.705681503
-0.0140943835 0.0252301078 -0.0149999997 -0.349761069 0.61253202 0.70885241
-0.0142784221 0.0263842121 -0.0161000006 -0.331122667 0.626176059 0.705876291
-0.0119039463 0.0263345037 -0.0149999997 -0.297122419 0.639952958 0.708645523
-0.0120508624 0.0274732001 -0.0161000006 -0.277718395 0.651394248 0.706086457
-0.0096277399 0.0272491574 -0.0149999997 -0.242354512 0.662873924 0.708422542
-0.00974098407 0.0283745173 -0.0161000006 -0.222410128 0.67205447 0.706311882
-0.00728216581 0.0279674828 -0.0149999997 -0.185840011 0.681131184 0.708183408
-0.00736456458 0.0290820077 -0.0161000006 -0.165587291 0.688014627 0.706552684
-0.0048841238 0.0284842998 -0.0149999997 -0.127974078 0.694593787 0.707928061
-0.00493783783 0.0295908395 -0.0161000006 -0.107649602 0.699165881 0.706808805
-0.0024508913 0.0287958868 -0.0149999997 -0.0691615343 0.703163624 0.707656443
-0.00247738045 0.0298975352 -0.0161000006 -0.0490044057 0.705433369 0.707080126
0 0.0288999993 -0.0149999997 -0.0296081565 0.706353903 0.70723933
0 0.0299999993 -0.0161000006 -0.029233655 0.706804574 0.706804574
0.00247738045 0.0298975352 -0.0161000006 0.0490044057 0.705433369 0.707080126
0 0.0299999993 -0.0161000006 0.029233655 0.706804574 0.706804574
0 0.0288999993 -0.0149999997 0.0296081565 0.706353903 0.70723933
0.0024508913 0.0287958868 -0.0149999997 0.0691615343 0.703163624 0.707656443
0.00493783783 0.0295908395 -0.0161000006 0.107649602 0.699165881 0.706808805
0.0048841238 0.0284842998 -0.0149999997 0.127974078 0.694593787 0.707928061
0.00736456458 0.0290820077 -0.0161000006 0.165587276 0.688014567 0.706552744
0.00728216581 0.0279674828 -0.0149999997 0.185840011 0.681131184 0.708183408
0.00974098407 0.0283745173 -0.0161000006 0.222410113 0.67205447 0.706311882
0.0096277399 0.0272491574 -0.0149999997 0.242354527 0.662873864 0.708422542
0.0120508624 0.0274732001 -0.0161000006 0.277718365 0.651394308 0.706086397
0.0119039463 0.0263345037 -0.0149999997 0.297122449 0.639952898 0.708645523
0.0142784221 0.0263842121 -0.0161000006 0.331122637 0.626176119 0.705876231
0.0140943835 0.0252301078 -0.0149999997 0.349761069 0.61253202 0.70885241
0.0164084453 0.0251149945 -0.0161000006 0.382246971 0.596574247 0.705681503
0.016183272 0.023943929 -0.0149999997 0.399902701 0.580806017 0.709043205
0.0184263811 0.0236742161 -0.0161000006 0.430730999 0.562794328 0.705502212
0.018155558 0.0224852338 -0.0149999997 0.447197348 0.54499954 0.709217906
0.0203184467 0.0220717173 -0.0161000006 0.476233095 0.525071204 0.705338418
0.0199970342 0.0208645314 -0.0149999997 0.491314918 0.50536561 0.709376633
0.0220717173 0.0203184467 -0.0161000006 0.518432379 0.483668059 0.705190063
0.0216944292 0.0190934986 -0.0149999997 0.531947613 0.462183833 0.709519446
0.0236742161 0.0184263811 -0.0161000006 0.557031214 0.438874066 0.705057323
0.0232355166 0.0171848983 -0.0149999997 0.568812132 0.415758252 0.709646285
0.0251149945 0.0164084453 -0.0161000006 0.591757238 0.391002387 0.704940081
0.0246091913 0.0151524805 -0.0149999997 0.60165143 0.366415441 0.709757149
0.0263842121 0.0142784221 -0.0161000006 0.622365475 0.340388149 0.704838395
0.0258055571 0.0130108884 -0.0149999997 0.630236566 0.314502269 0.709852219
0.0274732001 0.0120508624 -0.0161000006 0.648639679 0.287385851 0.704752386
0.0268159937 0.0107755521 -0.0149999997 0.654368401 0.260383219 0.709931433
0.0283745173 0.00974098407 -0.0161000006 0.670394659 0.232367024 0.704681933
0.0276332181 0.00846257806 -0.0149999997 0.673878729 0.204438254 0.709994733
0.0290820077 0.00736456458 -0.0161000006 0.687476456 0.175717488 0.704627216
0.0282513462 0.00608863076 -0.0149999997 0.688631654 0.147059813 0.710042179
0.0295908395 0.00493783783 -0.0161000006 0.699764729 0.117834717 0.704588056
0.0286659226 0.00367081491 -0.0149999997 0.698524356 0.088650316 0.710073829
0.0298975352 0.00247738045 -0.0161000006 0.707172573 0.0591248721 0.704564571
0.0288739596 0.00122655078 -0.0149999997 0.703487992 0.0296193194 0.710089624
0.0299999993 -1.83697024e-18 -0.0161000006 0.709647655 0 0.704556763
0.0288739596 -0.00122655078 -0.0149999997 0.703487992 -0.0296193194 0.710089624
0.0298975352 -0.00247738045 -0.0161000006 0.707172573 -0.0591248684 0.704564512
0.0286659226 -0.00367081491 -0.0149999997 0.698524356 -0.088650316 0.710073829
0.0295908395 -0.00493783783 -0.0161000006 0.699764729 -0.117834717 0.704587996
0.0282513462 -0.00608863076 -0.0149999997 0.688631594 -0.147059813 0.710042179
0.0290820077 -0.00736456458 -0.0161000006 0.687476456 -0.175717488 0.704627216
0.0276332181 -0.00846257806 -0.0149999997 0.673878729 -0.204438269 0.709994733
0.0283745173 -0.00974098407 -0.0161000006 0.670394599 -0.232367009 0.704681993
0.0268159937 -0.0107755521 -0.0149999997 0.654368401 -0.260383248 0.709931374
0.0274732001 -0.0120508624 -0.0161000006 0.648639679 -0.287385821 0.704752386
0.0258055571 -0.0130108884 -0.0149999997 0.630236566 -0.314502269 0.709852219
0.0263842121 -0.0142784221 -0.0161000006 0.622365415 -0.340388149 0.704838395
0.0246091913 -0.0151524805 -0.0149999997 0.60165143 -0.366415471 0.709757149
0.0251149945 -0.0164084453 -0.0161000006 0.591757238 -0.391002387 0.704940081
0.0232355166 -0.0171848983 -0.0149999997 0.568812132 -0.415758252 0.709646285
0.0236742161 -0.0184263811 -0.0161000006 0.557031214 -0.438874066 0.705057323
0.0216944292 -0.0190934986 -0.0149999997 0.531947672 -0.462183803 0.709519386
0.0220717173 -0.0203184467 -0.0161000006 0.518432379 -0.483668059 0.705190063
0.0199970342 -0.0208645314 -0.0149999997 0.491314918 -0.50536561 0.709376633
0.0203184467 -0.0220717173 -0.0161000006 0.476233095 -0.525071204 0.705338418
0.018155558 -0.0224852338 -0.0149999997 0.447197348 -0.54499954 0.709217906
0.0184263811 -0.0236742161 -0.0161000006 0.430730999 -0.562794328 0.705502212
0.016183272 -0.023943929 -0.0149999997 0.399902701 -0.580806017 0.709043205
0.0164084453 -0.0251149945 -0.0161000006 0.382246971 -0.596574247 0.705681503
0.0140943835 -0.0252301078 -0.0149999997 0.349761069 -0.61253202 0.70885241
0.0142784221 -0.0263842121 -0.0161000006 0.331122667 -0.626176059 0.705876291
0.0119039463 -0.0263345037 -0.0149999997 0.297122419 -0.639952958 0.708645523
0.0120508624 -0.0274732001 -0.0161000006 0.277718395 -0.651394248 0.706086457
0.0096277399 -0.0272491574 -0.0149999997 0.242354512 -0.662873924 0.708422542
0.00974098407 -0.0283745173 -0.0161000006 0.222410128 -0.67205447 0.706311882
0.00728216581 -0.0279674828 -0.0149999997 0.185840011 -0.681131184 0.708183408
0.00736456458 -0.0290820077 -0.0161000006 0.165587291 -0.688014627 0.706552684
0.0048841238 -0.0284842998 -0.0149999997 0.127974078 -0.694593787 0.707928061
0.00493783783 -0.0295908395 -0.0161000006 0.107649602 -0.699165881 0.706808805
0.0024508913 -0.0287958868 -0.0149999997 0.0691615343 -0.703163624 0.707656443
0.00247738045 -0.0298975352 -0.0161000006 0.0490044057 -0.705433369 0.707080126
0 -0.0288999993 -0.0149999997 0.0296081565 -0.706353903 0.70723933
0 -0.0299999993 -0.0161000006 0.029233655 -0.706804574 0.706804574
0.00244233874 0.0299004186 -0.0205000006 0.0679278672 0.99769026 3.86757756e-06
-2.38452849e-08 0.0300000105 -0.0204999894 0.0407435931 0.999169648 2.29227794e-06
0 0.0299999993 -0.0161000006 0.0410363562 0.999157667 0.000165071164
0.00247738045 0.0298975352 -0.0161000006 0.0956016779 0.995419621 0.000218177913
0.00486846315 0.029602332 -0.0205000006 0.149314493 0.988789737 -0.000100353645
0.00493783783 0.0295908395 -0.0161000006 0.177095264 0.984193683 0.000324060442
0.00726226717 0.0291077215 -0.0205000006 0.229701519 0.973261118 -0.000200749724
0.00736456458 0.0290820077 -0.0161000006 0.25739038 0.966307402 0.000426759943
0.00960785802 0.0284198709 -0.0205000006 0.308548748 0.951208472 -0.000298081577
0.00974098407 0.0283745173 -0.0161000006 0.335943699 0.941881895 0.000526276533
0.0118896645 0.0275433455 -0.0205000006 0.385327816 0.922779679 -0.000392349495
0.0120508624 0.0274732001 -0.0161000006 0.412223577 0.911082506 0.000622610038
0.0140925366 0.0264839642 -0.0205000006 0.459523916 0.888165236 -0.000483553333
0.0142784221 0.0263842121 -0.0161000006 0.48571384 0.874117613 0.000715760863
0.0162018519 0.0252487622 -0.0205000006 0.530639708 0.847597301 -0.000571693119
0.0164084453 0.0251149945 -0.0161000006 0.555917144 0.831237316 0.000805728836
0.018203605 0.0238459371 -0.0205000006 0.598198473 0.801347733 -0.000656769029
0.0184263811 0.0236742161 -0.0161000006 0.622358382 0.782731891 0.000892513897
0.0200845096 0.0222848039 -0.0205000006 0.661747336 0.749726534 -0.000738781004
0.0203184467 0.0220717173 -0.0161000006 0.684588015 0.72892952 0.000976116222
0.021832075 0.0205757264 -0.0205000006 0.720860481 0.69307971 -0.000817729102
0.0220717173 0.0203184467 -0.0161000006 0.742184877 0.670194387 0.00105653598
0.0234347023 0.01873005 -0.0205000006 0.775141478 0.631787062 -0.000893613324
0.0236742161 0.0184263811 -0.0161000006 0.794759214 0.606923819 0.00113377289
0.0248817503 0.016760027 -0.0205000006 0.824226499 0.566259444 -0.000966433727
0.0251149945 0.0164084453 -0.0161000006 0.841955185 0.539546132 0.00120782712
0.0261636134 0.0146787381 -0.0205000006 0.867786527 0.496936023 -0.00103619043
0.0263842121 0.0142784221 -0.0161000006 0.883453429 0.468517274 0.00127869891
0.0272717811 0.0125000002 -0.0205000006 0.906630933 0.421923071 -0.00110624207
0.0274732001 0.0120508624 -0.0161000006 0.919564307 0.392937928 0.00111981074
0.0282178447 0.0101859309 -0.0209999997 0.937521279 0.34792608 -0.00113671366
0.0283745173 0.00974098407 -0.0161000006 0.948606968 0.316455007 0.00101572007
0.0289679542 0.00780112715 -0.0209999997 0.963293135 0.268449515 -0.00110771065
0.0290820077 0.00736456458 -0.0161000006 0.971553981 0.236816108 0.000979418866
0.0295169 0.00536214933 -0.0209999997 0.982257187 0.187535733 -0.00107012119
0.0295908395 0.00493783783 -0.0161000006 0.98782748 0.155550495 0.000942173821
0.0298608672 0.00288593443 -0.0209999997 0.994437158 0.105326712 -0.00103156688
0.0298975352 0.00247738045 -0.0161000006 0.997315645 0.0732164457 0.000903984765
0.0299974699 0.000389678491 -0.0209999997 0.999748826 0.0223901961 -0.00099204795
0.0299999993 -1.83697024e-18 -0.0161000006 0.99995333 -0.00962054543 0.000864851929
0.0299257562 -0.00210928358 -0.0209999997 0.998155534 -0.0607009642 -0.00095156423
0.0298975352 -0.00247738045 -0.0161000006 0.995722413 -0.0923914537 0.000824775023
0.029646229 -0.00459359773 -0.0209999997 0.98966831 -0.143372893 -0.000910115486
0.0295908395 -0.00493783783 -0.0161000006 0.984651923 -0.174527735 0.000783754396
0.0291608255 -0.00704601221 -0.0209999997 0.974345744 -0.225054592 -0.00086770195
0.0290820077 -0.00736456458 -0.0161000006 0.966817975 -0.25546518 0.000741789932
0.0284729172 -0.00944949687 -0.0209999997 0.952293694 -0.305181921 -0.000824323506
0.0283745173 -0.00974098407 -0.0161000006 0.942342997 -0.334647894 0.000698881398
0.0275872815 -0.0117873596 -0.0209999997 0.923664451 -0.38320142 -0.000779980212
0.0274732001 -0.0120508624 -0.0161000006 0.911395133 -0.411531925 0.000655029027
0.026510071 -0.0140433675 -0.0209999997 0.888655782 -0.458574325 -0.000734672183
0.0263842121 -0.0142784221 -0.0161000006 0.874186933 -0.485589147 0.000610232702
0.0252487622 -0.0162018519 -0.0209999997 0.847509325 -0.530780077 -0.000688399188
0.0251149945 -0.0164084453 -0.0161000006 0.830974042 -0.556310952 0.00056449254
0.0238121171 -0.0182478242 -0.0209999997 0.800509512 -0.599319696 -0.000641161285
0.0236742161 -0.0184263811 -0.0161000006 0.782053173 -0.623211443 0.000517808308
0.02221011 -0.020167077 -0.0209999997 0.747980773 -0.663720131 -0.00059295859
0.0220717173 -0.0203184467 -0.0161000006 0.727760553 -0.685831189 0.00047018021
0.0204538684 -0.0219462812 -0.0209999997 0.690285921 -0.723536491 -0.000543790928
0.0203184467 -0.0220717173 -0.0161000006 0.668468893 -0.743739963 0.000421608187
0.0185555872 -0.0235730819 -0.0209999997 0.627823532 -0.778355598 -0.000493658416
0.0184263811 -0.0236742161 -0.0161000006 0.604585588 -0.796540141 0.00037209221
0.0165284481 -0.0250361823 -0.0209999997 0.561024904 -0.827798843 -0.000442560937
0.0164084453 -0.0251149945 -0.0161000006 0.536549449 -0.843868852 0.00032163228
0.0143865291 -0.0263254214 -0.0209999997 0.490351468 -0.871524692 -0.00039049855
0.0142784221 -0.0263842121 -0.0161000006 0.464827746 -0.88540107 0.000270228338
0.0121447043 -0.0274318457 -0.0209999997 0.416291326 -0.909231246 -0.000337471225
0.0120508624 -0.0274732001 -0.0161000006 0.389913231 -0.920851588 0.000217880443
0.00981854275 -0.0283477735 -0.0209999997 0.339355975 -0.940657973 -0.000283478992
0.00974098407 -0.0283745173 -0.0161000006 0.312320381 -0.949976802 0.00016458855
0.00742419623 -0.029066842 -0.0209999997 0.260076821 -0.965587914 -0.000228521807
0.00736456458 -0.0290820077 -0.0161000006 0.232582286 -0.972576737 0.000110352645
0.00497829355 -0.0295840595 -0.0209999997 0.179001376 -0.98384881 -0.000172599714
0.00493783783 -0.0295908395 -0.0161000006 0.151246533 -0.988496065 5.51727426e-05
0.00249781972 -0.0298958346 -0.0209999997 0.096689634 -0.995314598 -0.000115712646
0.00247738045 -0.0298975352 -0.0161000006 0.0688719079 -0.99762553 -9.51160928e-07
0 -0.0299999993 -0.0209999997 0.0414964482 -0.999138653 -8.68430652e-05
0 -0.0299999993 -0.0161000006 0.0413249731 -0.999145746 0
0.0157500003 0.0125000002 -0.0288999993 -1 0 0
0.0157500003 -0.0104999999 -0.0288999993 -1 0 0
0.0157500003 -0.0104999999 -0.0209999997 -1 0 0
0.0157500003 0.0125000002 -0.0209999997 -1 0 0
0.0157500003 0.0125000002 -0.0288999993 -0.707106769 0 -0.707106769
0.0168500002 0.0114000002 -0.0299999993 -0.707106769 0 -0.707106769
0.0157500003 -0.0104999999 -0.0288999993 -0.707106769 0 -0.707106769
0.0168500002 -0.0136000002 -0.0299999993 -0.707106769 0 -0.707106769
0.0137499999 -0.0125000002 -0.0288999993 -0.245599344 0.245599344 -0.937743008
0.0157500003 -0.0104999999 -0.0288999993 -0.245599344 0.245599344 -0.937743008
0.0168500002 -0.0136000002 -0.0299999993 -0.245599344 0.245599344 -0.937743008
0.0157500003 -0.0104999999 -0.0288999993 -0.707106769 0.707106769 0
0.0137499999 -0.0125000002 -0.0288999993 -0.707106769 0.707106769 0
0.0137499999 -0.0125000002 -0.0209999997 -0.707106769 0.707106769 0
0.0157500003 -0.0104999999 -0.0209999997 -0.707106769 0.707106769 0
0.0137499999 -0.0125000002 -0.0288999993 0 1 0
-0.0137499999 -0.0125000002 -0.0288999993 0 1 0
-0.0137499999 -0.0125000002 -0.0209999997 0 1 0
0.0137499999 -0.0125000002 -0.0209999997 0 1 0
0.0168500002 -0.0136000002 -0.0299999993 0 0.707106769 -0.707106769
-0.0168500002 -0.0136000002 -0.0299999993 0 0.707106769 -0.707106769
-0.0137499999 -0.0125000002 -0.0288999993 0 0.707106769 -0.707106769
0.0137499999 -0.0125000002 -0.0288999993 0 0.707106769 -0.707106769
-0.0168500002 -0.0136000002 -0.0299999993 0.245599344 0.245599344 -0.937743008
-0.0157500003 -0.0104999999 -0.0288999993 0.245599344 0.245599344 -0.937743008
-0.0137499999 -0.0125000002 -0.0288999993 0.245599344 0.245599344 -0.937743008
-0.0137499999 -0.0125000002 -0.0288999993 0.707106769 0.707106769 0
-0.0157500003 -0.0104999999 -0.0288999993 0.707106769 0.707106769 0
-0.0157500003 -0.0104999999 -0.0209999997 0.707106769 0.707106769 0
-0.0137499999 -0.0125000002 -0.0209999997 0.707106769 0.707106769 0
-0.0157500003 -0.0104999999 -0.0288999993 1 0 0
-0.0157500003 0.0104999999 -0.0288999993 1 0 0
-0.0157500003 0.0104999999 -0.0209999997 1 0 0
-0.0157500003 -0.0104999999 -0.0209999997 1 0 0
-0.0168500002 -0.0136000002 -0.0299999993 0.707106769 0 -0.707106769
-0.0168500002 0.0136000002 -0.0299999993 0.707106769 0 -0.707106769
-0.0157500003 0.0104999999 -0.0288999993 0.707106769 0 -0.707106769
-0.0157500003 -0.0104999999 -0.0288999993 0.707106769 0 -0.707106769
-0.0157500003 0.0104999999 -0.0288999993 0.245599344 -0.245599344 -0.937743008
-0.0168500002 0.0136000002 -0.0299999993 0.245599344 -0.245599344 -0.937743008
-0.0137499999 0.0125000002 -0.0288999993 0.245599344 -0.245599344 -0.937743008
-0.0157500003 0.0104999999 -0.0288999993 0.707106769 -0.707106769 0
-0.0137499999 0.0125000002 -0.0288999993 0.707106769 -0.707106769 0
-0.0137499999 0.0125000002 -0.0209999997 0.707106769 -0.707106769 0
-0.0157500003 0.0104999999 -0.0209999997 0.707106769 -0.707106769 0
-0.0137499999 0.0125000002 -0.0288999993 0 -1 0
-0.00774999987 0.0125000002 -0.0288999993 0 -1 0
-0.00774999987 0.0125000002 -0.0209999997 0 -1 0
-0.0137499999 0.0125000002 -0.0209999997 0 -1 0
-0.0137499999 0.0125000002 -0.0288999993 0 -0.707106769 -0.707106769
-0.00884999987 0.0136000002 -0.0299999993 0 -0.707106769 -0.707106769
-0.00774999987 0.0125000002 -0.0288999993 0 -0.707106769 -0.707106769
-0.0168500002 0.0136000002 -0.0299999993 0 -0.707106769 -0.707106769
0.0272717793 0.0124999983 -0.0289000031 -9.38447542e-08 0.707106829 -0.707106709
0.0168500002 0.0114000002 -0.0299999993 -9.38447542e-08 0.707106829 -0.707106709
0.0157500003 0.0125000002 -0.0288999993 -7.52952616e-08 0.707106769 -0.707106829
0.0265565459 0.0114000002 -0.0300000012 -1.15863259e-07 0.707106948 -0.70710665
0.000882159977 -0.0210728608 -0.0299999993 -0.132466763 -0.694678664 -0.707017779
0 -0.0214750003 -0.0295000002 -0.081425637 -0.701578498 -0.707924724
0 -0.0209749993 -0.0299999993 -0.0782017261 -0.704941332 -0.704941332
0.000843587739 -0.0215774309 -0.0295000002 -0.18935141 -0.677312553 -0.710910559
0.00172142335 -0.0213616863 -0.0299999993 -0.286488265 -0.648286104 -0.705442846
0.00163814914 -0.0218787678 -0.0295000002 -0.340821952 -0.613427997 -0.712422967
0.00247697975 -0.0218274314 -0.0299999993 -0.426156074 -0.56785506 -0.70422411
0.00233750744 -0.0223615002 -0.0295000002 -0.473279148 -0.516599298 -0.713534892
0.00311208866 -0.0224474464 -0.0299999993 -0.54398787 -0.457550257 -0.703366876
0.00290101813 -0.0229975712 -0.0295000002 -0.579766214 -0.392065346 -0.714251995
0.00359586696 -0.0231915843 -0.0299999993 -0.633663356 -0.323168099 -0.702874959
0.0032959322 -0.0237500183 -0.0295000002 -0.654692173 -0.246487513 -0.714578211
0.00390478992 -0.0240236595 -0.0299999993 -0.690376341 -0.171820194 -0.702750564
0.00349929882 -0.0245751087 -0.0295000002 -0.694112897 -0.0876090229 -0.714515209
0.00402383599 -0.0249032117 -0.0299999993 -0.711102009 -0.0115432693 -0.702994108
0.00349929882 -0.0254248921 -0.0295000002 -0.69592911 0.0761393383 -0.714062691
0.00394721609 -0.025787469 -0.0299999993 -0.69476366 0.149144068 -0.703604698
0.0032959322 -0.0262499824 -0.0295000002 -0.659994006 0.236067265 -0.713218153
0.00367865642 -0.0266334359 -0.0299999993 -0.642291367 0.301710933 -0.704579532
0.00290101813 -0.0270024277 -0.0295000002 -0.588122964 0.383666158 -0.711977303
0.00323121552 -0.0273999739 -0.0299999993 -0.556567371 0.438084155 -0.705914319
0.00233750744 -0.0276385006 -0.0295000002 -0.484006226 0.511042356 -0.710333526
0.0026266512 -0.028049808 -0.0299999993 -0.442261815 0.55109185 -0.707603157
0.00163814914 -0.028121233 -0.0295000002 -0.329260439 0.62216258 -0.710282564
0.00189436169 -0.0285513401 -0.0299999993 -0.332772642 0.623845518 -0.707162797
0.00106995553 -0.0288801827 -0.0299999993 -0.229951352 0.668164551 -0.707586348
0.000843587739 -0.0284225699 -0.0295000002 -0.162936226 0.677547753 -0.717203438
0.000530574878 -0.0289422944 -0.029952839 -0.0910218433 0.693672776 -0.714515984
0 -0.0285250004 -0.0295000002 -0.0697402582 0.691535115 -0.718968332
1.07213224e-10 -0.0289624985 -0.0299374983 -0.0473164916 0.706314802 -0.706314802
-0.000530609163 -0.0289422926 -0.0299528409 0.0910219699 0.693672776 -0.714515924
-0.000843587739 -0.0284225699 -0.0295000002 0.162937209 0.677547336 -0.717203617
0 -0.0285250004 -0.0295000002 0.0697409064 0.691535652 -0.718967736
1.07213224e-10 -0.0289624985 -0.0299374983 0.047319524 0.706314683 -0.706314683
-0.00106995797 -0.0288801827 -0.0299999993 0.229953438 0.668163836 -0.707586408
-0.00163814914 -0.028121233 -0.0295000002 0.329260617 0.622162402 -0.710282564
-0.00189436378 -0.0285513401 -0.0299999993 0.33277303 0.623845279 -0.707162797
-0.00262665306 -0.0280498061 -0.0299999993 0.442261994 0.551091671 -0.707603216
-0.00233750744 -0.0276385006 -0.0295000002 0.484006375 0.511042237 -0.710333467
-0.00323121669 -0.0273999721 -0.0299999993 0.55656743 0.438084036 -0.705914319
-0.00290101813 -0.0270024277 -0.0295000002 0.588123024 0.383666098 -0.711977243
-0.00367865711 -0.026633434 -0.0299999993 0.642291427 0.301710695 -0.704579532
-0.0032959322 -0.0262499824 -0.0295000002 0.659994066 0.236067191 -0.713218153
-0.00394721655 -0.025787469 -0.0299999993 0.694763601 0.149143875 -0.703604698
-0.00349929882 -0.0254248921 -0.0295000002 0.69592911 0.0761392489 -0.714062631
-0.00402383599 -0.0249032099 -0.0299999993 0.711101949 -0.0115434332 -0.702994108
-0.00349929882 -0.0245751087 -0.0295000002 0.694112837 -0.0876090974 -0.714515209
-0.00390478969 -0.0240236595 -0.0299999993 0.690376341 -0.171820357 -0.702750564
-0.0032959322 -0.0237500183 -0.0295000002 0.654692173 -0.246487573 -0.714578271
-0.0035958665 -0.0231915843 -0.0299999993 0.633663297 -0.323168218 -0.702874959
-0.00290101813 -0.0229975712 -0.0295000002 0.579766095 -0.392065376 -0.714252055
-0.00311208796 -0.0224474464 -0.0299999993 0.543987811 -0.457550347 -0.703366816
-0.00233750744 -0.0223615002 -0.0295000002 0.473279089 -0.516599357 -0.713534892
-0.00247697928 -0.0218274295 -0.0299999993 0.426156104 -0.56785512 -0.70422411
-0.00163814914 -0.0218787678 -0.0295000002 0.340821922 -0.613427997 -0.712423027
-0.001721423 -0.0213616863 -0.0299999993 0.286488205 -0.648286104 -0.705442905
-0.000843587739 -0.0215774309 -0.0295000002 0.189351395 -0.677312493 -0.710910559
-0.000882159744 -0.0210728608 -0.0299999993 0.132466733 -0.694678664 -0.707017779
0 -0.0214750003 -0.0295000002 0.0814256221 -0.701578557 -0.707924724
0 -0.0209749993 -0.0299999993 0.0782017112 -0.704941332 -0.704941332
-0.000843587739 -0.0284225699 -0.0295000002 0.19985415 0.979825675 -5.32712156e-17
0 -0.0285250004 -0.0209999997 0.120536678 0.992708862 -2.07560312e-17
0 -0.0285250004 -0.0295000002 0.120536678 0.992708862 -0
-0.000843587739 -0.0284225699 -0.0209999997 0.278385639 0.960469365 -8.05867675e-17
-0.00163814914 -0.028121233 -0.0295000002 0.428534359 0.903525472 -1.10920758e-16
-0.00163814914 -0.028121233 -0.0209999997 0.500151575 0.865937889 1.19531155e-17
-0.00233750744 -0.0276385006 -0.0295000002 0.632309735 0.774715662 9.09071824e-17
-0.00233750744 -0.0276385006 -0.0209999997 0.692850649 0.721081138 1.35168763e-16
-0.00290101813 -0.0270024277 -0.0295000002 0.799337566 0.600882232 5.16385199e-17
-0.00290101813 -0.0270024277 -0.0209999997 0.845283628 0.534317911 -1.51572278e-17
-0.0032959322 -0.0262499824 -0.0295000002 0.919910789 0.392127663 -3.23700655e-17
-0.0032959322 -0.0262499824 -0.0209999997 0.948591888 0.316501886 -3.23700655e-17
-0.00349929882 -0.0254248921 -0.0295000002 0.987022161 0.160584092 -1.72128394e-17
-0.00349929882 -0.0254248921 -0.0209999997 0.996771395 0.0802920461 -0
-0.00349929882 -0.0245751087 -0.0295000002 0.996771395 -0.0802920461 -0
-0.00349929882 -0.0245751087 -0.0209999997 0.987022161 -0.160584092 1.66205715e-17
-0.0032959322 -0.0237500183 -0.0295000002 0.948591888 -0.316501886 3.13744345e-17
-0.0032959322 -0.0237500183 -0.0209999997 0.919910789 -0.392127663 3.13744345e-17
-0.00290101813 -0.0229975712 -0.0295000002 0.845283628 -0.534317851 1.47538631e-17
-0.00290101813 -0.0229975712 -0.0209999997 0.799337566 -0.600882232 -5.23716203e-17
-0.00233750744 -0.0223615002 -0.0295000002 0.692850649 -0.721081138 -1.35976833e-16
-0.00233750744 -0.0223615002 -0.0209999997 0.632309794 -0.774715662 -9.22182571e-17
-0.00163814914 -0.0218787678 -0.0295000002 0.500151575 -0.865937889 -1.2797901e-17
-0.00163814914 -0.0218787678 -0.0209999997 0.428534359 -0.903525472 1.11780635e-16
-0.000843587739 -0.0215774309 -0.0295000002 0.278385639 -0.960469365 8.216119e-17
-0.000843587739 -0.0215774309 -0.0209999997 0.19985415 -0.979825675 5.51124469e-17
0 -0.0214750003 -0.0295000002 0.120536678 -0.992708862 2.1071278e-17
0 -0.0214750003 -0.0209999997 0.120536678 -0.992708862 -0
0.000843587739 -0.0215774309 -0.0295000002 -0.19985415 -0.979825675 -5.32712156e-17
0 -0.0214750003 -0.0209999997 -0.120536678 -0.992708862 -2.07560312e-17
0 -0.0214750003 -0.0295000002 -0.120536678 -0.992708862 -0
0.000843587739 -0.0215774309 -0.0209999997 -0.278385639 -0.960469365 -8.05867675e-17
0.00163814914 -0.0218787678 -0.0295000002 -0.428534359 -0.903525472 -1.10920758e-16
0.00163814914 -0.0218787678 -0.0209999997 -0.500151575 -0.865937889 1.19531155e-17
0.00233750744 -0.0223615002 -0.0295000002 -0.632309735 -0.774715662 9.09071824e-17
0.00233750744 -0.0223615002 -0.0209999997 -0.692850649 -0.721081138 1.35168763e-16
0.00290101813 -0.0229975712 -0.0295000002 -0.799337566 -0.600882232 5.16385199e-17
0.00290101813 -0.0229975712 -0.0209999997 -0.845283628 -0.534317911 -1.51572278e-17
0.0032959322 -0.0237500183 -0.0295000002 -0.919910789 -0.392127663 -3.23700655e-17
0.0032959322 -0.0237500183 -0.0209999997 -0.948591888 -0.316501886 -3.23700655e-17
0.00349929882 -0.0245751087 -0.0295000002 -0.987022161 -0.160584092 -1.72128394e-17
0.00349929882 -0.0245751087 -0.0209999997 -0.996771395 -0.0802920461 -0
0.00349929882 -0.0254248921 -0.0295000002 -0.996771395 0.0802920461 -0
0.00349929882 -0.0254248921 -0.0209999997 -0.987022161 0.160584092 1.66205715e-17
0.0032959322 -0.0262499824 -0.0295000002 -0.948591888 0.316501886 3.13744345e-17
0.0032959322 -0.0262499824 -0.0209999997 -0.919910789 0.392127663 3.13744345e-17
0.00290101813 -0.0270024277 -0.0295000002 -0.845283628 0.534317851 1.47538631e-17
0.00290101813 -0.0270024277 -0.0209999997 -0.799337566 0.600882232 -5.23716203e-17
0.00233750744 -0.0276385006 -0.0295000002 -0.692850649 0.721081138 -1.35976833e-16
0.00233750744 -0.0276385006 -0.0209999997 -0.632309794 0.774715662 -9.22182571e-17
0.00163814914 -0.028121233 -0.0295000002 -0.500151575 0.865937889 -1.2797901e-17
0.00163814914 -0.028121233 -0.0209999997 -0.428534359 0.903525472 1.11780635e-16
0.000843587739 -0.0284225699 -0.0295000002 -0.278385639 0.960469365 8.216119e-17
0.000843587739 -0.0284225699 -0.0209999997 -0.19985415 0.979825675 5.51124469e-17
0 -0.0285250004 -0.0295000002 -0.120536678 0.992708862 2.1071278e-17
0 -0.0285250004 -0.0209999997 -0.120536678 0.992708862 -0
0.024104353 -0.00392408483 -0.0299999993 0.134331286 0.694396973 -0.706942677
0.0250000004 -0.00352500007 -0.0295000002 0.0820809454 0.702047408 -0.70738405
0.0250000004 -0.00402500015 -0.0299999993 0.0794201344 0.704873204 -0.704873204
0.0241564121 -0.00342256995 -0.0295000002 0.190953121 0.677537203 -0.710267782
0.0232536178 -0.00362639967 -0.0299999993 0.289644897 0.646792591 -0.705524743
0.0233618505 -0.00312123238 -0.0295000002 0.343201578 0.613039136 -0.711614907
0.022490453 -0.00314687169 -0.0299999993 0.430145591 0.564671516 -0.704358459
0.0226624925 -0.00263850042 -0.0295000002 0.476109475 0.515167236 -0.712686837
0.0218531284 -0.00250954647 -0.0299999993 0.548224866 0.452339441 -0.70344764
0.0220989827 -0.00200242829 -0.0295000002 0.582553685 0.389316082 -0.713487387
0.0213735998 -0.0017463821 -0.0299999993 0.637474597 0.315761685 -0.702794909
0.0217040684 -0.00124998228 -0.0295000002 0.656840622 0.242356211 -0.714019477
0.0210759155 -0.00089564675 -0.0299999993 0.693043828 0.16223754 -0.702402472
0.0215007011 -0.000424891798 -0.0295000002 0.695002496 0.0822699144 -0.714285076
0.0209749993 2.4646017e-19 -0.0299999993 0.711909175 -0 -0.702271521
0.0215007011 0.000424891798 -0.0295000002 0.695002496 -0.0822699144 -0.714285076
0.0210759155 0.00089564675 -0.0299999993 0.693043828 -0.162237525 -0.702402532
0.0217040684 0.00124998228 -0.0295000002 0.656840622 -0.242356211 -0.714019477
0.0213735998 0.0017463821 -0.0299999993 0.637474597 -0.315761685 -0.702794969
0.0220989827 0.00200242829 -0.0295000002 0.582553685 -0.389316082 -0.713487387
0.0218531284 0.00250954647 -0.0299999993 0.548224866 -0.452339441 -0.70344758
0.0226624925 0.00263850042 -0.0295000002 0.476109445 -0.515167296 -0.712686777
0.022490453 0.00314687169 -0.0299999993 0.430145591 -0.564671516 -0.704358459
0.0233618505 0.00312123238 -0.0295000002 0.343201578 -0.613039136 -0.711614907
0.0232536178 0.00362639967 -0.0299999993 0.289644927 -0.646792591 -0.705524743
0.0241564121 0.00342256995 -0.0295000002 0.190953121 -0.677537203 -0.710267782
0.024104353 0.00392408483 -0.0299999993 0.134331301 -0.694397092 -0.706942558
0.0250000004 0.00352500007 -0.0295000002 0.0820809454 -0.702047408 -0.70738405
0.0250000004 0.00402500015 -0.0299999993 0.0794201344 -0.704873204 -0.704873204
0.0241564121 -0.00342256995 -0.0295000002 0.19985415 0.979825675 2.66755615e-19
0.0250000004 -0.00352500007 -0.0209999997 0.120536678 0.992708862 2.60495321e-17
0.0250000004 -0.00352500007 -0.0295000002 0.120536678 0.992708862 -0
0.0241564121 -0.00342256995 -0.0209999997 0.278385639 0.960469365 -1.62830289e-17
0.0233618505 -0.00312123238 -0.0295000002 0.428534359 0.903525472 -8.29421544e-17
0.0233618505 -0.00312123238 -0.0209999997 0.500151575 0.865937889 -1.01258851e-16
0.0226624925 -0.00263850042 -0.0295000002 0.632309735 0.774715662 -1.5110144e-16
0.0226624925 -0.00263850042 -0.0209999997 0.692850649 0.721081138 -7.92192461e-17
0.0220989827 -0.00200242829 -0.0295000002 0.799337566 0.600882232 -2.89358664e-17
0.0220989827 -0.00200242829 -0.0209999997 0.845283628 0.534317911 5.73443357e-17
0.0217040684 -0.00124998228 -0.0295000002 0.919910789 0.392127663 4.44775843e-17
0.0217040684 -0.00124998228 -0.0209999997 0.948591888 0.316501886 4.15014546e-17
0.0215007011 -0.000424891798 -0.0295000002 0.987022161 0.160584092 2.16136405e-17
0.0215007011 -0.000424891798 -0.0209999997 0.996771395 0.0802920461 1.17777351e-17
0.0215007011 0.000424891798 -0.0295000002 0.996771395 -0.0802920461 -1.22948859e-17
0.0215007011 0.000424891798 -0.0209999997 0.987022161 -0.160584092 -2.25363919e-17
0.0217040684 0.00124998228 -0.0295000002 0.948591888 -0.316501886 -4.22082109e-17
0.0217040684 0.00124998228 -0.0209999997 0.919910789 -0.392127663 -4.58235759e-17
0.0220989827 0.00200242829 -0.0295000002 0.845283628 -0.534317851 -5.77128612e-17
0.0220989827 0.00200242829 -0.0209999997 0.799337566 -0.600882232 3.04089725e-17
0.0226624925 0.00263850042 -0.0295000002 0.692850649 -0.721081138 8.0744898e-17
0.0226624925 0.00263850042 -0.0209999997 0.632309794 -0.774715662 1.52493049e-16
0.0233618505 0.00312123238 -0.0295000002 0.500151575 -0.865937889 1.01255867e-16
0.0233618505 0.00312123238 -0.0209999997 0.428534359 -0.903525472 8.33799712e-17
0.0241564121 0.00342256995 -0.0295000002 0.278385639 -0.960469365 1.59350422e-17
0.0241564121 0.00342256995 -0.0209999997 0.19985415 -0.979825675 -1.277798e-18
0.0250000004 0.00352500007 -0.0295000002 0.120536678 -0.992708862 -2.6568133e-17
0.0250000004 0.00352500007 -0.0209999997 0.120536678 -0.992708862 -0
0.0254846141 0.00196615723 -0.0209999997 -0.19985415 -0.979825675 -0
0.0254846141 0.00196615723 -0.0149999997 -0.278385669 -0.960469365 -0
0.0250000004 0.00202500005 -0.0149999997 -0.120536685 -0.992708862 -0
0.0250000004 0.00202500005 -0.0209999997 -0.120536685 -0.992708862 -0
0.0259410646 0.00179304846 -0.0209999997 -0.428534359 -0.903525472 -0
0.0259410646 0.00179304846 -0.0149999997 -0.500151575 -0.865937889 -0
0.0263428241 0.00151573424 -0.0209999997 -0.632309735 -0.774715722 -0
0.0263428241 0.00151573424 -0.0149999997 -0.69285059 -0.721081197 -0
0.0266665425 0.00115033111 -0.0209999997 -0.799337566 -0.600882232 -0
0.0266665425 0.00115033111 -0.0149999997 -0.845283628 -0.534317851 -0
0.0268934071 0.000718074909 -0.0209999997 -0.919910789 -0.392127663 -0
0.0268934071 0.000718074909 -0.0149999997 -0.948591888 -0.316501915 -0
0.0270102359 0.000244086783 -0.0209999997 -0.987022161 -0.160584107 -0
0.0270102359 0.000244086783 -0.0149999997 -0.996771395 -0.0802920461 -0
0.0270102359 -0.000244086783 -0.0209999997 -0.996771395 0.0802920461 -0
0.0270102359 -0.000244086783 -0.0149999997 -0.987022161 0.160584092 -0
0.0268934071 -0.000718074909 -0.0209999997 -0.948591888 0.316501915 -0
0.0268934071 -0.000718074909 -0.0149999997 -0.919910789 0.392127663 -0
0.0266665425 -0.00115033111 -0.0209999997 -0.845283628 0.534317851 -0
0.0266665425 -0.00115033111 -0.0149999997 -0.799337566 0.600882232 -0
0.0263428241 -0.00151573424 -0.0209999997 -0.69285059 0.721081197 -0
0.0263428241 -0.00151573424 -0.0149999997 -0.632309735 0.774715722 -0
0.0259410646 -0.00179304846 -0.0209999997 -0.500151575 0.865937889 -0
0.0259410646 -0.00179304846 -0.0149999997 -0.428534389 0.903525472 -0
0.0254846141 -0.00196615723 -0.0209999997 -0.278385669 0.960469365 -0
0.0254846141 -0.00196615723 -0.0149999997 -0.19985415 0.979825675 -0
0.0250000004 -0.00202500005 -0.0209999997 -0.120536685 0.992708862 -0
0.0250000004 -0.00202500005 -0.0149999997 -0.120536685 0.992708862 -0
0.0245153867 -0.00196615723 -0.0209999997 0.19985415 0.979825675 -0
0.0245153867 -0.00196615723 -0.0149999997 0.278385669 0.960469365 -0
0.0250000004 -0.00202500005 -0.0149999997 0.120536685 0.992708862 -0
0.0250000004 -0.00202500005 -0.0209999997 0.120536685 0.992708862 -0
0.0240589362 -0.00179304846 -0.0209999997 0.428534359 0.903525472 -0
0.0240589362 -0.00179304846 -0.0149999997 0.500151575 0.865937889 -0
0.0236571766 -0.00151573424 -0.0209999997 0.632309735 0.774715722 -0
0.0236571766 -0.00151573424 -0.0149999997 0.69285059 0.721081197 -0
0.0233334582 -0.00115033111 -0.0209999997 0.799337566 0.600882232 -0
0.0233334582 -0.00115033111 -0.0149999997 0.845283628 0.534317851 -0
0.0231065918 -0.000718074909 -0.0209999997 0.919910789 0.392127663 -0
0.0231065918 -0.000718074909 -0.0149999997 0.948591888 0.316501915 -0
0.0229897648 -0.000244086783 -0.0209999997 0.987022161 0.160584107 -0
0.0229897648 -0.000244086783 -0.0149999997 0.996771395 0.0802920461 -0
0.0229897648 0.000244086783 -0.0209999997 0.996771395 -0.0802920461 -0
0.0229897648 0.000244086783 -0.0149999997 0.987022161 -0.160584092 -0
0.0231065918 0.000718074909 -0.0209999997 0.948591888 -0.316501915 -0
0.0231065918 0.000718074909 -0.0149999997 0.919910789 -0.392127663 -0
0.0233334582 0.00115033111 -0.0209999997 0.845283628 -0.534317851 -0
0.0233334582 0.00115033111 -0.0149999997 0.799337566 -0.600882232 -0
0.0236571766 0.00151573424 -0.0209999997 0.69285059 -0.721081197 -0
0.0236571766 0.00151573424 -0.0149999997 0.632309735 -0.774715722 -0
0.0240589362 0.00179304846 -0.0209999997 0.500151575 -0.865937889 -0
0.0240589362 0.00179304846 -0.0149999997 0.428534389 -0.903525472 -0
0.0245153867 0.00196615723 -0.0209999997 0.278385669 -0.960469365 -0
0.0245153867 0.00196615723 -0.0149999997 0.19985415 -0.979825675 -0
0.0250000004 0.00202500005 -0.0209999997 0.120536685 -0.992708862 -0
0.0250000004 0.00202500005 -0.0149999997 0.120536685 -0.992708862 -0
0.000484614226 -0.0230338424 -0.0209999997 -0.19985415 -0.979825675 -0
0.000484614226 -0.0230338424 -0.0149999997 -0.278385669 -0.960469365 -0
0 -0.0229749996 -0.0149999997 -0.120536685 -0.992708862 -0
0 -0.0229749996 -0.0209999997 -0.120536685 -0.992708862 -0
0.000941064442 -0.0232069511 -0.0209999997 -0.428534359 -0.903525472 -0
0.000941064442 -0.0232069511 -0.0149999997 -0.500151575 -0.865937889 -0
0.00134282338 -0.0234842654 -0.0209999997 -0.632309735 -0.774715722 -0
0.00134282338 -0.0234842654 -0.0149999997 -0.69285059 -0.721081197 -0
0.00166654238 -0.023849668 -0.0209999997 -0.799337566 -0.600882232 -0
0.00166654238 -0.023849668 -0.0149999997 -0.845283628 -0.534317851 -0
0.0018934079 -0.0242819246 -0.0209999997 -0.919910789 -0.392127663 -0
0.0018934079 -0.0242819246 -0.0149999997 -0.948591888 -0.316501915 -0
0.00201023556 -0.0247559138 -0.0209999997 -0.987022161 -0.160584107 -0
0.00201023556 -0.0247559138 -0.0149999997 -0.996771395 -0.0802920461 -0
0.00201023556 -0.025244087 -0.0209999997 -0.996771395 0.0802920461 -0
0.00201023556 -0.025244087 -0.0149999997 -0.987022161 0.160584092 -0
0.0018934079 -0.0257180743 -0.0209999997 -0.948591888 0.316501915 -0
0.0018934079 -0.0257180743 -0.0149999997 -0.919910789 0.392127663 -0
0.00166654238 -0.0261503309 -0.0209999997 -0.845283628 0.534317851 -0
0.00166654238 -0.0261503309 -0.0149999997 -0.799337566 0.600882232 -0
0.00134282338 -0.0265157335 -0.0209999997 -0.69285059 0.721081197 -0
0.00134282338 -0.0265157335 -0.0149999997 -0.632309735 0.774715722 -0
0.000941064442 -0.0267930478 -0.0209999997 -0.500151575 0.865937889 -0
0.000941064442 -0.0267930478 -0.0149999997 -0.428534389 0.903525472 -0
0.000484614226 -0.0269661564 -0.0209999997 -0.278385669 0.960469365 -0
0.000484614226 -0.0269661564 -0.0149999997 -0.19985415 0.979825675 -0
0 -0.0270249993 -0.0209999997 -0.120536685 0.992708862 -0
0 -0.0270249993 -0.0149999997 -0.120536685 0.992708862 -0
-0.000484614226 -0.0269661564 -0.0209999997 0.19985415 0.979825675 -0
-0.000484614226 -0.0269661564 -0.0149999997 0.278385669 0.960469365 -0
0 -0.0270249993 -0.0149999997 0.120536685 0.992708862 -0
0 -0.0270249993 -0.0209999997 0.120536685 0.992708862 -0
-0.000941064442 -0.0267930478 -0.0209999997 0.428534359 0.903525472 -0
-0.000941064442 -0.0267930478 -0.0149999997 0.500151575 0.865937889 -0
-0.00134282338 -0.0265157335 -0.0209999997 0.632309735 0.774715722 -0
-0.00134282338 -0.0265157335 -0.0149999997 0.69285059 0.721081197 -0
-0.00166654238 -0.0261503309 -0.0209999997 0.799337566 0.600882232 -0
-0.00166654238 -0.0261503309 -0.0149999997 0.845283628 0.534317851 -0
-0.0018934079 -0.0257180743 -0.0209999997 0.919910789 0.392127663 -0
-0.0018934079 -0.0257180743 -0.0149999997 0.948591888 0.316501915 -0
-0.00201023556 -0.025244087 -0.0209999997 0.987022161 0.160584107 -0
-0.00201023556 -0.025244087 -0.0149999997 0.996771395 0.0802920461 -0
-0.00201023556 -0.0247559138 -0.0209999997 0.996771395 -0.0802920461 -0
-0.00201023556 -0.0247559138 -0.0149999997 0.987022161 -0.160584092 -0
-0.0018934079 -0.0242819246 -0.0209999997 0.948591888 -0.316501915 -0
-0.0018934079 -0.0242819246 -0.0149999997 0.919910789 -0.392127663 -0
-0.00166654238 -0.023849668 -0.0209999997 0.845283628 -0.534317851 -0
-0.00166654238 -0.023849668 -0.0149999997 0.799337566 -0.600882232 -0
-0.00134282338 -0.0234842654 -0.0209999997 0.69285059 -0.721081197 -0
-0.00134282338 -0.0234842654 -0.0149999997 0.632309735 -0.774715722 -0
-0.000941064442 -0.0232069511 -0.0209999997 0.500151575 -0.865937889 -0
-0.000941064442 -0.0232069511 -0.0149999997 0.428534389 -0.903525472 -0
-0.000484614226 -0.0230338424 -0.0209999997 0.278385669 -0.960469365 -0
-0.000484614226 -0.0230338424 -0.0149999997 0.19985415 -0.979825675 -0
0 -0.0229749996 -0.0209999997 0.120536685 -0.992708862 -0
0 -0.0229749996 -0.0149999997 0.120536685 -0.992708862 -0
0.000484614226 0.0269661564 -0.0209999997 -0.19985415 -0.979825675 -0
0.000484614226 0.0269661564 -0.0149999997 -0.278385669 -0.960469365 -0
0 0.0270249993 -0.0149999997 -0.120536685 -0.992708862 -0
0 0.0270249993 -0.0209999997 -0.120536685 -0.992708862 -0
0.000941064442 0.0267930478 -0.0209999997 -0.428534359 -0.903525472 -0
0.000941064442 0.0267930478 -0.0149999997 -0.500151575 -0.865937889 -0
0.00134282338 0.0265157335 -0.0209999997 -0.632309735 -0.774715722 -0
0.00134282338 0.0265157335 -0.0149999997 -0.69285059 -0.721081197 -0
0.00166654238 0.0261503309 -0.0209999997 -0.799337566 -0.600882232 -0
0.00166654238 0.0261503309 -0.0149999997 -0.845283628 -0.534317851 -0
0.0018934079 0.0257180743 -0.0209999997 -0.919910789 -0.392127663 -0
0.0018934079 0.0257180743 -0.0149999997 -0.948591888 -0.316501915 -0
0.00201023556 0.025244087 -0.0209999997 -0.987022161 -0.160584107 -0
0.00201023556 0.025244087 -0.0149999997 -0.996771395 -0.0802920461 -0
0.00201023556 0.0247559138 -0.0209999997 -0.996771395 0.0802920461 -0
0.00201023556 0.0247559138 -0.0149999997 -0.987022161 0.160584092 -0
0.0018934079 0.0242819246 -0.0209999997 -0.948591888 0.316501915 -0
0.0018934079 0.0242819246 -0.0149999997 -0.919910789 0.392127663 -0
0.00166654238 0.023849668 -0.0209999997 -0.845283628 0.534317851 -0
0.00166654238 0.023849668 -0.0149999997 -0.799337566 0.600882232 -0
0.00134282338 0.0234842654 -0.0209999997 -0.69285059 0.721081197 -0
0.00134282338 0.0234842654 -0.0149999997 -0.632309735 0.774715722 -0
0.000941064442 0.0232069511 -0.0209999997 -0.500151575 0.865937889 -0
0.000941064442 0.0232069511 -0.0149999997 -0.428534389 0.903525472 -0
0.000484614226 0.0230338424 -0.0209999997 -0.278385669 0.960469365 -0
0.000484614226 0.0230338424 -0.0149999997 -0.19985415 0.979825675 -0
0 0.0229749996 -0.0209999997 -0.120536685 0.992708862 -0
0 0.0229749996 -0.0149999997 -0.120536685 0.992708862 -0
-0.000484614226 0.0230338424 -0.0209999997 0.19985415 0.979825675 -0
-0.000484614226 0.0230338424 -0.0149999997 0.278385669 0.960469365 -0
0 0.0229749996 -0.0149999997 0.120536685 0.992708862 -0
0 0.0229749996 -0.0209999997 0.120536685 0.992708862 -0
-0.000941064442 0.0232069511 -0.0209999997 0.428534359 0.903525472 -0
-0.000941064442 0.0232069511 -0.0149999997 0.500151575 0.865937889 -0
-0.00134282338 0.0234842654 -0.0209999997 0.632309735 0.774715722 -0
-0.00134282338 0.0234842654 -0.0149999997 0.69285059 0.721081197 -0
-0.00166654238 0.023849668 -0.0209999997 0.799337566 0.600882232 -0
-0.00166654238 0.023849668 -0.0149999997 0.845283628 0.534317851 -0
-0.0018934079 0.0242819246 -0.0209999997 0.919910789 0.392127663 -0
-0.0018934079 0.0242819246 -0.0149999997 0.948591888 0.316501915 -0
-0.00201023556 0.0247559138 -0.0209999997 0.987022161 0.160584107 -0
-0.00201023556 0.0247559138 -0.0149999997 0.996771395 0.0802920461 -0
-0.00201023556 0.025244087 -0.0209999997 0.996771395 -0.0802920461 -0
-0.00201023556 0.025244087 -0.0149999997 0.987022161 -0.160584092 -0
-0.0018934079 0.0257180743 -0.0209999997 0.948591888 -0.316501915 -0
-0.0018934079 0.0257180743 -0.0149999997 0.919910789 -0.392127663 -0
-0.00166654238 0.0261503309 -0.0209999997 0.845283628 -0.534317851 -0
-0.00166654238 0.0261503309 -0.0149999997 0.799337566 -0.600882232 -0
-0.00134282338 0.0265157335 -0.0209999997 0.69285059 -0.721081197 -0
-0.00134282338 0.0265157335 -0.0149999997 0.632309735 -0.774715722 -0
-0.000941064442 0.0267930478 -0.0209999997 0.500151575 -0.865937889 -0
-0.000941064442 0.0267930478 -0.0149999997 0.428534389 -0.903525472 -0
-0.000484614226 0.0269661564 -0.0209999997 0.278385669 -0.960469365 -0
-0.000484614226 0.0269661564 -0.0149999997 0.19985415 -0.979825675 -0
0 0.0270249993 -0.0209999997 0.120536685 -0.992708862 -0
0 0.0270249993 -0.0149999997 0.120536685 -0.992708862 -0
-0.00926324725 -0.00106803596 -0.0209999997 0.199854136 0.979825675 -0
-0.00926324725 -0.00106803596 -0.0189999994 0.278385639 0.960469365 -0
-0.00899999961 -0.00109999999 -0.0189999994 0.120536663 0.992708862 -0
-0.00899999961 -0.00109999999 -0.0209999997 0.120536663 0.992708862 -0
-0.00951119512 -0.000974001654 -0.0209999997 0.428534359 0.903525472 -0
-0.00951119512 -0.000974001654 -0.0189999994 0.500151575 0.865937889 -0
-0.00972943474 -0.000823361799 -0.0209999997 0.632309735 0.774715662 -0
-0.00972943474 -0.000823361799 -0.0189999994 0.69285059 0.721081197 -0
-0.00990528241 -0.000624871231 -0.0209999997 0.799337566 0.600882292 -0
-0.00990528241 -0.000624871231 -0.0189999994 0.845283628 0.534317851 -0
-0.0100285178 -0.000390065368 -0.0209999997 0.919910789 0.392127693 -0
-0.0100285178 -0.000390065368 -0.0189999994 0.948591828 0.316501975 -0
-0.01009198 -0.000132590343 -0.0209999997 0.987022161 0.160584107 -0
-0.01009198 -0.000132590343 -0.0189999994 0.996771395 0.0802920535 -0
-0.01009198 0.000132590343 -0.0209999997 0.996771395 -0.0802920535 -0
-0.01009198 0.000132590343 -0.0189999994 0.987022161 -0.160584122 -0
-0.0100285178 0.000390065368 -0.0209999997 0.948591888 -0.316501945 -0
-0.0100285178 0.000390065368 -0.0189999994 0.919910789 -0.392127693 -0
-0.00990528241 0.000624871231 -0.0209999997 0.845283687 -0.534317791 -0
-0.00990528241 0.000624871231 -0.0189999994 0.799337566 -0.600882292 -0
-0.00972943474 0.000823361799 -0.0209999997 0.69285059 -0.721081197 -0
-0.00972943474 0.000823361799 -0.0189999994 0.632309675 -0.774715722 -0
-0.00951119512 0.000974001654 -0.0209999997 0.500151575 -0.865937889 -0
-0.00951119512 0.000974001654 -0.0189999994 0.428534329 -0.903525472 -0
-0.00926324725 0.00106803596 -0.0209999997 0.278385639 -0.960469365 -0
-0.00926324725 0.00106803596 -0.0189999994 0.19985415 -0.979825675 -0
-0.00899999961 0.00109999999 -0.0209999997 0.120536663 -0.992708862 -0
-0.00899999961 0.00109999999 -0.0189999994 0.120536663 -0.992708862 -0
-0.00809471775 -0.000624871231 -0.0189999994 0 0 1
-0.00750797382 -0.00168414915 -0.0189999994 0 0 1
-0.00714828633 -0.0012781457 -0.0189999994 0 0 1
-0.00827056542 -0.000823361799 -0.0189999994 0 0 1
-0.0084888041 -0.000974001654 -0.0189999994 0 0 1
-0.00795437302 -0.00199227617 -0.0189999994 0 0 1
-0.00797148235 -0.000390065368 -0.0189999994 0 0 1
-0.00689621363 -0.000797861023 -0.0189999994 0 0 1
-0.0087367529 -0.00106803596 -0.0189999994 0 0 1
-0.00846153963 -0.0021846192 -0.0189999994 0 0 1
-0.00790802017 -0.000132590343 -0.0189999994 0 0 1
-0.00676640496 -0.000271207537 -0.0189999994 0 0 1
-0.00899999961 -0.00109999999 -0.0189999994 0 0 1
-0.00899999961 -0.0022499999 -0.0189999994 0 0 1
-0.00790802017 0.000132590343 -0.0189999994 0 0 1
-0.00676640496 0.000271207537 -0.0189999994 0 0 1
-0.00926324725 -0.00106803596 -0.0189999994 0 0 1
-0.00953846052 -0.0021846192 -0.0189999994 0 0 1
-0.00797148235 0.000390065368 -0.0189999994 0 0 1
-0.00689621363 0.000797861023 -0.0189999994 0 0 1
-0.00951119512 -0.000974001654 -0.0189999994 0 0 1
-0.0100456271 -0.00199227617 -0.0189999994 0 0 1
-0.00809471775 0.000624871231 -0.0189999994 0 0 1
-0.00714828633 0.0012781457 -0.0189999994 0 0 1
-0.00972943474 -0.000823361799 -0.0189999994 0 0 1
-0.0104920259 -0.00168414915 -0.0189999994 0 0 1
-0.00750797382 0.00168414915 -0.0189999994 0 0 1
-0.00827056542 0.000823361799 -0.0189999994 0 0 1
-0.0108517138 -0.0012781457 -0.0189999994 0 0 1
-0.00990528241 -0.000624871231 -0.0189999994 0 0 1
-0.00795437302 0.00199227617 -0.0189999994 0 0 1
-0.0084888041 0.000974001654 -0.0189999994 0 0 1
-0.0111037865 -0.000797861023 -0.0189999994 0 0 1
-0.0100285178 -0.000390065368 -0.0189999994 0 0 1
-0.00846153963 0.0021846192 -0.0189999994 0 0 1
-0.0087367529 0.00106803596 -0.0189999994 0 0 1
-0.0112335952 -0.000271207537 -0.0189999994 0 0 1
-0.01009198 -0.000132590343 -0.0189999994 0 0 1
-0.00899999961 0.0022499999 -0.0189999994 0 0 1
-0.00899999961 0.00109999999 -0.0189999994 0 0 1
-0.0112335952 0.000271207537 -0.0189999994 0 0 1
-0.01009198 0.000132590343 -0.0189999994 0 0 1
-0.00953846052 0.0021846192 -0.0189999994 0 0 1
-0.00926324725 0.00106803596 -0.0189999994 0 0 1
-0.0111037865 0.000797861023 -0.0189999994 0 0 1
-0.0100285178 0.000390065368 -0.0189999994 0 0 1
-0.0100456271 0.00199227617 -0.0189999994 0 0 1
-0.00951119512 0.000974001654 -0.0189999994 0 0 1
-0.0108517138 0.0012781457 -0.0189999994 0 0 1
-0.00990528241 0.000624871231 -0.0189999994 0 0 1
-0.0104920259 0.00168414915 -0.0189999994 0 0 1
-0.00972943474 0.000823361799 -0.0189999994 0 0 1
0.00990528241 -0.000624871231 -0.0189999994 0 0 1
0.0104920259 -0.00168414915 -0.0189999994 0 0 1
0.0108517138 -0.0012781457 -0.0189999994 0 0 1
0.00972943474 -0.000823361799 -0.0189999994 0 0 1
0.00951119512 -0.000974001654 -0.0189999994 0 0 1
0.0100456271 -0.00199227617 -0.0189999994 0 0 1
0.0100285178 -0.000390065368 -0.0189999994 0 0 1
0.0111037865 -0.000797861023 -0.0189999994 0 0 1
0.00926324725 -0.00106803596 -0.0189999994 0 0 1
0.00953846052 -0.0021846192 -0.0189999994 0 0 1
0.01009198 -0.000132590343 -0.0189999994 0 0 1
0.0112335952 -0.000271207537 -0.0189999994 0 0 1
0.00899999961 -0.00109999999 -0.0189999994 0 0 1
0.00899999961 -0.0022499999 -0.0189999994 0 0 1
0.01009198 0.000132590343 -0.0189999994 0 0 1
0.0112335952 0.000271207537 -0.0189999994 0 0 1
0.0087367529 -0.00106803596 -0.0189999994 0 0 1
0.00846153963 -0.0021846192 -0.0189999994 0 0 1
0.0100285178 0.000390065368 -0.0189999994 0 0 1
0.0111037865 0.000797861023 -0.0189999994 0 0 1
0.0084888041 -0.000974001654 -0.0189999994 0 0 1
0.00795437302 -0.00199227617 -0.0189999994 0 0 1
0.00990528241 0.000624871231 -0.0189999994 0 0 1
0.0108517138 0.0012781457 -0.0189999994 0 0 1
0.00827056542 -0.000823361799 -0.0189999994 0 0 1
0.00750797382 -0.00168414915 -0.0189999994 0 0 1
0.0104920259 0.00168414915 -0.0189999994 0 0 1
0.00972943474 0.000823361799 -0.0189999994 0 0 1
0.00714828633 -0.0012781457 -0.0189999994 0 0 1
0.00809471775 -0.000624871231 -0.0189999994 0 0 1
0.0100456271 0.00199227617 -0.0189999994 0 0 1
0.00951119512 0.000974001654 -0.0189999994 0 0 1
0.00689621363 -0.000797861023 -0.0189999994 0 0 1
0.00797148235 -0.000390065368 -0.0189999994 0 0 1
0.00953846052 0.0021846192 -0.0189999994 0 0 1
0.00926324725 0.00106803596 -0.0189999994 0 0 1
0.00676640496 -0.000271207537 -0.0189999994 0 0 1
0.00790802017 -0.000132590343 -0.0189999994 0 0 1
0.00899999961 0.0022499999 -0.0189999994 0 0 1
0.00899999961 0.00109999999 -0.0189999994 0 0 1
0.00676640496 0.000271207537 -0.0189999994 0 0 1
0.00790802017 0.000132590343 -0.0189999994 0 0 1
0.00846153963 0.0021846192 -0.0189999994 0 0 1
0.0087367529 0.00106803596 -0.0189999994 0 0 1
0.00689621363 0.000797861023 -0.0189999994 0 0 1
0.00797148235 0.000390065368 -0.0189999994 0 0 1
0.00795437302 0.00199227617 -0.0189999994 0 0 1
0.0084888041 0.000974001654 -0.0189999994 0 0 1
0.00714828633 0.0012781457 -0.0189999994 0 0 1
0.00809471775 0.000624871231 -0.0189999994 0 0 1
0.00750797382 0.00168414915 -0.0189999994 0 0 1
0.00827056542 0.000823361799 -0.0189999994 0 0 1
-0.00953846052 0.0021846192 -0.0149999997 0.19985415 -0.979825675 -0
-0.00899999961 0.0022499999 -0.0189999994 0.120536678 -0.992708862 -0
-0.00899999961 0.0022499999 -0.0149999997 0.120536678 -0.992708862 -0
-0.00953846052 0.0021846192 -0.0189999994 0.278385639 -0.960469365 -0
-0.0100456271 0.00199227617 -0.0149999997 0.428534359 -0.903525472 -0
-0.0100456271 0.00199227617 -0.0189999994 0.500151634 -0.865937829 -0
-0.0104920259 0.00168414915 -0.0149999997 0.632309735 -0.774715662 -0
-0.0104920259 0.00168414915 -0.0189999994 0.692850649 -0.721081078 -0
-0.0108517138 0.0012781457 -0.0149999997 0.799337566 -0.600882173 -0
-0.0108517138 0.0012781457 -0.0189999994 0.845283628 -0.534317851 -0
-0.0111037865 0.000797861023 -0.0149999997 0.919910789 -0.392127693 -0
-0.0111037865 0.000797861023 -0.0189999994 0.948591888 -0.316501915 -0
-0.0112335952 0.000271207537 -0.0149999997 0.987022161 -0.160584092 -0
-0.0112335952 0.000271207537 -0.0189999994 0.996771395 -0.0802920535 -0
-0.0112335952 -0.000271207537 -0.0149999997 0.996771395 0.0802920535 -0
-0.0112335952 -0.000271207537 -0.0189999994 0.987022161 0.160584107 -0
-0.0111037865 -0.000797861023 -0.0149999997 0.948591888 0.316501915 -0
-0.0111037865 -0.000797861023 -0.0189999994 0.919910789 0.392127693 -0
-0.0108517138 -0.0012781457 -0.0149999997 0.845283628 0.534317851 -0
-0.0108517138 -0.0012781457 -0.0189999994 0.799337566 0.600882292 -0
-0.0104920259 -0.00168414915 -0.0149999997 0.692850649 0.721081138 -0
-0.0104920259 -0.00168414915 -0.0189999994 0.632309735 0.774715662 -0
-0.0100456271 -0.00199227617 -0.0149999997 0.500151634 0.865937829 -0
-0.0100456271 -0.00199227617 -0.0189999994 0.428534359 0.903525472 -0
-0.00953846052 -0.0021846192 -0.0149999997 0.278385639 0.960469365 -0
-0.00953846052 -0.0021846192 -0.0189999994 0.199854136 0.979825675 -0
-0.00899999961 -0.0022499999 -0.0149999997 0.120536678 0.992708862 -0
-0.00899999961 -0.0022499999 -0.0189999994 0.120536678 0.992708862 -0
-0.00882260408 -0.00224299589 -0.0149999997 -0.0788426548 0.996885538 0.00175102404
-0.00899999961 -0.0022499999 -0.0189999994 -0.104070596 0.994565547 0.00293949991
-0.00899999961 -0.0022499999 -0.0149999997 -0.0394520983 0.999221444 -0
-0.00864631217 -0.00222202716 -0.0149999997 -0.13505429 0.990833759 0.00296215503
-0.00846153963 -0.0021846192 -0.0189999994 -0.23321791 0.972423375 0.00147703278
-0.0084722219 -0.00218722434 -0.0149999997 -0.336132884 0.941814542 0.000283018075
-0.00795437302 -0.00199227617 -0.0189999994 -0.474360675 0.880330563 0.000110845023
-0.00800000131 -0.00201555667 -0.0109999841 -0.435953826 0.899969041 -1.54275131e-06
-0.00847221818 -0.00218721549 -0.0114999786 -0.341642022 0.939830184 -1.98726138e-06
-0.00753802992 -0.00171030499 -0.0109999999 -0.623496532 0.781826079 -0.000249994831
-0.00750797382 -0.00168414915 -0.0189999994 -0.68953371 0.724253595 0.000127255276
-0.00716460077 -0.00130146451 -0.0109999999 -0.794547558 0.607201934 -0.000198027876
-0.00714828633 -0.0012781457 -0.0189999994 -0.843744576 0.536744893 7.7158591e-05
-0.00690232916 -0.000813803519 -0.0109999999 -0.918121099 0.396299958 -0.000143856392
-0.00689621363 -0.000797861023 -0.0189999994 -0.948224664 0.31760028 2.47155403e-05
-0.00676709833 -0.00027685627 -0.0109999999 -0.992554069 0.121804789 -8.728783e-05
-0.00676640496 -0.000271207537 -0.0189999994 -0.992708862 0.120536692 -8.99680856e-07
-0.00676640496 0.000271207537 -0.0189999994 -0.996815979 -0.0797366947 -3.00646388e-05
-0.00676709833 0.00027685822 -0.0109999999 -0.986836791 -0.161719367 -8.72157907e-05
-0.00689621363 0.000797861023 -0.0189999994 -0.948224604 -0.317600548 2.47248718e-05
-0.00690232962 0.000813805382 -0.0109999999 -0.918120861 -0.396300435 -0.00014386604
-0.00714828633 0.0012781457 -0.0189999994 -0.843744457 -0.536745071 7.71675186e-05
-0.00716460217 0.00130146614 -0.0109999999 -0.7945472 -0.607202351 -0.000198037073
-0.00750797382 0.00168414915 -0.0189999994 -0.689533472 -0.724253774 0.000127263804
-0.00753803132 0.00171030627 -0.0109999999 -0.623499036 -0.781824112 -0.00024976203
-0.00795437302 0.00199227617 -0.0189999994 -0.474361986 -0.880329907 0.000111312009
-0.00800000224 0.00201556459 -0.0109999981 -0.43595612 -0.899967909 -5.30075454e-07
-0.0084722219 0.00218722434 -0.0149999997 -0.336130291 -0.941815436 0.000283857225
-0.00846153963 0.0021846192 -0.0189999994 -0.233217895 -0.972423375 0.00147703278
-0.00864631217 0.00222202716 -0.0149999997 -0.13505429 -0.990833759 0.00296215503
-0.00899999961 0.0022499999 -0.0189999994 -0.104070596 -0.994565547 0.00293949991
-0.00882260408 0.00224299589 -0.0149999997 -0.0788426548 -0.996885538 0.00175102404
-0.00847221911 0.00218722317 -0.0114999926 -0.341644019 -0.939829409 3.41587523e-08
-0.00899999961 0.0022499999 -0.0149999997 -0.0394520983 -0.999221444 -0
0.00759045407 -0.00323223555 -0.0109999999 0.656629741 -0.260378391 0.707842171
0.00847221911 -0.00218722364 -0.0115 0.670377374 -0.227763519 0.706199706
0.00799999852 -0.00201556436 -0.0110000018 0.668612123 -0.225060984 0.708735049
0.00803270284 -0.00346955331 -0.0114999879 0.643127143 -0.295839757 0.706304669
0.00699712802 -0.00437064609 -0.0109999999 0.608457148 -0.35899505 0.707744658
0.00740041537 -0.00466861622 -0.0114999879 0.589543641 -0.391696513 0.706407964
0.00623437902 -0.00540322904 -0.0109999999 0.545581341 -0.448974252 0.707646191
0.00659051351 -0.00575563032 -0.0114999879 0.521786988 -0.478099346 0.706512094
0.00532067567 -0.00630498258 -0.0109999999 0.469516695 -0.52813971 0.70754683
0.00562243536 -0.006704506 -0.0114999879 0.441492647 -0.552970409 0.706617296
0.00427814107 -0.0070540728 -0.0109999999 0.382095695 -0.594577432 0.707446456
0.00451941555 -0.00749246962 -0.0114999879 0.350597024 -0.614511073 0.706723332
0.00313201919 -0.00763236172 -0.0109999999 0.285425335 -0.646680176 0.707345128
0.00330792693 -0.00810061116 -0.0114999879 0.251291096 -0.661244035 0.706830323
0.00191006041 -0.00802584738 -0.0109999999 0.181836396 -0.683185935 0.707242906
0.00201704586 -0.00851433259 -0.0114999879 0.145967633 -0.692049026 0.706938148
0.000641852384 -0.00822500139 -0.0109999999 0.0738275275 -0.703209102 0.707139611
0.000677754055 -0.00872370694 -0.0114999879 0.0371634848 -0.706189334 0.707047045
-0.000641897495 -0.00822500233 -0.0109999999 -0.0548776798 -0.704812884 0.707267404
-0.00067780487 -0.00872370787 -0.0114999879 -0.0547724888 -0.704981804 0.707107246
-0.00201709685 -0.00851433445 -0.0114999879 -0.145966902 -0.692049086 0.706938326
-0.00191010581 -0.00802585017 -0.0109999999 -0.181835562 -0.683186293 0.707242787
-0.00330797816 -0.00810061302 -0.0114999879 -0.251290441 -0.661244214 0.706830442
-0.00313206506 -0.00763236638 -0.0109999999 -0.28542456 -0.646680593 0.707345009
-0.00451946724 -0.00749247335 -0.0114999879 -0.350596368 -0.614511311 0.706723392
-0.00427818811 -0.00705407932 -0.0109999999 -0.382094979 -0.594578028 0.707446337
-0.00562248752 -0.00670451019 -0.0114999879 -0.441491991 -0.552970707 0.706617415
-0.00532072363 -0.00630499097 -0.0109999999 -0.469516098 -0.528140306 0.707546771
-0.0065905666 -0.00575563544 -0.0114999879 -0.521786392 -0.478099793 0.706512213
-0.00623442838 -0.00540323835 -0.0109999999 -0.545580804 -0.448974937 0.707646132
-0.00740046939 -0.00466862228 -0.0114999879 -0.589543104 -0.391697049 0.706408083
-0.00699717877 -0.00437065633 -0.0109999999 -0.608456731 -0.358995825 0.707744539
-0.00803275779 -0.0034695596 -0.0114999879 -0.643129647 -0.295834661 0.70630455
-0.00759050669 -0.0032322472 -0.0109999999 -0.65663451 -0.260366946 0.707841873
-0.00847221818 -0.00218721549 -0.0114999786 -0.670384288 -0.227745593 0.706198931
-0.00800000131 -0.00201555667 -0.0109999841 -0.66861856 -0.225042582 0.70873481
0.00803272426 -0.00346955843 -0.0149999997 0.927981853 -0.372625351 4.48137644e-06
0.0084722219 -0.00218722434 -0.0149999997 0.945982099 -0.324218899 9.18075671e-07
0.00847221911 -0.00218722364 -0.0115 0.945979834 -0.324225456 3.62469791e-06
0.00803270284 -0.00346955331 -0.0114999879 0.907450318 -0.4201594 6.27905138e-06
0.00740043772 -0.00466862135 -0.0149999997 0.859294176 -0.511481702 6.15231056e-06
0.00740041537 -0.00466861622 -0.0114999879 0.831667304 -0.555274248 6.11551786e-06
0.00659053633 -0.00575563498 -0.0149999997 0.769981265 -0.638066471 5.86174701e-06
0.00659051351 -0.00575563032 -0.0114999879 0.735921979 -0.677066386 5.74168735e-06
0.00562245864 -0.00670451019 -0.0149999997 0.66218847 -0.749337375 5.36620837e-06
0.00562243536 -0.006704506 -0.0114999879 0.622514188 -0.782608509 5.16637238e-06
0.0045194393 -0.00749247428 -0.0149999997 0.538502812 -0.842623711 4.67775089e-06
0.00451941555 -0.00749246962 -0.0114999879 0.494165689 -0.869367719 4.40321446e-06
0.00330795115 -0.00810061488 -0.0149999997 0.401892781 -0.915686727 3.81306336e-06
0.00330792693 -0.00810061116 -0.0114999879 0.353957027 -0.935261667 3.47036507e-06
0.00201707054 -0.00851433631 -0.0149999997 0.255637169 -0.966772795 2.79306596e-06
0.00201704586 -0.00851433259 -0.0114999879 0.205253229 -0.978708923 2.39004794e-06
0.0006777792 -0.00872370973 -0.0149999997 0.10324613 -0.994655848 1.64240248e-06
0.000677754055 -0.00872370694 -0.0114999879 0.0516232401 -0.998666644 1.18802541e-06
-0.0006777792 -0.00872370973 -0.0149999997 -0.0516228788 -0.998666644 3.88855852e-07
-0.00067780487 -0.00872370787 -0.0114999879 -0.103245735 -0.994655907 -1.07018678e-07
-0.00201707054 -0.00851433631 -0.0149999997 -0.205252886 -0.978708982 -9.37323136e-07
-0.00201709685 -0.00851433445 -0.0114999879 -0.255636752 -0.966772914 -1.46416789e-06
-0.00330795115 -0.00810061488 -0.0149999997 -0.353956759 -0.935261786 -2.30414025e-06
-0.00330797816 -0.00810061302 -0.0114999879 -0.401892334 -0.915686905 -2.85101555e-06
-0.0045194393 -0.00749247428 -0.0149999997 -0.49416545 -0.869367898 -3.67862594e-06
-0.00451946724 -0.00749247335 -0.0114999879 -0.538502336 -0.842624009 -4.23444226e-06
-0.00562245864 -0.00670451019 -0.0149999997 -0.62251395 -0.782608688 -5.02762578e-06
-0.00562248752 -0.00670451019 -0.0114999879 -0.662188053 -0.749337733 -5.58140937e-06
-0.00659053633 -0.00575563498 -0.0149999997 -0.73592186 -0.677066505 -6.31859984e-06
-0.0065905666 -0.00575563544 -0.0114999879 -0.769980907 -0.638066888 -6.8597551e-06
-0.00740043772 -0.00466862135 -0.0149999997 -0.831667185 -0.555274427 -7.52039659e-06
-0.00740046939 -0.00466862228 -0.0114999879 -0.859293818 -0.511482239 -8.03896364e-06
-0.00803272426 -0.00346955843 -0.0149999997 -0.907452166 -0.420155406 -8.60400633e-06
-0.00803275779 -0.0034695596 -0.0114999879 -0.927986979 -0.372612536 -5.24293273e-06
-0.0084722219 -0.00218722434 -0.0149999997 -0.945986748 -0.324205369 -3.56918326e-06
-0.00847221818 -0.00218721549 -0.0114999786 -0.945991337 -0.324191928 1.94712197e-06
-0.0084722219 0.00218722434 -0.0149999997 -0.945985675 0.324208349 -3.26929307e-06
-0.00847221911 0.00218722317 -0.0114999926 -0.945989311 0.324197739 1.0584331e-06
-0.00803275034 0.00346956449 -0.011500014 -0.927986443 0.372613996 -4.65589574e-06
-0.00803272426 0.00346955843 -0.0149999997 -0.907452345 0.420155019 -7.50066874e-06
-0.0074004638 0.00466862693 -0.011500014 -0.859294236 0.511481524 -7.3163792e-06
-0.00740043772 0.00466862135 -0.0149999997 -0.831667423 0.555274129 -7.20937942e-06
-0.00659056287 0.0057556401 -0.011500014 -0.769981325 0.638066411 -6.88106184e-06
-0.00659053633 0.00575563498 -0.0149999997 -0.735922039 0.677066326 -6.68583016e-06
-0.00562248612 0.00670451531 -0.011500014 -0.66218847 0.749337316 -6.22115431e-06
-0.00562245864 0.00670451019 -0.0149999997 -0.622514188 0.782608509 -5.94244329e-06
-0.00451946678 0.00749247847 -0.011500014 -0.538502693 0.84262377 -5.35263871e-06
-0.0045194393 0.00749247428 -0.0149999997 -0.494165599 0.869367778 -4.99692214e-06
-0.00330797909 0.00810061861 -0.011500014 -0.401892602 0.915686786 -4.29649981e-06
-0.00330795115 0.00810061488 -0.0149999997 -0.353956848 0.935261726 -3.87181763e-06
-0.00201709894 0.00851434004 -0.011500014 -0.255636901 0.966772854 -3.07822688e-06
-0.00201707054 0.00851433631 -0.0149999997 -0.20525296 0.978708982 -2.59399053e-06
-0.000677807955 0.00872371253 -0.011500014 -0.103245743 0.994655907 -1.72720161e-06
-0.0006777792 0.00872370973 -0.0149999997 -0.0516228564 0.998666644 -1.19396827e-06
0.000677749922 0.00872371253 -0.011500014 0.0516233556 0.998666644 -2.75989947e-07
0.0006777792 0.00872370973 -0.0149999997 0.103246205 0.994655848 2.94788975e-07
0.0020170405 0.00851433817 -0.011500014 0.205253452 0.978708863 1.24043663e-06
0.00201707054 0.00851433631 -0.0149999997 0.255637318 0.966772735 1.83669204e-06
0.00330792041 0.00810061581 -0.011500014 0.353957385 0.935261548 2.78554194e-06
0.00330795115 0.00810061488 -0.0149999997 0.40189299 0.915686667 3.39487588e-06
0.00451940764 0.00749247428 -0.011500014 0.494166106 0.86936748 4.32210027e-06
0.0045194393 0.00749247428 -0.0149999997 0.538502991 0.842623591 4.93208472e-06
0.00562242605 0.00670450972 -0.011500014 0.622514606 0.782608151 5.81309405e-06
0.00562245864 0.00670451019 -0.0149999997 0.662188709 0.749337137 6.41156566e-06
0.00659050234 0.00575563405 -0.011500014 0.735922515 0.67706579 7.22259529e-06
0.00659053633 0.00575563498 -0.0149999997 0.769981563 0.638066173 7.797953e-06
0.00740040187 0.00466861995 -0.011500014 0.83166784 0.555273473 8.51663481e-06
0.00740043772 0.00466862135 -0.0149999997 0.859294415 0.511481285 9.05811066e-06
0.00803268701 0.0034695568 -0.011500014 0.907448947 0.42016229 9.66397511e-06
0.00803272426 0.00346955843 -0.0149999997 0.927980483 0.372628838 6.74029707e-06
0.00847221818 0.00218723179 -0.0115000149 0.945977986 0.32423079 5.29059753e-06
0.0084722219 0.00218722434 -0.0149999997 0.945982099 0.324218869 4.05717316e-07
0.00882260408 0.00224299589 -0.0149999997 0.0788426548 -0.996885538 0.00175102404
0.00899999961 0.0022499999 -0.0189999994 0.104070596 -0.994565547 0.00293949991
0.00899999961 0.0022499999 -0.0149999997 0.0394520983 -0.999221444 -0
0.00864631217 0.00222202716 -0.0149999997 0.13505429 -0.990833759 0.00296215503
0.00846153963 0.0021846192 -0.0189999994 0.23321791 -0.972423375 0.00147703278
0.0084722219 0.00218722434 -0.0149999997 0.336126328 -0.941816866 0.000284910871
0.00795437302 0.00199227617 -0.0189999994 0.47436437 -0.880328596 0.000111965113
0.00799999759 0.00201557274 -0.0110000167 0.435959607 -0.89996624 8.29574958e-07
0.00847221818 0.00218723179 -0.0115000149 0.341644198 -0.93982935 2.39567794e-06
0.00753803039 0.00171030534 -0.0109999999 0.623503685 -0.781820357 -0.000249400327
0.00750797382 0.00168414915 -0.0189999994 0.689533591 -0.724253714 0.0001272597
0.00716460124 0.00130146521 -0.0109999999 0.794547379 -0.607202172 -0.000198030393
0.00714828633 0.0012781457 -0.0189999994 0.843744516 -0.536745012 7.71646737e-05
0.00690232962 0.000813804741 -0.0109999999 0.918120921 -0.396300316 -0.000143860845
0.00689621363 0.000797861023 -0.0189999994 0.948224604 -0.317600489 2.4723402e-05
0.00676709833 0.000276857871 -0.0109999999 0.986836791 -0.161719263 -8.72122109e-05
0.00676640496 0.000271207537 -0.0189999994 0.996815979 -0.0797366872 -3.00645879e-05
0.00676709833 -0.00027685627 -0.0109999999 0.992554069 0.121804804 -8.72851961e-05
0.00676640496 -0.000271207537 -0.0189999994 0.992708862 0.120536692 -8.99687279e-07
0.00689621363 -0.000797861023 -0.0189999994 0.948224664 0.31760028 2.4715775e-05
0.00690232869 -0.000813803228 -0.0109999999 0.918121099 0.396299869 -0.000143852973
0.00714828633 -0.0012781457 -0.0189999994 0.843744636 0.536744833 7.71573759e-05
0.00716460031 -0.00130146393 -0.0109999999 0.794547677 0.607201755 -0.000198022855
0.00750797382 -0.00168414915 -0.0189999994 0.68953377 0.724253476 0.000127252715
0.00753802899 -0.00171030429 -0.0109999999 0.623500466 0.781822979 -0.000249687699
0.00795437302 -0.00199227617 -0.0189999994 0.474362701 0.88032949 0.000111409594
0.00799999852 -0.00201556436 -0.0110000018 0.435956776 0.899967611 -3.65895346e-07
0.0084722219 -0.00218722434 -0.0149999997 0.336129397 0.941815794 0.000283939182
0.00846153963 -0.0021846192 -0.0189999994 0.233217895 0.972423375 0.00147703278
0.00864631217 -0.00222202716 -0.0149999997 0.13505429 0.990833759 0.00296215503
0.00899999961 -0.0022499999 -0.0189999994 0.104070596 0.994565547 0.00293949991
0.00882260408 -0.00224299589 -0.0149999997 0.0788426548 0.996885538 0.00175102404
0.00847221911 -0.00218722364 -0.0115 0.341642052 0.939830124 6.84975703e-08
0.00899999961 -0.0022499999 -0.0149999997 0.0394520983 0.999221444 -0
-0.00759047689 0.00323223602 -0.0109999999 -0.656631529 0.26037392 0.707842171
-0.00847221911 0.00218722317 -0.0114999926 -0.670380235 0.227755979 0.706199408
-0.00800000224 0.00201556459 -0.0109999981 -0.668614805 0.225053206 0.708734989
-0.00803275034 0.00346956449 -0.011500014 -0.643128276 0.295837164 0.706304789
-0.00699715363 0.00437064283 -0.0109999999 -0.608457208 0.358994693 0.707744718
-0.0074004638 0.00466862693 -0.011500014 -0.5895437 0.391696185 0.706408083
-0.00623440742 0.00540322252 -0.0109999999 -0.545581341 0.448974073 0.70764631
-0.00659056287 0.0057556401 -0.011500014 -0.521786928 0.478099108 0.706512332
-0.00532070734 0.00630497327 -0.0109999999 -0.469516635 0.528139651 0.70754689
-0.00562248612 0.00670451531 -0.011500014 -0.441492468 0.55297029 0.706617475
-0.004278176 0.00705406023 -0.0109999999 -0.382095456 0.594577551 0.707446575
-0.00451946678 0.00749247847 -0.011500014 -0.350596756 0.614510953 0.706723571
-0.00313205761 0.00763234636 -0.0109999999 -0.285424888 0.646680295 0.707345247
-0.00330797909 0.00810061861 -0.011500014 -0.251290679 0.661243975 0.706830502
-0.00191010255 0.00802582875 -0.0109999999 -0.1818358 0.683186114 0.707242906
-0.00201709894 0.00851434004 -0.011500014 -0.145967051 0.692048907 0.706938386
-0.00064189866 0.00822498091 -0.0109999999 -0.0548776835 0.704812825 0.707267523
-0.000677807955 0.00872371253 -0.011500014 -0.0547724813 0.704981685 0.707107365
0.000677749922 0.00872371253 -0.011500014 0.0371636339 0.706189215 0.707047105
0.000641846855 0.00822497997 -0.0109999999 0.073827751 0.703208923 0.70713973
0.0020170405 0.00851433817 -0.011500014 0.145967945 0.692048848 0.706938326
0.0019100504 0.00802582595 -0.0109999999 0.181836769 0.683185697 0.707243025
0.00330792041 0.00810061581 -0.011500014 0.251291573 0.661243796 0.706830382
0.00313200476 0.00763234077 -0.0109999999 0.285425812 0.646679759 0.707345366
0.00451940764 0.00749247428 -0.011500014 0.35059756 0.614510655 0.706723392
0.00427812198 0.00705405278 -0.0109999999 0.382096291 0.594576836 0.707446635
0.00562242605 0.00670450972 -0.011500014 0.441493273 0.552969813 0.706617355
0.00532065192 0.00630496349 -0.0109999999 0.46951735 0.528138936 0.707547009
0.00659050234 0.00575563405 -0.011500014 0.521787584 0.478098631 0.706512153
0.00623435061 0.00540321134 -0.0109999999 0.545581937 0.448973149 0.70764643
0.00740040187 0.00466861995 -0.011500014 0.589544177 0.391695529 0.706407964
0.00699709496 0.00437063025 -0.0109999999 0.608457685 0.358993709 0.707744837
0.00803268701 0.0034695568 -0.011500014 0.643125415 0.295843095 0.706304908
0.00759041635 0.00323222275 -0.0109999999 0.656625867 0.260387123 0.707842469
0.00847221818 0.00218723179 -0.0115000149 0.670372248 0.227776632 0.706200242
0.00799999759 0.00201557274 -0.0110000167 0.668607414 0.22507441 0.708735228
0.00953846052 -0.0021846192 -0.0149999997 -0.19985415 0.979825675 -0
0.00899999961 -0.0022499999 -0.0189999994 -0.120536678 0.992708862 -0
0.00899999961 -0.0022499999 -0.0149999997 -0.120536678 0.992708862 -0
0.00953846052 -0.0021846192 -0.0189999994 -0.278385639 0.960469365 -0
0.0100456271 -0.00199227617 -0.0149999997 -0.428534359 0.903525472 -0
0.0100456271 -0.00199227617 -0.0189999994 -0.500151634 0.865937829 -0
0.0104920259 -0.00168414915 -0.0149999997 -0.632309735 0.774715662 -0
0.0104920259 -0.00168414915 -0.0189999994 -0.692850649 0.721081078 -0
0.0108517138 -0.0012781457 -0.0149999997 -0.799337566 0.600882173 -0
0.0108517138 -0.0012781457 -0.0189999994 -0.845283628 0.534317851 -0
0.0111037865 -0.000797861023 -0.0149999997 -0.919910789 0.392127693 -0
0.0111037865 -0.000797861023 -0.0189999994 -0.948591888 0.316501915 -0
0.0112335952 -0.000271207537 -0.0149999997 -0.987022161 0.160584092 -0
0.0112335952 -0.000271207537 -0.0189999994 -0.996771395 0.0802920535 -0
0.0112335952 0.000271207537 -0.0149999997 -0.996771395 -0.0802920535 -0
0.0112335952 0.000271207537 -0.0189999994 -0.987022161 -0.160584107 -0
0.0111037865 0.000797861023 -0.0149999997 -0.948591888 -0.316501915 -0
0.0111037865 0.000797861023 -0.0189999994 -0.919910789 -0.392127693 -0
0.0108517138 0.0012781457 -0.0149999997 -0.845283628 -0.534317851 -0
0.0108517138 0.0012781457 -0.0189999994 -0.799337566 -0.600882292 -0
0.0104920259 0.00168414915 -0.0149999997 -0.692850649 -0.721081138 -0
0.0104920259 0.00168414915 -0.0189999994 -0.632309735 -0.774715662 -0
0.0100456271 0.00199227617 -0.0149999997 -0.500151634 -0.865937829 -0
0.0100456271 0.00199227617 -0.0189999994 -0.428534359 -0.903525472 -0
0.00953846052 0.0021846192 -0.0149999997 -0.278385639 -0.960469365 -0
0.00953846052 0.0021846192 -0.0189999994 -0.199854136 -0.979825675 -0
0.00899999961 0.0022499999 -0.0149999997 -0.120536678 -0.992708862 -0
0.00899999961 0.0022499999 -0.0189999994 -0.120536678 -0.992708862 -0
-0.0087367529 0.00106803596 -0.0209999997 -0.199854136 -0.979825675 -0
-0.0087367529 0.00106803596 -0.0189999994 -0.278385639 -0.960469365 -0
-0.00899999961 0.00109999999 -0.0189999994 -0.120536663 -0.992708862 -0
-0.00899999961 0.00109999999 -0.0209999997 -0.120536663 -0.992708862 -0
-0.0084888041 0.000974001654 -0.0209999997 -0.428534359 -0.903525472 -0
-0.0084888041 0.000974001654 -0.0189999994 -0.500151575 -0.865937889 -0
-0.00827056542 0.000823361799 -0.0209999997 -0.632309735 -0.774715662 -0
-0.00827056542 0.000823361799 -0.0189999994 -0.69285059 -0.721081197 -0
-0.00809471775 0.000624871231 -0.0209999997 -0.799337566 -0.600882292 -0
-0.00809471775 0.000624871231 -0.0189999994 -0.845283628 -0.534317851 -0
-0.00797148235 0.000390065368 -0.0209999997 -0.919910789 -0.392127693 -0
-0.00797148235 0.000390065368 -0.0189999994 -0.948591828 -0.316501975 -0
-0.00790802017 0.000132590343 -0.0209999997 -0.987022161 -0.160584107 -0
-0.00790802017 0.000132590343 -0.0189999994 -0.996771395 -0.0802920535 -0
-0.00790802017 -0.000132590343 -0.0209999997 -0.996771395 0.0802920535 -0
-0.00790802017 -0.000132590343 -0.0189999994 -0.987022161 0.160584122 -0
-0.00797148235 -0.000390065368 -0.0209999997 -0.948591888 0.316501945 -0
-0.00797148235 -0.000390065368 -0.0189999994 -0.919910789 0.392127693 -0
-0.00809471775 -0.000624871231 -0.0209999997 -0.845283687 0.534317791 -0
-0.00809471775 -0.000624871231 -0.0189999994 -0.799337566 0.600882292 -0
-0.00827056542 -0.000823361799 -0.0209999997 -0.69285059 0.721081197 -0
-0.00827056542 -0.000823361799 -0.0189999994 -0.632309675 0.774715722 -0
-0.0084888041 -0.000974001654 -0.0209999997 -0.500151575 0.865937889 -0
-0.0084888041 -0.000974001654 -0.0189999994 -0.428534329 0.903525472 -0
-0.0087367529 -0.00106803596 -0.0209999997 -0.278385639 0.960469365 -0
-0.0087367529 -0.00106803596 -0.0189999994 -0.19985415 0.979825675 -0
-0.00899999961 -0.00109999999 -0.0209999997 -0.120536663 0.992708862 -0
-0.00899999961 -0.00109999999 -0.0189999994 -0.120536663 0.992708862 -0
0.0087367529 -0.00106803596 -0.0209999997 0.199854136 0.979825675 -0
0.0087367529 -0.00106803596 -0.0189999994 0.278385639 0.960469365 -0
0.00899999961 -0.00109999999 -0.0189999994 0.120536663 0.992708862 -0
0.00899999961 -0.00109999999 -0.0209999997 0.120536663 0.992708862 -0
0.0084888041 -0.000974001654 -0.0209999997 0.428534359 0.903525472 -0
0.0084888041 -0.000974001654 -0.0189999994 0.500151575 0.865937889 -0
0.00827056542 -0.000823361799 -0.0209999997 0.632309735 0.774715662 -0
0.00827056542 -0.000823361799 -0.0189999994 0.69285059 0.721081197 -0
0.00809471775 -0.000624871231 -0.0209999997 0.799337566 0.600882292 -0
0.00809471775 -0.000624871231 -0.0189999994 0.845283628 0.534317851 -0
0.00797148235 -0.000390065368 -0.0209999997 0.919910789 0.392127693 -0
0.00797148235 -0.000390065368 -0.0189999994 0.948591828 0.316501975 -0
0.00790802017 -0.000132590343 -0.0209999997 0.987022161 0.160584107 -0
0.00790802017 -0.000132590343 -0.0189999994 0.996771395 0.0802920535 -0
0.00790802017 0.000132590343 -0.0209999997 0.996771395 -0.0802920535 -0
0.00790802017 0.000132590343 -0.0189999994 0.987022161 -0.160584122 -0
0.00797148235 0.000390065368 -0.0209999997 0.948591888 -0.316501945 -0
0.00797148235 0.000390065368 -0.0189999994 0.919910789 -0.392127693 -0
0.00809471775 0.000624871231 -0.0209999997 0.845283687 -0.534317791 -0
0.00809471775 0.000624871231 -0.0189999994 0.799337566 -0.600882292 -0
0.00827056542 0.000823361799 -0.0209999997 0.69285059 -0.721081197 -0
0.00827056542 0.000823361799 -0.0189999994 0.632309675 -0.774715722 -0
0.0084888041 0.000974001654 -0.0209999997 0.500151575 -0.865937889 -0
0.0084888041 0.000974001654 -0.0189999994 0.428534329 -0.903525472 -0
0.0087367529 0.00106803596 -0.0209999997 0.278385639 -0.960469365 -0
0.0087367529 0.00106803596 -0.0189999994 0.19985415 -0.979825675 -0
0.00899999961 0.00109999999 -0.0209999997 0.120536663 -0.992708862 -0
0.00899999961 0.00109999999 -0.0189999994 0.120536663 -0.992708862 -0
0.00926324725 0.00106803596 -0.0209999997 -0.199854136 -0.979825675 -0
0.00926324725 0.00106803596 -0.0189999994 -0.278385639 -0.960469365 -0
0.00899999961 0.00109999999 -0.0189999994 -0.120536663 -0.992708862 -0
0.00899999961 0.00109999999 -0.0209999997 -0.120536663 -0.992708862 -0
0.00951119512 0.000974001654 -0.0209999997 -0.428534359 -0.903525472 -0
0.00951119512 0.000974001654 -0.0189999994 -0.500151575 -0.865937889 -0
0.00972943474 0.000823361799 -0.0209999997 -0.632309735 -0.774715662 -0
0.00972943474 0.000823361799 -0.0189999994 -0.69285059 -0.721081197 -0
0.00990528241 0.000624871231 -0.0209999997 -0.799337566 -0.600882292 -0
0.00990528241 0.000624871231 -0.0189999994 -0.845283628 -0.534317851 -0
0.0100285178 0.000390065368 -0.0209999997 -0.919910789 -0.392127693 -0
0.0100285178 0.000390065368 -0.0189999994 -0.948591828 -0.316501975 -0
0.01009198 0.000132590343 -0.0209999997 -0.987022161 -0.160584107 -0
0.01009198 0.000132590343 -0.0189999994 -0.996771395 -0.0802920535 -0
0.01009198 -0.000132590343 -0.0209999997 -0.996771395 0.0802920535 -0
0.01009198 -0.000132590343 -0.0189999994 -0.987022161 0.160584122 -0
0.0100285178 -0.000390065368 -0.0209999997 -0.948591888 0.316501945 -0
0.0100285178 -0.000390065368 -0.0189999994 -0.919910789 0.392127693 -0
0.00990528241 -0.000624871231 -0.0209999997 -0.845283687 0.534317791 -0
0.00990528241 -0.000624871231 -0.0189999994 -0.799337566 0.600882292 -0
0.00972943474 -0.000823361799 -0.0209999997 -0.69285059 0.721081197 -0
0.00972943474 -0.000823361799 -0.0189999994 -0.632309675 0.774715722 -0
0.00951119512 -0.000974001654 -0.0209999997 -0.500151575 0.865937889 -0
0.00951119512 -0.000974001654 -0.0189999994 -0.428534329 0.903525472 -0
0.00926324725 -0.00106803596 -0.0209999997 -0.278385639 0.960469365 -0
0.00926324725 -0.00106803596 -0.0189999994 -0.19985415 0.979825675 -0
0.00899999961 -0.00109999999 -0.0209999997 -0.120536663 0.992708862 -0
0.00899999961 -0.00109999999 -0.0189999994 -0.120536663 0.992708862 -0
0.0171033125 -0.0200079307 -0.0149999997 -0.199854136 -0.979825675 0
0.0176776703 -0.02007767 -0.0149999997 -0.120536678 -0.992708862 0
0.0176776703 -0.02007767 -0.0115 -0.120536678 -0.992708862 0
0.0171033125 -0.0200079307 -0.0115 -0.278385639 -0.960469365 3.10965912e-16
0.0165623333 -0.0198027641 -0.0149999997 -0.428534359 -0.903525472 5.87255036e-16
0.0165623333 -0.0198027641 -0.0115 -0.500151634 -0.865937829 8.60961398e-16
0.016086176 -0.0194740947 -0.0149999997 -0.632309735 -0.774715722 7.69272623e-16
0.016086176 -0.0194740947 -0.0115 -0.69285059 -0.721081197 4.92983499e-16
0.0157025084 -0.0190410241 -0.0149999997 -0.799337566 -0.600882232 2.19277084e-16
0.0157025084 -0.0190410241 -0.0115 -0.845283628 -0.534317851 0
0.0154336309 -0.0185287204 -0.0149999997 -0.919910789 -0.392127663 0
0.0154336309 -0.0185287204 -0.0115 -0.948591888 -0.316501915 0
0.0152951684 -0.0179669578 -0.0149999997 -0.987022161 -0.160584107 0
0.0152951684 -0.0179669578 -0.0115 -0.996771395 -0.0802920461 0
0.0152951684 -0.0173883811 -0.0149999997 -0.996771395 0.0802920461 0
0.0152951684 -0.0173883811 -0.0115 -0.987022161 0.160584107 0
0.0154336309 -0.0168266185 -0.0149999997 -0.948591888 0.316501915 0
0.0154336309 -0.0168266185 -0.0115 -0.919910789 0.392127663 0
0.0157025084 -0.0163143147 -0.0149999997 -0.845283628 0.534317851 0
0.0157025084 -0.0163143147 -0.0115 -0.799337566 0.600882232 -2.20540063e-16
0.016086176 -0.0158812441 -0.0149999997 -0.69285059 0.721081197 -4.92443621e-16
0.016086176 -0.0158812441 -0.0115 -0.632309735 0.774715722 -4.92443621e-16
0.0165623333 -0.0155525748 -0.0149999997 -0.500151634 0.865937829 -2.71903585e-16
0.0165623333 -0.0155525748 -0.0115 -0.428534359 0.903525472 0
0.0171033125 -0.0153474091 -0.0149999997 -0.278385639 0.960469365 0
0.0171033125 -0.0153474091 -0.0115 -0.199854136 0.979825675 0
0.0176776703 -0.0152776698 -0.0149999997 -0.120536678 0.992708862 0
0.0176776703 -0.0152776698 -0.0115 -0.120536678 0.992708862 0
0.0171033125 -0.0200079307 -0.0115 -0.145538241 -0.69218123 0.706897318
0.0176776703 -0.02007767 -0.0115 -0.0855435878 -0.704514802 0.704514802
0.0176776703 -0.019577669 -0.0109999999 -0.0855435953 -0.704514802 0.704514802
0.0172229689 -0.0195224583 -0.0109999999 -0.201380268 -0.678231299 0.706716597
0.0165623333 -0.0198027641 -0.0115 -0.306958973 -0.637238145 0.706897318
0.0167946946 -0.0193600357 -0.0109999999 -0.357839912 -0.610329688 0.706716597
0.016086176 -0.0194740947 -0.0115 -0.450540334 -0.545261085 0.706897259
0.0164177362 -0.019099839 -0.0109999999 -0.493503183 -0.506957889 0.706716597
0.0157025084 -0.0190410241 -0.0115 -0.56793797 -0.421595395 0.706897259
0.0161140002 -0.0187569931 -0.0109999999 -0.600485802 -0.374123633 0.706716597
0.0154336309 -0.0185287204 -0.0115 -0.652329087 -0.273428172 0.706897318
0.015901139 -0.0183514189 -0.0109999999 -0.672570407 -0.219546586 0.706716597
0.0152951684 -0.0179669578 -0.0115 -0.698809266 -0.109370254 0.706897318
0.0157915223 -0.01790669 -0.0109999999 -0.705567718 -0.0522103235 0.706716597
0.0152951684 -0.0173883811 -0.0115 -0.704677165 0.0610438548 0.706897318
0.0157915223 -0.0174486507 -0.0109999999 -0.697559953 0.118160211 0.706716597
0.0154336309 -0.0168266185 -0.0115 -0.669591725 0.22791031 0.706897318
0.015901139 -0.0170039199 -0.0109999999 -0.649012506 0.281663716 0.706716597
0.0157025084 -0.0163143147 -0.0115 -0.595592141 0.381531447 0.706897259
0.0161140002 -0.0165983457 -0.0109999999 -0.562746882 0.42879793 0.706716597
0.016086176 -0.0158812441 -0.0115 -0.486978829 0.512979388 0.706897318
0.0164177362 -0.0162554998 -0.0109999999 -0.443776369 0.55101198 0.706716597
0.0165623333 -0.0155525748 -0.0115 -0.350064158 0.614614785 0.706897318
0.0167946946 -0.0159953032 -0.0109999999 -0.299015284 0.641203225 0.706716597
0.0171033125 -0.0153474091 -0.0115 -0.192804962 0.680531025 0.706897318
0.0172229689 -0.0158328805 -0.0109999999 -0.136876449 0.694130063 0.706716537
0.0176776703 -0.0152776698 -0.0115 -0.0855435953 0.704514802 0.704514802
0.0176776703 -0.0157776698 -0.0109999999 -0.0855435878 0.704514861 0.704514861
0.0182520263 -0.0153474091 -0.0115 0.145538241 0.69218123 0.706897318
0.0176776703 -0.0152776698 -0.0115 0.0855435878 0.704514802 0.704514802
0.0176776703 -0.0157776698 -0.0109999999 0.0855435953 0.704514802 0.704514802
0.01813237 -0.0158328805 -0.0109999999 0.201380268 0.678231299 0.706716597
0.0187930055 -0.0155525748 -0.0115 0.306958973 0.637238145 0.706897318
0.0185606442 -0.0159953032 -0.0109999999 0.357839912 0.610329688 0.706716597
0.0192691647 -0.0158812441 -0.0115 0.450540334 0.545261085 0.706897259
0.0189376026 -0.0162554998 -0.0109999999 0.493503183 0.506957889 0.706716597
0.0196528304 -0.0163143147 -0.0115 0.56793797 0.421595395 0.706897259
0.0192413386 -0.0165983457 -0.0109999999 0.600485802 0.374123633 0.706716597
0.0199217089 -0.0168266185 -0.0115 0.652329087 0.273428172 0.706897318
0.0194541998 -0.0170039199 -0.0109999999 0.672570407 0.219546586 0.706716597
0.0200601704 -0.0173883811 -0.0115 0.698809266 0.109370254 0.706897318
0.0195638165 -0.0174486507 -0.0109999999 0.705567718 0.0522103235 0.706716597
0.0200601704 -0.0179669578 -0.0115 0.704677165 -0.0610438548 0.706897318
0.0195638165 -0.01790669 -0.0109999999 0.697559953 -0.118160211 0.706716597
0.0199217089 -0.0185287204 -0.0115 0.669591725 -0.22791031 0.706897318
0.0194541998 -0.0183514189 -0.0109999999 0.649012506 -0.281663716 0.706716597
0.0196528304 -0.0190410241 -0.0115 0.595592141 -0.381531447 0.706897259
0.0192413386 -0.0187569931 -0.0109999999 0.562746882 -0.42879793 0.706716597
0.0192691647 -0.0194740947 -0.0115 0.486978829 -0.512979388 0.706897318
0.0189376026 -0.019099839 -0.0109999999 0.443776369 -0.55101198 0.706716597
0.0187930055 -0.0198027641 -0.0115 0.350064158 -0.614614785 0.706897318
0.0185606442 -0.0193600357 -0.0109999999 0.299015284 -0.641203225 0.706716597
0.0182520263 -0.0200079307 -0.0115 0.192804962 -0.680531025 0.706897318
0.01813237 -0.0195224583 -0.0109999999 0.136876449 -0.694130063 0.706716537
0.0176776703 -0.02007767 -0.0115 0.0855435953 -0.704514802 0.704514802
0.0176776703 -0.019577669 -0.0109999999 0.0855435878 -0.704514861 0.704514861
0.0182520263 -0.0153474091 -0.0149999997 0.199854136 0.979825675 0
0.0176776703 -0.0152776698 -0.0149999997 0.120536678 0.992708862 0
0.0176776703 -0.0152776698 -0.0115 0.120536678 0.992708862 0
0.0182520263 -0.0153474091 -0.0115 0.278385639 0.960469365 0
0.0187930055 -0.0155525748 -0.0149999997 0.428534359 0.903525472 0
0.0187930055 -0.0155525748 -0.0115 0.500151634 0.865937829 2.73706415e-16
0.0192691647 -0.0158812441 -0.0149999997 0.632309735 0.774715722 4.92983499e-16
0.0192691647 -0.0158812441 -0.0115 0.69285059 0.721081197 4.92983499e-16
0.0196528304 -0.0163143147 -0.0149999997 0.799337566 0.600882232 2.19277084e-16
0.0196528304 -0.0163143147 -0.0115 0.845283628 0.534317851 0
0.0199217089 -0.0168266185 -0.0149999997 0.919910789 0.392127663 0
0.0199217089 -0.0168266185 -0.0115 0.948591888 0.316501915 0
0.0200601704 -0.0173883811 -0.0149999997 0.987022161 0.160584107 0
0.0200601704 -0.0173883811 -0.0115 0.996771395 0.0802920461 0
0.0200601704 -0.0179669578 -0.0149999997 0.996771395 -0.0802920461 0
0.0200601704 -0.0179669578 -0.0115 0.987022161 -0.160584107 0
0.0199217089 -0.0185287204 -0.0149999997 0.948591888 -0.316501915 0
0.0199217089 -0.0185287204 -0.0115 0.919910789 -0.392127663 0
0.0196528304 -0.0190410241 -0.0149999997 0.845283628 -0.534317851 0
0.0196528304 -0.0190410241 -0.0115 0.799337566 -0.600882232 -2.20540063e-16
0.0192691647 -0.0194740947 -0.0149999997 0.69285059 -0.721081197 -4.96829187e-16
0.0192691647 -0.0194740947 -0.0115 0.632309735 -0.774715722 -7.70535549e-16
0.0187930055 -0.0198027641 -0.0149999997 0.500151634 -0.865937829 -8.61368927e-16
0.0187930055 -0.0198027641 -0.0115 0.428534359 -0.903525472 -5.85079856e-16
0.0182520263 -0.0200079307 -0.0149999997 0.278385639 -0.960469365 -3.11373467e-16
0.0182520263 -0.0200079307 -0.0115 0.199854136 -0.979825675 0
0.0176776703 -0.02007767 -0.0149999997 0.120536678 -0.992708862 0
0.0176776703 -0.02007767 -0.0115 0.120536678 -0.992708862 0
3 0 1 2
3 0 3 1
3 0 4 3
3 0 5 4
3 0 6 5
3 0 7 6
3 0 8 7
3 0 9 8
3 0 10 9
3 0 11 10
3 0 12 11
3 0 13 12
3 0 14 13
3 0 15 14
3 0 16 15
3 0 17 16
3 0 18 17
3 0 19 18
3 0 20 19
3 0 21 20
3 0 22 21
3 0 23 22
3 0 24 23
3 0 25 24
3 0 26 25
3 0 27 28
3 0 29 27
3 0 30 29
3 0 31 30
3 0 32 31
3 0 33 32
3 0 34 33
3 0 35 34
3 0 36 35
3 0 37 36
3 0 38 37
3 0 39 38
3 0 40 39
3 0 41 40
3 0 2 41
3 42 43 44
3 42 44 45
3 46 45 47
3 46 42 45
3 48 47 49
3 48 46 47
3 50 49 51
3 50 48 49
3 52 51 53
3 52 50 51
3 54 53 55
3 54 52 53
3 56 55 57
3 56 54 55
3 58 57 59
3 58 56 57
3 60 59 61
3 60 58 59
3 62 61 63
3 62 60 61
3 64 62 63
3 65 64 63
3 66 64 65
3 67 66 65
3 68 66 67
3 69 68 67
3 70 68 69
3 71 70 69
3 72 70 71
3 73 72 71
3 74 72 73
3 75 74 73
3 76 74 75
3 77 76 75
3 78 76 77
3 79 78 77
3 80 78 79
3 81 80 79
3 82 80 81
3 83 82 81
3 84 82 83
3 85 84 83
3 86 84 85
3 87 88 89
3 87 89 90
3 91 90 92
3 91 87 90
3 93 92 94
3 93 91 92
3 95 94 96
3 95 93 94
3 97 96 98
3 97 95 96
3 99 98 100
3 99 97 98
3 101 100 102
3 101 99 100
3 103 102 104
3 103 101 102
3 105 104 106
3 105 103 104
3 107 106 108
3 107 105 106
3 109 108 110
3 109 107 108
3 111 110 112
3 111 109 110
3 113 111 112
3 113 112 114
3 115 113 114
3 115 114 116
3 117 115 116
3 117 116 118
3 119 117 118
3 119 118 120
3 121 119 120
3 121 120 122
3 123 121 122
3 123 122 124
3 125 123 124
3 125 124 126
3 127 125 126
3 127 126 128
3 129 127 128
3 129 128 130
3 131 129 130
3 131 130 132
3 133 134 135
3 133 135 136
3 137 136 138
3 137 133 136
3 139 138 140
3 139 137 138
3 141 140 142
3 141 139 140
3 143 142 144
3 143 141 142
3 145 144 146
3 145 143 144
3 147 146 148
3 147 145 146
3 149 148 150
3 149 147 148
3 151 150 152
3 151 149 150
3 153 152 154
3 153 151 152
3 155 154 156
3 155 153 154
3 157 156 158
3 157 155 156
3 159 157 158
3 159 158 160
3 161 159 160
3 161 160 162
3 163 161 162
3 163 162 164
3 165 163 164
3 165 164 166
3 167 165 166
3 167 166 168
3 169 167 168
3 169 168 170
3 171 169 170
3 171 170 172
3 173 171 172
3 173 172 174
3 175 173 174
3 175 174 176
3 177 175 176
3 177 176 178
3 179 180 181
3 179 181 182
3 183 182 184
3 183 179 182
3 185 184 186
3 185 183 184
3 187 186 188
3 187 185 186
3 189 188 190
3 189 187 188
3 191 190 192
3 191 189 190
3 193 192 194
3 193 191 192
3 195 194 196
3 195 193 194
3 197 196 198
3 197 195 196
3 199 198 200
3 199 197 198
3 201 199 200
3 202 201 200
3 203 201 202
3 204 203 202
3 205 203 204
3 206 205 204
3 207 205 206
3 208 207 206
3 209 207 208
3 210 209 208
3 211 209 210
3 212 211 210
3 213 211 212
3 214 213 212
3 215 213 214
3 216 215 214
3 217 215 216
3 218 217 216
3 219 217 218
3 220 219 218
3 221 219 220
3 222 221 220
3 223 221 222
3 224 225 226
3 224 226 227
3 224 227 228
3 229 230 231
3 232 224 228
3 232 228 233
3 234 230 229
3 234 235 230
3 236 232 233
3 237 235 234
3 237 236 233
3 237 233 235
3 238 239 240
3 241 238 240
3 242 243 244
3 242 244 245
3 246 239 238
3 247 244 243
3 247 248 244
3 249 241 240
3 249 240 250
3 251 242 245
3 252 239 246
3 252 253 239
3 254 248 247
3 255 249 250
3 256 245 257
3 256 251 245
3 258 259 253
3 258 253 252
3 260 261 248
3 260 248 254
3 262 255 250
3 263 257 264
3 263 256 257
3 265 259 258
3 265 266 259
3 267 261 260
3 268 250 269
3 268 262 250
3 270 263 264
3 271 261 267
3 272 261 271
3 273 268 269
3 274 272 271
3 275 269 276
3 275 273 269
3 277 272 274
3 278 275 276
3 279 272 277
3 280 279 277
3 281 282 283
3 281 283 284
3 285 282 281
3 285 286 282
3 287 278 276
3 288 284 266
3 288 281 284
3 289 286 285
3 289 264 290
3 289 290 286
3 289 270 264
3 291 279 280
3 292 293 294
3 292 265 293
3 292 288 266
3 292 266 265
3 295 270 289
3 295 296 270
3 297 287 276
3 297 298 287
3 299 294 300
3 299 292 294
3 301 302 296
3 301 303 302
3 301 296 295
3 304 279 291
3 304 291 305
3 306 307 308
3 306 300 307
3 306 299 300
3 309 303 301
3 309 310 303
3 311 312 298
3 311 298 297
3 313 308 314
3 313 306 308
3 315 310 309
3 315 316 310
3 315 317 316
3 318 305 319
3 318 304 305
3 320 313 314
3 320 321 322
3 320 314 321
3 323 317 315
3 323 324 317
3 325 312 311
3 326 322 327
3 326 320 322
3 328 324 323
3 328 329 324
3 328 330 329
3 331 312 325
3 331 332 312
3 331 327 332
3 331 326 327
3 333 319 330
3 333 330 328
3 334 335 336
3 334 336 318
3 334 318 319
3 334 319 333
3 337 325 338
3 337 331 325
3 339 337 338
3 339 338 340
3 341 335 334
3 342 335 341
3 343 339 340
3 344 339 343
3 345 342 341
3 346 342 345
3 347 344 343
3 347 348 344
3 349 346 345
3 349 345 350
3 351 348 347
3 352 349 350
3 352 350 353
3 354 348 351
3 355 353 356
3 357 358 359
3 357 359 360
3 361 356 362
3 361 355 356
3 363 359 358
3 363 364 359
3 365 353 355
3 366 348 354
3 366 357 360
3 366 360 348
3 367 361 362
3 368 364 363
3 368 369 364
3 370 371 352
3 370 352 353
3 370 353 365
3 372 354 373
3 372 366 354
3 374 362 375
3 374 367 362
3 376 369 368
3 377 378 371
3 377 371 370
3 379 372 373
3 380 374 375
3 380 375 381
3 382 383 369
3 382 369 376
3 384 378 377
3 385 380 381
3 386 379 373
3 386 387 379
3 388 383 382
3 388 389 383
3 390 387 386
3 391 385 381
3 391 381 392
3 393 389 388
3 394 378 384
3 394 395 396
3 394 384 395
3 397 392 227
3 397 391 392
3 398 389 393
3 398 399 389
3 400 390 386
3 400 401 390
3 402 401 400
3 403 397 227
3 404 399 398
3 404 230 399
3 226 403 227
3 405 394 396
3 405 406 407
3 405 396 406
3 408 402 400
3 408 409 402
3 408 410 409
3 411 412 413
3 411 414 412
3 411 407 414
3 411 405 407
3 415 410 408
3 415 416 410
3 415 417 416
3 418 419 420
3 418 411 413
3 418 413 419
3 421 422 417
3 421 417 415
3 421 423 422
3 424 425 426
3 424 420 425
3 424 418 420
3 427 428 423
3 427 429 428
3 427 423 421
3 430 426 431
3 430 424 426
3 432 433 429
3 432 429 427
3 225 431 226
3 225 430 431
3 231 404 433
3 231 433 432
3 231 230 404
3 434 435 436
3 434 436 437
3 438 439 435
3 438 435 434
3 440 441 439
3 440 439 438
3 442 443 441
3 442 441 440
3 444 445 443
3 444 443 442
3 446 447 445
3 446 445 444
3 448 449 447
3 448 447 446
3 450 451 449
3 450 449 448
3 452 451 450
3 452 453 451
3 454 453 452
3 454 455 453
3 456 457 455
3 456 455 454
3 458 459 457
3 458 457 456
3 460 461 459
3 460 459 458
3 462 463 461
3 462 461 460
3 464 465 463
3 464 463 462
3 466 467 465
3 466 465 464
3 468 469 467
3 468 467 466
3 470 471 469
3 470 469 468
3 472 473 471
3 472 471 470
3 474 475 473
3 474 473 472
3 476 477 475
3 476 475 474
3 478 479 477
3 478 477 476
3 480 481 479
3 480 479 478
3 482 483 481
3 482 481 480
3 484 485 483
3 484 483 482
3 486 487 485
3 486 485 484
3 488 489 487
3 488 487 486
3 490 491 489
3 490 489 488
3 492 493 491
3 492 491 490
3 494 495 493
3 494 493 492
3 496 497 495
3 496 495 494
3 498 499 500
3 498 501 499
3 502 503 501
3 502 501 498
3 504 505 503
3 504 503 502
3 506 507 505
3 506 505 504
3 508 509 507
3 508 507 506
3 510 511 509
3 510 509 508
3 512 513 511
3 512 511 510
3 514 515 513
3 514 513 512
3 516 515 514
3 516 517 515
3 518 517 516
3 518 519 517
3 520 519 518
3 520 521 519
3 522 521 520
3 522 523 521
3 524 523 522
3 524 525 523
3 526 525 524
3 526 527 525
3 528 527 526
3 528 529 527
3 530 529 528
3 530 531 529
3 532 531 530
3 532 533 531
3 534 533 532
3 534 535 533
3 536 535 534
3 536 537 535
3 538 539 537
3 538 537 536
3 540 541 539
3 540 539 538
3 542 543 541
3 542 541 540
3 544 545 543
3 544 543 542
3 546 547 545
3 546 545 544
3 548 549 547
3 548 547 546
3 550 551 549
3 550 549 548
3 552 553 551
3 552 551 550
3 554 555 553
3 554 553 552
3 556 557 555
3 556 555 554
3 558 559 557
3 558 557 556
3 560 561 559
3 560 559 558
3 562 563 564
3 565 564 566
3 565 562 564
3 567 568 563
3 567 563 562
3 569 566 570
3 569 565 566
3 571 572 568
3 571 568 567
3 573 570 574
3 573 569 570
3 575 576 572
3 575 572 571
3 577 574 578
3 577 573 574
3 579 580 576
3 579 576 575
3 581 578 582
3 581 577 578
3 583 584 580
3 583 580 579
3 585 582 586
3 585 581 582
3 587 588 584
3 587 584 583
3 589 586 590
3 589 585 586
3 591 592 588
3 591 588 587
3 593 590 594
3 593 589 590
3 595 593 594
3 596 597 592
3 596 592 591
3 598 597 596
3 599 593 595
3 600 599 595
3 601 598 596
3 602 598 601
3 603 599 600
3 604 603 600
3 605 602 601
3 606 602 605
3 607 603 604
3 608 607 604
3 609 606 605
3 610 606 609
3 611 607 608
3 612 611 608
3 613 610 609
3 614 610 613
3 615 611 612
3 616 615 612
3 617 614 613
3 618 614 617
3 619 615 616
3 620 619 616
3 621 618 617
3 622 618 621
3 623 619 620
3 624 623 620
3 625 622 621
3 626 623 624
3 627 622 625
3 628 627 625
3 629 626 624
3 630 626 629
3 631 627 628
3 632 631 628
3 633 630 629
3 634 630 633
3 635 631 632
3 636 635 632
3 637 634 633
3 638 634 637
3 639 635 636
3 640 639 636
3 641 638 637
3 642 638 641
3 643 639 640
3 644 643 640
3 645 642 641
3 646 642 645
3 647 643 644
3 648 647 644
3 649 646 645
3 650 646 649
3 651 647 648
3 652 651 648
3 653 650 649
3 654 650 653
3 655 651 652
3 656 655 652
3 657 654 653
3 658 655 656
3 659 660 654
3 659 654 657
3 661 658 656
3 661 656 662
3 663 664 660
3 663 660 659
3 665 661 662
3 665 662 666
3 667 668 664
3 667 664 663
3 669 665 666
3 669 666 670
3 671 672 668
3 671 668 667
3 673 670 674
3 673 669 670
3 675 676 672
3 675 672 671
3 677 674 678
3 677 673 674
3 679 680 676
3 679 676 675
3 681 678 682
3 681 677 678
3 683 684 680
3 683 680 679
3 685 682 686
3 685 681 682
3 687 688 684
3 687 684 683
3 689 686 688
3 689 688 687
3 689 685 686
3 690 691 692
3 690 693 691
3 694 695 693
3 694 693 690
3 696 697 695
3 696 695 694
3 698 699 697
3 698 697 696
3 700 701 699
3 700 699 698
3 702 703 701
3 702 701 700
3 704 705 703
3 704 703 702
3 706 707 705
3 706 705 704
3 708 707 706
3 708 709 707
3 710 709 708
3 710 711 709
3 712 711 710
3 712 713 711
3 714 713 712
3 714 715 713
3 716 715 714
3 716 717 715
3 718 717 716
3 718 719 717
3 720 719 718
3 720 721 719
3 722 721 720
3 722 723 721
3 724 723 722
3 724 725 723
3 726 725 724
3 726 727 725
3 728 727 726
3 728 729 727
3 730 731 729
3 730 729 728
3 732 733 731
3 732 731 730
3 734 735 733
3 734 733 732
3 736 737 735
3 736 735 734
3 738 739 737
3 738 737 736
3 740 741 739
3 740 739 738
3 742 743 741
3 742 741 740
3 744 745 743
3 744 743 742
3 746 747 745
3 746 745 744
3 748 749 747
3 748 747 746
3 750 751 749
3 750 749 748
3 752 753 751
3 752 751 750
3 754 755 756
3 754 756 757
3 758 759 755
3 758 755 754
3 760 761 759
3 760 759 758
3 762 763 761
3 762 761 760
3 764 765 763
3 764 763 762
3 766 767 765
3 766 765 764
3 768 769 767
3 768 767 766
3 770 771 769
3 770 769 768
3 772 771 770
3 772 773 771
3 774 773 772
3 774 775 773
3 776 777 775
3 776 775 774
3 778 779 777
3 778 777 776
3 780 781 779
3 780 779 778
3 782 783 781
3 782 781 780
3 784 785 783
3 784 783 782
3 786 787 785
3 786 785 784
3 788 789 787
3 788 787 786
3 790 791 789
3 790 789 788
3 792 793 791
3 792 791 790
3 794 795 793
3 794 793 792
3 796 797 795
3 796 795 794
3 798 799 797
3 798 797 796
3 800 801 799
3 800 799 798
3 802 803 801
3 802 801 800
3 804 805 803
3 804 803 802
3 806 807 805
3 806 805 804
3 808 809 807
3 808 807 806
3 810 811 809
3 810 809 808
3 812 813 811
3 812 811 810
3 814 815 813
3 814 813 812
3 816 817 815
3 816 815 814
3 818 819 820
3 818 820 821
3 818 821 822
3 818 823 819
3 818 824 823
3 825 822 826
3 825 827 824
3 825 828 827
3 825 818 822
3 825 824 818
3 829 826 830
3 829 825 826
3 829 828 825
3 829 831 828
3 832 830 833
3 832 833 834
3 832 835 831
3 832 829 830
3 832 831 829
3 836 834 837
3 836 838 835
3 836 839 838
3 836 832 834
3 836 835 832
3 840 836 837
3 840 837 841
3 840 842 839
3 840 839 836
3 843 841 844
3 843 844 845
3 843 840 841
3 843 842 840
3 843 846 842
3 843 847 846
3 848 845 849
3 848 843 845
3 848 850 847
3 848 847 843
3 851 849 852
3 851 853 850
3 851 854 853
3 851 848 849
3 851 850 848
3 855 852 856
3 855 857 854
3 855 851 852
3 855 854 851
3 858 855 856
3 858 856 859
3 858 859 860
3 858 857 855
3 858 861 857
3 862 860 863
3 862 864 861
3 862 865 864
3 862 858 860
3 862 861 858
3 866 863 867
3 866 868 865
3 866 862 863
3 866 865 862
3 869 867 870
3 869 868 866
3 869 871 868
3 869 872 871
3 869 866 867
3 873 872 869
3 873 870 874
3 873 874 875
3 873 876 872
3 873 869 870
3 877 873 875
3 877 876 873
3 877 875 878
3 877 879 876
3 880 878 881
3 880 877 878
3 880 882 879
3 880 883 882
3 880 879 877
3 884 883 880
3 884 881 885
3 884 886 883
3 884 880 881
3 887 885 888
3 887 888 889
3 887 884 885
3 887 886 884
3 887 890 886
3 887 891 890
3 892 889 893
3 892 887 889
3 892 891 887
3 892 894 891
3 895 893 896
3 895 892 893
3 895 897 894
3 895 898 897
3 895 894 892
3 899 896 900
3 899 900 901
3 899 902 898
3 899 895 896
3 899 898 895
3 903 901 904
3 903 902 899
3 903 905 902
3 903 899 901
3 906 904 907
3 906 908 905
3 906 909 908
3 906 905 903
3 906 903 904
3 910 907 911
3 910 911 912
3 910 912 913
3 910 914 909
3 910 913 914
3 910 906 907
3 910 909 906
3 915 916 917
3 918 919 920
3 921 922 923
3 924 922 921
3 925 926 927
3 925 927 928
3 925 928 929
3 925 929 930
3 931 915 917
3 931 917 932
3 931 932 926
3 931 926 925
3 933 930 934
3 933 925 930
3 935 915 931
3 935 931 925
3 935 925 933
3 935 936 915
3 937 934 938
3 937 933 934
3 939 933 937
3 939 940 936
3 939 935 933
3 939 936 935
3 941 938 942
3 941 937 938
3 943 939 937
3 943 940 939
3 943 944 940
3 943 937 941
3 943 941 942
3 945 942 946
3 947 943 942
3 947 944 943
3 947 942 945
3 947 945 946
3 947 948 944
3 949 946 950
3 951 952 948
3 951 947 946
3 951 948 947
3 951 946 949
3 951 949 950
3 953 950 954
3 955 950 953
3 955 953 954
3 955 956 952
3 955 951 950
3 955 952 951
3 957 954 958
3 959 955 954
3 959 956 955
3 959 954 957
3 959 960 956
3 959 957 958
3 961 958 962
3 963 961 962
3 963 964 960
3 963 959 958
3 963 958 961
3 963 960 959
3 965 962 966
3 967 963 962
3 967 964 963
3 967 962 965
3 967 968 964
3 969 965 966
3 970 967 965
3 970 965 969
3 970 968 967
3 970 971 968
3 972 966 973
3 972 969 966
3 974 971 970
3 974 969 972
3 974 970 969
3 975 972 973
3 976 971 974
3 976 977 971
3 976 972 975
3 976 974 972
3 978 973 979
3 978 975 973
3 980 976 975
3 980 975 978
3 980 977 976
3 981 978 979
3 982 980 978
3 982 977 980
3 982 983 977
3 982 978 981
3 984 979 985
3 984 981 979
3 984 983 982
3 984 982 981
3 986 984 985
3 987 983 984
3 987 984 986
3 987 988 983
3 989 985 990
3 989 986 985
3 989 987 986
3 989 988 987
3 991 989 990
3 992 993 988
3 992 988 989
3 992 989 991
3 994 990 995
3 994 991 990
3 994 993 992
3 994 992 991
3 996 994 995
3 997 998 993
3 997 993 994
3 997 994 996
3 999 995 1000
3 999 996 995
3 999 998 997
3 999 997 996
3 1001 999 1000
3 1002 1003 998
3 1002 998 999
3 1002 999 1001
3 1004 1000 1005
3 1004 1001 1000
3 1004 1003 1002
3 1004 1002 1001
3 1006 1004 1005
3 1007 1004 1006
3 1007 1008 1003
3 1007 1003 1004
3 1009 1007 1006
3 1009 1008 1007
3 1009 1005 1010
3 1009 1006 1005
3 1011 1009 1010
3 1012 1008 1009
3 1012 1009 1011
3 1012 1013 1008
3 1014 1011 1010
3 1014 1012 1011
3 1014 1013 1012
3 1014 1010 1015
3 1016 1014 1015
3 1017 1013 1014
3 1017 1014 1016
3 1017 1018 1013
3 1019 1016 1015
3 1019 1017 1016
3 1019 1018 1017
3 1019 1015 1020
3 1021 1019 1020
3 1022 1018 1019
3 1022 1019 1021
3 1022 1023 1018
3 1024 1021 1020
3 1024 1020 1025
3 1024 1022 1021
3 1024 1023 1022
3 1026 1024 1025
3 1027 1023 1024
3 1027 1028 1023
3 1027 1024 1026
3 1029 1025 1030
3 1029 1026 1025
3 1029 1027 1026
3 1029 1028 1027
3 1031 1029 1030
3 1032 1028 1029
3 1032 1033 1028
3 1032 1029 1031
3 1034 1030 1035
3 1034 1031 1030
3 1034 1032 1031
3 1034 1033 1032
3 1036 1034 1035
3 1037 1033 1034
3 1037 1038 1033
3 1037 1034 1036
3 1039 1035 1040
3 1039 1036 1035
3 1039 1037 1036
3 1039 1038 1037
3 1041 1039 1040
3 1042 1038 1039
3 1042 1039 1041
3 1042 1043 1038
3 1044 1040 1045
3 1044 1041 1040
3 1044 1042 1041
3 1044 1043 1042
3 1046 1044 1045
3 1047 1044 1046
3 1047 1043 1044
3 1047 1048 1043
3 1049 1046 1045
3 1049 1045 1050
3 1051 1046 1049
3 1051 1047 1046
3 1051 1048 1047
3 1052 1049 1050
3 1053 1054 1048
3 1053 1051 1049
3 1053 1048 1051
3 1053 1049 1052
3 1055 1052 1050
3 1055 1050 1056
3 1057 1052 1055
3 1057 1054 1053
3 1057 1053 1052
3 1058 1055 1056
3 1059 1054 1057
3 1059 1060 1054
3 1059 1057 1055
3 1059 1055 1058
3 1061 1056 1062
3 1061 1058 1056
3 1063 1058 1061
3 1063 1060 1059
3 1063 1059 1058
3 1064 1061 1062
3 1065 1060 1063
3 1065 1064 1066
3 1065 1063 1061
3 1065 1061 1064
3 1065 1066 1060
3 1067 1066 1064
3 1067 1064 1062
3 1067 1062 1068
3 1069 1067 1070
3 1069 1066 1067
3 1069 1070 1066
3 1071 1070 1067
3 1071 1067 1068
3 1071 1068 1072
3 1073 1071 1074
3 1073 1070 1071
3 1073 1074 1070
3 1075 1074 1071
3 1075 1071 1072
3 1075 1072 1076
3 1077 1075 1078
3 1077 1074 1075
3 1077 1078 1074
3 1079 1078 1075
3 1079 1075 1076
3 1079 1076 1080
3 1081 1078 1079
3 1081 1079 1082
3 1081 1082 1078
3 1083 1082 1079
3 1083 1079 1080
3 1083 1080 1084
3 1085 1082 1083
3 1085 1083 1086
3 1085 1086 1082
3 1087 1086 1083
3 1087 1083 1084
3 1087 1084 1088
3 1089 1086 1087
3 1089 1090 1086
3 1091 1088 1092
3 1091 1087 1088
3 1093 1087 1091
3 1093 1089 1087
3 1093 1090 1089
3 1093 1094 1090
3 1095 1092 919
3 1095 1091 1092
3 1095 1096 1097
3 1095 918 1096
3 1095 919 918
3 1098 1091 1095
3 1098 1097 923
3 1098 1095 1097
3 1098 1093 1091
3 1098 1094 1093
3 1098 923 922
3 1098 922 1094
3 1099 1100 1101
3 1102 1099 1101
3 1103 1101 1104
3 1103 1102 1101
3 1105 1104 1106
3 1105 1103 1104
3 1107 1106 1108
3 1107 1105 1106
3 1109 1107 1108
3 1109 1108 1110
3 1111 1109 1110
3 1111 1110 1112
3 1113 1111 1112
3 1113 1112 1114
3 1115 1113 1114
3 1115 1114 1116
3 1117 1115 1116
3 1117 1116 1118
3 1119 1117 1118
3 1119 1118 1120
3 1121 1119 1120
3 1121 1120 1122
3 1123 1121 1122
3 1123 1122 1124
3 1125 1123 1124
3 1125 1124 1126
3 1127 1125 1126
3 1127 1126 1128
3 1129 1127 1128
3 1129 1128 1130
3 1131 1129 1130
3 1131 1130 1132
3 1133 1131 1132
3 1133 1132 1134
3 1135 1133 1134
3 1135 1134 1136
3 1137 1136 1138
3 1137 1135 1136
3 1139 1138 1140
3 1139 1137 1138
3 1141 1140 1142
3 1141 1139 1140
3 1143 1142 1144
3 1143 1141 1142
3 1145 1144 1146
3 1145 1143 1144
3 1147 1146 1148
3 1147 1145 1146
3 1149 1148 1150
3 1149 1147 1148
3 1151 1150 1152
3 1151 1149 1150
3 1153 1152 1154
3 1153 1151 1152
3 1155 1154 1156
3 1155 1153 1154
3 1157 1156 1158
3 1157 1155 1156
3 1159 1158 1160
3 1159 1157 1158
3 1161 1159 1160
3 1161 1160 1162
3 1163 1161 1162
3 1163 1162 1164
3 1165 1163 1164
3 1165 1164 1166
3 1167 1165 1166
3 1167 1166 1168
3 1169 1167 1168
3 1169 1168 1170
3 1171 1169 1170
3 1171 1170 1172
3 1173 1171 1172
3 1173 1172 1174
3 1175 1173 1174
3 1175 1174 1176
3 1177 1178 1179
3 1177 1179 1180
3 1181 1180 1182
3 1181 1177 1180
3 1183 1182 1184
3 1183 1181 1182
3 1185 1184 1186
3 1185 1183 1184
3 1187 1185 1186
3 1187 1186 1188
3 1189 1187 1188
3 1189 1188 1190
3 1191 1189 1190
3 1191 1190 1192
3 1193 1191 1192
3 1193 1192 1194
3 1195 1193 1194
3 1195 1194 1196
3 1197 1195 1196
3 1197 1196 1198
3 1199 1197 1198
3 1199 1198 1200
3 1201 1199 1200
3 1201 1200 1202
3 1203 1201 1202
3 1203 1202 1204
3 1205 1203 1204
3 1205 1204 1206
3 1207 1205 1206
3 1207 1206 1208
3 1209 1207 1208
3 1209 1208 1210
3 1211 1209 1210
3 1211 1210 1212
3 1213 1211 1212
3 1213 1212 1214
3 1215 1214 1216
3 1215 1213 1214
3 1217 1216 1218
3 1217 1215 1216
3 1219 1218 1220
3 1219 1217 1218
3 1221 1220 1222
3 1221 1219 1220
3 1223 1222 1224
3 1223 1221 1222
3 1225 1224 1226
3 1225 1223 1224
3 1227 1226 1228
3 1227 1225 1226
3 1229 1228 1230
3 1229 1227 1228
3 1231 1230 1232
3 1231 1229 1230
3 1233 1232 1234
3 1233 1231 1232
3 1235 1234 1236
3 1235 1233 1234
3 1237 1236 1238
3 1237 1235 1236
3 1239 1237 1238
3 1239 1238 1240
3 1241 1239 1240
3 1241 1240 1242
3 1243 1241 1242
3 1243 1242 1244
3 1245 1243 1244
3 1245 1244 1246
3 1247 1245 1246
3 1247 1246 1248
3 1249 1247 1248
3 1249 1248 1250
3 1251 1249 1250
3 1251 1250 1252
3 1253 1251 1252
3 1253 1252 1254
3 1255 1256 1257
3 1258 1259 1260
3 1261 1262 1263
3 1264 1262 1261
3 1265 1266 1267
3 1265 1267 1268
3 1265 1268 1269
3 1265 1269 1270
3 1271 1255 1257
3 1271 1257 1272
3 1271 1272 1266
3 1271 1266 1265
3 1273 1270 1274
3 1273 1265 1270
3 1275 1255 1271
3 1275 1271 1265
3 1275 1265 1273
3 1275 1276 1255
3 1277 1274 1278
3 1277 1273 1274
3 1279 1273 1277
3 1279 1280 1276
3 1279 1275 1273
3 1279 1276 1275
3 1281 1278 1282
3 1281 1277 1278
3 1283 1279 1277
3 1283 1280 1279
3 1283 1284 1280
3 1283 1277 1281
3 1283 1281 1282
3 1285 1282 1286
3 1287 1283 1282
3 1287 1284 1283
3 1287 1282 1285
3 1287 1285 1286
3 1287 1288 1284
3 1289 1286 1290
3 1291 1292 1288
3 1291 1287 1286
3 1291 1288 1287
3 1291 1286 1289
3 1291 1289 1290
3 1293 1290 1294
3 1295 1290 1293
3 1295 1293 1294
3 1295 1296 1292
3 1295 1291 1290
3 1295 1292 1291
3 1297 1294 1298
3 1299 1295 1294
3 1299 1296 1295
3 1299 1294 1297
3 1299 1300 1296
3 1299 1297 1298
3 1301 1298 1302
3 1303 1301 1302
3 1303 1304 1300
3 1303 1299 1298
3 1303 1298 1301
3 1303 1300 1299
3 1305 1302 1306
3 1307 1303 1302
3 1307 1304 1303
3 1307 1302 1305
3 1307 1308 1304
3 1309 1305 1306
3 1310 1307 1305
3 1310 1305 1309
3 1310 1308 1307
3 1310 1311 1308
3 1312 1306 1313
3 1312 1309 1306
3 1314 1311 1310
3 1314 1309 1312
3 1314 1310 1309
3 1315 1312 1313
3 1316 1311 1314
3 1316 1317 1311
3 1316 1312 1315
3 1316 1314 1312
3 1318 1313 1319
3 1318 1315 1313
3 1320 1316 1315
3 1320 1315 1318
3 1320 1317 1316
3 1321 1318 1319
3 1322 1320 1318
3 1322 1317 1320
3 1322 1323 1317
3 1322 1318 1321
3 1324 1319 1325
3 1324 1321 1319
3 1324 1323 1322
3 1324 1322 1321
3 1326 1324 1325
3 1327 1323 1324
3 1327 1324 1326
3 1327 1328 1323
3 1329 1325 1330
3 1329 1326 1325
3 1329 1327 1326
3 1329 1328 1327
3 1331 1329 1330
3 1332 1333 1328
3 1332 1328 1329
3 1332 1329 1331
3 1334 1330 1335
3 1334 1331 1330
3 1334 1333 1332
3 1334 1332 1331
3 1336 1334 1335
3 1337 1338 1333
3 1337 1333 1334
3 1337 1334 1336
3 1339 1335 1340
3 1339 1336 1335
3 1339 1338 1337
3 1339 1337 1336
3 1341 1339 1340
3 1342 1343 1338
3 1342 1338 1339
3 1342 1339 1341
3 1344 1340 1345
3 1344 1341 1340
3 1344 1343 1342
3 1344 1342 1341
3 1346 1344 1345
3 1347 1344 1346
3 1347 1348 1343
3 1347 1343 1344
3 1349 1347 1346
3 1349 1348 1347
3 1349 1345 1350
3 1349 1346 1345
3 1351 1349 1350
3 1352 1348 1349
3 1352 1349 1351
3 1352 1353 1348
3 1354 1351 1350
3 1354 1352 1351
3 1354 1353 1352
3 1354 1350 1355
3 1356 1354 1355
3 1357 1353 1354
3 1357 1354 1356
3 1357 1358 1353
3 1359 1356 1355
3 1359 1357 1356
3 1359 1358 1357
3 1359 1355 1360
3 1361 1359 1360
3 1362 1358 1359
3 1362 1359 1361
3 1362 1363 1358
3 1364 1361 1360
3 1364 1360 1365
3 1364 1362 1361
3 1364 1363 1362
3 1366 1364 1365
3 1367 1363 1364
3 1367 1368 1363
3 1367 1364 1366
3 1369 1365 1370
3 1369 1366 1365
3 1369 1367 1366
3 1369 1368 1367
3 1371 1369 1370
3 1372 1368 1369
3 1372 1373 1368
3 1372 1369 1371
3 1374 1370 1375
3 1374 1371 1370
3 1374 1372 1371
3 1374 1373 1372
3 1376 1374 1375
3 1377 1373 1374
3 1377 1378 1373
3 1377 1374 1376
3 1379 1375 1380
3 1379 1376 1375
3 1379 1377 1376
3 1379 1378 1377
3 1381 1379 1380
3 1382 1378 1379
3 1382 1379 1381
3 1382 1383 1378
3 1384 1380 1385
3 1384 1381 1380
3 1384 1382 1381
3 1384 1383 1382
3 1386 1384 1385
3 1387 1384 1386
3 1387 1383 1384
3 1387 1388 1383
3 1389 1386 1385
3 1389 1385 1390
3 1391 1386 1389
3 1391 1387 1386
3 1391 1388 1387
3 1392 1389 1390
3 1393 1394 1388
3 1393 1391 1389
3 1393 1388 1391
3 1393 1389 1392
3 1395 1392 1390
3 1395 1390 1396
3 1397 1392 1395
3 1397 1394 1393
3 1397 1393 1392
3 1398 1395 1396
3 1399 1394 1397
3 1399 1400 1394
3 1399 1397 1395
3 1399 1395 1398
3 1401 1396 1402
3 1401 1398 1396
3 1403 1398 1401
3 1403 1400 1399
3 1403 1399 1398
3 1404 1401 1402
3 1405 1400 1403
3 1405 1404 1406
3 1405 1403 1401
3 1405 1401 1404
3 1405 1406 1400
3 1407 1406 1404
3 1407 1404 1402
3 1407 1402 1408
3 1409 1407 1410
3 1409 1406 1407
3 1409 1410 1406
3 1411 1410 1407
3 1411 1407 1408
3 1411 1408 1412
3 1413 1411 1414
3 1413 1410 1411
3 1413 1414 1410
3 1415 1414 1411
3 1415 1411 1412
3 1415 1412 1416
3 1417 1415 1418
3 1417 1414 1415
3 1417 1418 1414
3 1419 1418 1415
3 1419 1415 1416
3 1419 1416 1420
3 1421 1418 1419
3 1421 1419 1422
3 1421 1422 1418
3 1423 1422 1419
3 1423 1419 1420
3 1423 1420 1424
3 1425 1422 1423
3 1425 1423 1426
3 1425 1426 1422
3 1427 1426 1423
3 1427 1423 1424
3 1427 1424 1428
3 1429 1426 1427
3 1429 1430 1426
3 1431 1428 1432
3 1431 1427 1428
3 1433 1427 1431
3 1433 1429 1427
3 1433 1430 1429
3 1433 1434 1430
3 1435 1432 1259
3 1435 1431 1432
3 1435 1436 1437
3 1435 1258 1436
3 1435 1259 1258
3 1438 1431 1435
3 1438 1437 1263
3 1438 1435 1437
3 1438 1433 1431
3 1438 1434 1433
3 1438 1263 1262
3 1438 1262 1434
3 1439 1440 1441
3 1439 1441 1442
3 1439 1442 1443
3 1439 1444 1440
3 1439 1445 1444
3 1446 1443 1447
3 1446 1448 1445
3 1446 1449 1448
3 1446 1439 1443
3 1446 1445 1439
3 1450 1447 1451
3 1450 1446 1447
3 1450 1449 1446
3 1450 1452 1449
3 1453 1451 1454
3 1453 1454 1455
3 1453 1456 1452
3 1453 1450 1451
3 1453 1452 1450
3 1457 1455 1458
3 1457 1459 1456
3 1457 1460 1459
3 1457 1453 1455
3 1457 1456 1453
3 1461 1457 1458
3 1461 1458 1462
3 1461 1463 1460
3 1461 1460 1457
3 1464 1462 1465
3 1464 1465 1466
3 1464 1461 1462
3 1464 1463 1461
3 1464 1467 1463
3 1464 1468 1467
3 1469 1466 1470
3 1469 1464 1466
3 1469 1471 1468
3 1469 1468 1464
3 1472 1470 1473
3 1472 1474 1471
3 1472 1475 1474
3 1472 1469 1470
3 1472 1471 1469
3 1476 1473 1477
3 1476 1478 1475
3 1476 1472 1473
3 1476 1475 1472
3 1479 1476 1477
3 1479 1477 1480
3 1479 1480 1481
3 1479 1478 1476
3 1479 1482 1478
3 1483 1481 1484
3 1483 1485 1482
3 1483 1486 1485
3 1483 1479 1481
3 1483 1482 1479
3 1487 1484 1488
3 1487 1489 1486
3 1487 1483 1484
3 1487 1486 1483
3 1490 1488 1491
3 1490 1489 1487
3 1490 1492 1489
3 1490 1493 1492
3 1490 1487 1488
3 1494 1493 1490
3 1494 1491 1495
3 1494 1495 1496
3 1494 1497 1493
3 1494 1490 1491
3 1498 1494 1496
3 1498 1497 1494
3 1498 1496 1499
3 1498 1500 1497
3 1501 1499 1502
3 1501 1498 1499
3 1501 1503 1500
3 1501 1504 1503
3 1501 1500 1498
3 1505 1504 1501
3 1505 1502 1506
3 1505 1507 1504
3 1505 1501 1502
3 1508 1506 1509
3 1508 1509 1510
3 1508 1505 1506
3 1508 1507 1505
3 1508 1511 1507
3 1508 1512 1511
3 1513 1510 1514
3 1513 1508 1510
3 1513 1512 1508
3 1513 1515 1512
3 1516 1514 1517
3 1516 1513 1514
3 1516 1518 1515
3 1516 1519 1518
3 1516 1515 1513
3 1520 1517 1521
3 1520 1521 1522
3 1520 1523 1519
3 1520 1516 1517
3 1520 1519 1516
3 1524 1522 1525
3 1524 1523 1520
3 1524 1526 1523
3 1524 1520 1522
3 1527 1525 1528
3 1527 1529 1526
3 1527 1530 1529
3 1527 1526 1524
3 1527 1524 1525
3 1531 1528 1532
3 1531 1532 1533
3 1531 1533 1534
3 1531 1535 1530
3 1531 1534 1535
3 1531 1527 1528
3 1531 1530 1527
3 1536 1537 1538
3 1536 1538 1539
3 1540 1539 1541
3 1540 1536 1539
3 1542 1541 1543
3 1542 1540 1541
3 1544 1543 1545
3 1544 1542 1543
3 1546 1545 1547
3 1546 1544 1545
3 1548 1547 1549
3 1548 1546 1547
3 1550 1548 1549
3 1550 1549 1551
3 1552 1550 1551
3 1552 1551 1553
3 1554 1552 1553
3 1554 1553 1555
3 1556 1554 1555
3 1556 1555 1557
3 1558 1556 1557
3 1558 1557 1559
3 1560 1558 1559
3 1560 1559 1561
3 1562 1560 1561
3 1562 1561 1563
3 1564 1562 1563
3 1564 1563 1565
3 1566 1564 1565
3 1566 1565 1567
3 1568 1566 1567
3 1568 1567 1569
3 1570 1568 1569
3 1570 1569 1571
3 1572 1570 1571
3 1572 1571 1573
3 1574 1572 1573
3 1574 1573 1575
3 1576 1575 1577
3 1576 1574 1575
3 1578 1577 1579
3 1578 1576 1577
3 1580 1578 1579
3 1581 1580 1579
3 1582 1580 1581
3 1583 1582 1581
3 1584 1582 1583
3 1585 1584 1583
3 1586 1584 1585
3 1587 1586 1585
3 1588 1586 1587
3 1589 1588 1587
3 1590 1588 1589
3 1591 1590 1589
3 1592 1590 1591
3 1593 1592 1591
3 1594 1592 1593
3 1595 1594 1593
3 1596 1594 1595
3 1597 1596 1595
3 1598 1596 1597
3 1599 1598 1597
3 1600 1598 1599
3 1601 1600 1599
3 1602 1600 1601
3 1603 1602 1601
3 1604 1602 1603
3 1605 1604 1603
3 1606 1604 1605
3 1607 1606 1605
3 1608 1606 1607
3 1609 1608 1607
3 1610 1608 1609
3 1611 1610 1609
3 1612 1610 1611
3 1613 1614 1615
3 1613 1616 1614
3 1617 1614 1616
3 1618 1613 1615
3 1619 1620 1614
3 1619 1614 1617
3 1621 1615 1622
3 1621 1618 1615
3 1623 1620 1619
3 1624 1621 1622
3 1625 1626 1620
3 1625 1620 1623
3 1627 1624 1622
3 1628 1626 1625
3 1629 1622 1630
3 1629 1627 1622
3 1631 1632 1626
3 1631 1626 1628
3 1633 1630 1634
3 1633 1629 1630
3 1635 1636 1632
3 1635 1632 1631
3 1637 1634 1638
3 1637 1633 1634
3 1639 1636 1635
3 1640 1641 1642
3 1640 1643 1641
3 1644 1645 1646
3 1644 1646 1647
3 1648 1641 1643
3 1649 1646 1645
3 1650 1640 1642
3 1651 1644 1647
3 1652 1653 1641
3 1652 1641 1648
3 1654 1646 1649
3 1654 1655 1646
3 1656 1650 1642
3 1657 1651 1647
3 1657 1647 1658
3 1659 1653 1652
3 1659 1660 1653
3 1661 1655 1654
3 1662 1656 1642
3 1662 1642 1663
3 1664 1657 1658
3 1665 1660 1659
3 1666 1655 1661
3 1667 1655 1666
3 1668 1662 1663
3 1669 1658 1670
3 1669 1664 1658
3 1671 1667 1666
3 1672 1668 1663
3 1673 1667 1671
3 1674 1672 1663
3 1675 1672 1674
3 1676 1667 1673
3 1677 1675 1674
3 1678 1667 1676
3 1679 1678 1676
3 1680 1677 1674
3 1681 1678 1679
3 1682 1660 1665
3 1682 1638 1660
3 1682 1665 1683
3 1684 1669 1670
3 1684 1685 1669
3 1686 1682 1683
3 1686 1683 1687
3 1688 1684 1670
3 1688 1670 1636
3 1689 1690 1637
3 1689 1638 1682
3 1689 1637 1638
3 1691 1692 1685
3 1691 1685 1684
3 1693 1694 1680
3 1693 1680 1674
3 1695 1686 1687
3 1695 1687 1696
3 1697 1688 1636
3 1697 1639 1698
3 1697 1636 1639
3 1699 1700 1690
3 1699 1690 1689
3 1701 1702 1703
3 1701 1703 1692
3 1701 1692 1691
3 1704 1695 1696
3 1704 1696 1705
3 1704 1705 1706
3 1707 1697 1698
3 1707 1698 1708
3 1709 1700 1699
3 1709 1710 1700
3 1711 1702 1701
3 1711 1712 1702
3 1713 1681 1714
3 1713 1714 1715
3 1713 1678 1681
3 1716 1704 1706
3 1716 1706 1717
3 1718 1707 1708
3 1718 1708 1719
3 1720 1721 1710
3 1720 1710 1709
3 1722 1712 1711
3 1722 1723 1712
3 1724 1716 1717
3 1724 1717 1725
3 1724 1725 1726
3 1727 1719 1728
3 1727 1718 1719
3 1729 1694 1693
3 1729 1730 1694
3 1731 1721 1720
3 1731 1732 1721
3 1733 1734 1735
3 1733 1735 1723
3 1733 1723 1722
3 1736 1724 1726
3 1736 1726 1737
3 1738 1727 1728
3 1739 1713 1715
3 1740 1741 1734
3 1740 1734 1733
3 1742 1737 1743
3 1742 1736 1737
3 1744 1739 1715
3 1744 1741 1740
3 1744 1715 1741
3 1745 1742 1743
3 1745 1729 1746
3 1745 1730 1729
3 1745 1743 1730
3 1747 1739 1744
3 1748 1739 1747
3 1749 1745 1746
3 1750 1728 1732
3 1750 1738 1728
3 1751 1750 1732
3 1751 1732 1731
3 1751 1731 1752
3 1753 1748 1747
3 1754 1738 1750
3 1754 1755 1738
3 1756 1751 1752
3 1756 1752 1757
3 1758 1755 1754
3 1758 1759 1755
3 1760 1756 1757
3 1760 1757 1761
3 1762 1759 1758
3 1762 1763 1764
3 1762 1764 1759
3 1765 1760 1761
3 1765 1761 1766
3 1765 1766 1767
3 1768 1763 1762
3 1768 1769 1763
3 1770 1765 1767
3 1770 1767 1771
3 1772 1773 1769
3 1772 1769 1768
3 1774 1770 1771
3 1774 1771 1775
3 1776 1773 1772
3 1776 1777 1773
3 1778 1774 1775
3 1778 1775 1779
3 1778 1779 1780
3 1781 1777 1776
3 1781 1782 1783
3 1781 1783 1777
3 1784 1778 1780
3 1784 1780 1785
3 1786 1782 1781
3 1786 1787 1782
3 1788 1789 1790
3 1791 1792 1793
3 1794 1790 1795
3 1794 1788 1790
3 1796 1793 1748
3 1796 1791 1793
3 1797 1749 1746
3 1797 1789 1788
3 1797 1746 1789
3 1798 1792 1791
3 1799 1794 1795
3 1800 1748 1753
3 1800 1796 1748
3 1801 1749 1797
3 1801 1802 1749
3 1803 1804 1792
3 1803 1792 1798
3 1805 1784 1785
3 1805 1785 1806
3 1807 1799 1795
3 1808 1800 1753
3 1808 1753 1809
3 1810 1802 1801
3 1810 1811 1802
3 1812 1804 1803
3 1813 1807 1795
3 1814 1808 1809
3 1814 1809 1815
3 1816 1813 1795
3 1817 1787 1786
3 1817 1818 1787
3 1819 1811 1810
3 1819 1820 1811
3 1821 1804 1812
3 1822 1813 1816
3 1823 1815 1824
3 1823 1814 1815
3 1825 1805 1806
3 1825 1806 1826
3 1827 1820 1819
3 1827 1826 1820
3 1828 1821 1829
3 1828 1804 1821
3 1830 1822 1816
3 1831 1824 1818
3 1831 1823 1824
3 1832 1818 1817
3 1832 1831 1818
3 1833 1826 1827
3 1833 1825 1826
3 1834 1828 1829
3 1835 1831 1832
3 1836 1825 1833
3 1837 1836 1833
3 1838 1828 1834
3 1839 1830 1816
3 1839 1840 1830
3 1841 1840 1839
3 1842 1835 1832
3 1843 1841 1839
3 1844 1838 1845
3 1844 1828 1838
3 1846 1844 1845
3 1847 1848 1843
3 1847 1849 1848
3 1847 1843 1839
3 1850 1844 1846
3 1850 1846 1851
3 1850 1851 1852
3 1850 1852 1853
3 1854 1849 1847
3 1854 1855 1856
3 1854 1856 1849
3 1857 1858 1859
3 1860 1861 1862
3 1863 1862 1864
3 1863 1860 1862
3 1865 1859 1866
3 1865 1857 1859
3 1867 1858 1857
3 1868 1842 1861
3 1868 1861 1860
3 1869 1863 1864
3 1870 1866 1836
3 1870 1836 1837
3 1870 1865 1866
3 1871 1853 1872
3 1871 1850 1853
3 1873 1835 1842
3 1873 1874 1835
3 1873 1842 1868
3 1875 1876 1858
3 1875 1858 1867
3 1877 1864 1878
3 1877 1869 1864
3 1879 1870 1837
3 1879 1837 1880
3 1881 1882 1874
3 1881 1874 1873
3 1883 1876 1875
3 1883 1884 1876
3 1885 1878 1886
3 1885 1877 1878
3 1887 1879 1880
3 1887 1880 1888
3 1889 1855 1854
3 1889 1890 1855
3 1891 1892 1882
3 1891 1882 1881
3 1893 1884 1883
3 1893 1894 1884
3 1895 1886 1896
3 1895 1885 1886
3 1897 1887 1888
3 1897 1888 1898
3 1899 1900 1892
3 1899 1892 1891
3 1901 1902 1894
3 1901 1894 1893
3 1903 1872 1904
3 1903 1871 1872
3 1905 1895 1896
3 1906 1897 1898
3 1906 1898 1907
3 1908 1902 1901
3 1909 1900 1899
3 1909 1904 1900
3 1910 1890 1889
3 1910 1906 1907
3 1910 1907 1890
3 1911 1906 1910
3 1912 1896 1913
3 1912 1905 1896
3 1914 1915 1902
3 1914 1902 1908
3 1916 1909 1917
3 1916 1903 1904
3 1916 1904 1909
3 1918 1913 1919
3 1918 1912 1913
3 1920 1915 1914
3 1920 1921 1915
3 1922 1918 1919
3 1922 1919 1923
3 1924 1925 1911
3 1924 1911 1910
3 1926 1927 1921
3 1926 1921 1920
3 1928 1922 1923
3 1929 1916 1917
3 1930 1931 1932
3 1933 1934 1935
3 1936 1932 1925
3 1936 1930 1932
3 1937 1935 1938
3 1937 1933 1935
3 1939 1917 1934
3 1939 1934 1933
3 1940 1931 1930
3 1941 1925 1924
3 1941 1924 1942
3 1941 1936 1925
3 1943 1937 1938
3 1944 1929 1917
3 1944 1917 1939
3 1945 1946 1931
3 1945 1931 1940
3 1947 1941 1942
3 1948 1943 1938
3 1948 1938 1949
3 1950 1946 1945
3 1950 1951 1946
3 1952 1929 1944
3 1952 1953 1929
3 1954 1948 1949
3 1954 1949 1955
3 1956 1947 1942
3 1957 1953 1952
3 1958 1951 1950
3 1958 1959 1951
3 1960 1954 1955
3 1961 1962 1956
3 1961 1956 1942
3 1963 1959 1958
3 1964 1962 1961
3 1965 1955 1966
3 1965 1960 1955
3 1967 1959 1963
3 1967 1968 1959
3 1969 1957 1970
3 1969 1970 1971
3 1969 1953 1957
3 1972 1966 1973
3 1972 1965 1966
3 1974 1968 1967
3 1974 1975 1968
3 1976 1969 1971
3 1977 1973 1978
3 1977 1972 1973
3 1979 1975 1974
3 1980 1981 1982
3 1980 1982 1964
3 1980 1964 1961
3 1983 1981 1980
3 1984 1977 1978
3 1985 1976 1986
3 1985 1986 1987
3 1985 1987 1988
3 1985 1969 1976
3 1989 1983 1980
3 1989 1990 1983
3 1989 1991 1990
3 1992 1988 1993
3 1992 1993 1994
3 1992 1985 1988
3 1995 1928 1923
3 1995 1923 1927
3 1996 1995 1927
3 1996 1927 1926
3 1996 1926 1997
3 1998 1999 1928
3 1998 1928 1995
3 2000 1991 1989
3 2000 2001 2002
3 2000 2002 2003
3 2000 2003 1991
3 2004 1996 1997
3 2004 1997 2005
3 2006 2007 1999
3 2006 1999 1998
3 2008 2004 2005
3 2008 2005 2009
3 2010 2011 2007
3 2010 2007 2006
3 2012 1992 1994
3 2012 1994 2013
3 2012 2013 2014
3 2012 2014 2015
3 2016 2008 2009
3 2016 2009 2017
3 2018 2019 2011
3 2018 2011 2010
3 2020 2001 2000
3 2020 2021 2022
3 2020 2022 2001
3 2023 2016 2017
3 2024 2019 2018
3 2025 2015 2026
3 2025 2012 2015
3 2027 1979 2028
3 2027 2028 2021
3 2027 2021 2020
3 2029 2026 1984
3 2029 2025 2026
3 2029 1984 1978
3 2030 1979 2027
3 2030 1975 1979
3 2030 2031 1975
3 2032 1978 2019
3 2032 2019 2024
3 2032 2029 1978
3 2033 2034 2023
3 2033 2023 2017
3 2033 2031 2030
3 2033 2017 2031
3 2035 2024 2036
3 2035 2032 2024
3 2037 2034 2033
3 2037 2038 2034
3 2039 2036 2040
3 2039 2035 2036
3 2041 2038 2037
3 2041 2042 2043
3 2041 2043 2038
3 2044 2040 2045
3 2044 2045 2046
3 2044 2046 2047
3 2044 2039 2040
3 2048 2042 2041
3 2048 2049 2050
3 2048 2050 2042
3 2051 2047 2052
3 2051 2052 2053
3 2051 2044 2047
3 2054 2051 2053
3 2054 2049 2048
3 2054 2053 2055
3 2054 2055 2056
3 2054 2056 2049
3 2057 2058 2059
3 2057 2060 2058
3 2061 2062 2060
3 2061 2060 2057
3 2063 2064 2062
3 2063 2062 2061
3 2065 2066 2064
3 2065 2064 2063
3 2067 2068 2066
3 2067 2066 2065
3 2069 2070 2068
3 2069 2068 2067
3 2071 2072 2070
3 2071 2070 2069
3 2073 2074 2072
3 2073 2072 2071
3 2075 2076 2074
3 2075 2074 2073
3 2077 2078 2076
3 2077 2076 2075
3 2079 2080 2078
3 2079 2078 2077
3 2081 2082 2080
3 2081 2080 2079
3 2083 2084 2082
3 2083 2082 2081
3 2085 2084 2083
3 2085 2086 2084
3 2087 2086 2085
3 2087 2088 2086
3 2089 2088 2087
3 2089 2090 2088
3 2091 2090 2089
3 2091 2092 2090
3 2093 2092 2091
3 2093 2094 2092
3 2095 2094 2093
3 2095 2096 2094
3 2097 2098 2096
3 2097 2096 2095
3 2099 2098 2097
3 2100 2099 2097
3 2101 2102 2103
3 2104 2101 2103
3 2105 2106 2101
3 2105 2101 2104
3 2107 2108 2106
3 2107 2106 2105
3 2109 2110 2108
3 2109 2108 2107
3 2111 2112 2110
3 2111 2110 2109
3 2113 2114 2112
3 2113 2112 2111
3 2115 2116 2114
3 2115 2114 2113
3 2117 2118 2116
3 2117 2116 2115
3 2119 2120 2118
3 2119 2118 2117
3 2121 2122 2120
3 2121 2120 2119
3 2123 2124 2122
3 2123 2122 2121
3 2125 2126 2124
3 2125 2124 2123
3 2127 2128 2126
3 2127 2126 2125
3 2129 2128 2127
3 2129 2130 2128
3 2131 2130 2129
3 2131 2132 2130
3 2133 2132 2131
3 2133 2134 2132
3 2135 2134 2133
3 2135 2136 2134
3 2137 2136 2135
3 2137 2138 2136
3 2139 2138 2137
3 2139 2140 2138
3 2141 2142 2140
3 2141 2140 2139
3 2143 2144 2142
3 2143 2142 2141
3 2145 2146 2147
3 2145 2148 2146
3 2149 2150 2148
3 2149 2148 2145
3 2151 2152 2150
3 2151 2150 2149
3 2153 2154 2152
3 2153 2152 2151
3 2155 2156 2154
3 2155 2154 2153
3 2157 2158 2156
3 2157 2156 2155
3 2159 2160 2158
3 2159 2158 2157
3 2161 2162 2160
3 2161 2160 2159
3 2163 2164 2162
3 2163 2162 2161
3 2165 2166 2164
3 2165 2164 2163
3 2167 2168 2166
3 2167 2166 2165
3 2169 2170 2168
3 2169 2168 2167
3 2171 2172 2170
3 2171 2170 2169
3 2173 2172 2171
3 2173 2174 2172
3 2175 2174 2173
3 2175 2176 2174
3 2177 2176 2175
3 2177 2178 2176
3 2179 2178 2177
3 2179 2180 2178
3 2181 2180 2179
3 2181 2182 2180
3 2183 2182 2181
3 2183 2184 2182
3 2185 2184 2183
3 2185 2186 2184
3 2185 2187 2186
3 2188 2187 2185
3 2189 2190 2191
3 2192 2190 2189
3 2193 2194 2190
3 2193 2190 2192
3 2195 2196 2194
3 2195 2194 2193
3 2197 2198 2196
3 2197 2196 2195
3 2199 2200 2198
3 2199 2198 2197
3 2201 2202 2200
3 2201 2200 2199
3 2203 2204 2202
3 2203 2202 2201
3 2205 2206 2204
3 2205 2204 2203
3 2207 2208 2206
3 2207 2206 2205
3 2209 2210 2208
3 2209 2208 2207
3 2211 2212 2210
3 2211 2210 2209
3 2213 2214 2212
3 2213 2212 2211
3 2215 2216 2214
3 2215 2214 2213
3 2217 2216 2215
3 2217 2218 2216
3 2219 2218 2217
3 2219 2220 2218
3 2221 2220 2219
3 2221 2222 2220
3 2223 2222 2221
3 2223 2224 2222
3 2225 2224 2223
3 2225 2226 2224
3 2227 2226 2225
3 2227 2228 2226
3 2229 2228 2227
3 2229 2230 2228
3 2231 2230 2229
3 2231 2232 2230
3 2233 2234 2235
3 2233 2235 2236
3 2233 2236 2237
3 2233 2237 2238
3 2233 2238 2239
3 2233 2239 2240
3 2233 2240 2241
3 2233 2241 2242
3 2233 2242 2243
3 2233 2243 2244
3 2233 2244 2245
3 2233 2245 2246
3 2233 2246 2247
3 2233 2247 2248
3 2233 2248 2249
3 2233 2249 2250
3 2233 2250 2251
3 2233 2251 2252
3 2233 2252 2253
3 2233 2253 2254
3 2233 2254 2255
3 2233 2255 2256
3 2233 2256 2257
3 2233 2257 2258
3 2233 2258 2259
3 2233 2260 2261
3 2233 2261 2262
3 2233 2262 2263
3 2233 2263 2264
3 2233 2264 2265
3 2233 2265 2266
3 2233 2266 2267
3 2233 2267 2268
3 2233 2268 2269
3 2233 2269 2270
3 2233 2270 2271
3 2233 2271 2272
3 2233 2272 2273
3 2233 2273 2274
3 2233 2274 2234
3 2275 2276 2277
3 2275 2277 2278
3 2275 2278 2279
3 2275 2279 2280
3 2275 2280 2281
3 2275 2281 2282
3 2275 2282 2283
3 2275 2283 2284
3 2275 2284 2285
3 2275 2285 2286
3 2275 2286 2287
3 2275 2287 2288
3 2275 2288 2289
3 2275 2289 2290
3 2275 2290 2291
3 2275 2292 2293
3 2275 2293 2294
3 2275 2294 2295
3 2275 2295 2296
3 2275 2296 2297
3 2275 2297 2298
3 2275 2298 2299
3 2275 2299 2300
3 2275 2300 2276
3 2301 2302 2303
3 2301 2303 2304
3 2301 2304 2305
3 2301 2305 2306
3 2301 2306 2307
3 2301 2307 2308
3 2301 2308 2309
3 2301 2309 2310
3 2301 2310 2311
3 2301 2311 2312
3 2301 2312 2313
3 2301 2313 2314
3 2301 2314 2315
3 2301 2315 2316
3 2301 2316 2317
3 2301 2318 2319
3 2301 2319 2320
3 2301 2320 2321
3 2301 2321 2322
3 2301 2322 2323
3 2301 2323 2324
3 2301 2324 2325
3 2301 2325 2326
3 2301 2326 2302
3 2327 2328 2329
3 2327 2329 2330
3 2327 2330 2331
3 2327 2331 2332
3 2327 2332 2333
3 2327 2333 2334
3 2327 2334 2335
3 2327 2335 2336
3 2327 2336 2337
3 2327 2337 2338
3 2327 2338 2339
3 2327 2339 2340
3 2327 2340 2341
3 2327 2341 2342
3 2327 2342 2343
3 2327 2344 2345
3 2327 2345 2346
3 2327 2346 2347
3 2327 2347 2348
3 2327 2348 2349
3 2327 2349 2350
3 2327 2350 2351
3 2327 2351 2352
3 2327 2352 2328
3 2353 2354 2355
3 2353 2355 2356
3 2353 2356 2357
3 2353 2357 2358
3 2353 2358 2359
3 2353 2359 2360
3 2353 2360 2361
3 2353 2361 2362
3 2353 2362 2363
3 2353 2363 2364
3 2353 2364 2365
3 2353 2365 2366
3 2353 2366 2367
3 2353 2367 2368
3 2353 2368 2369
3 2353 2370 2371
3 2353 2371 2372
3 2353 2372 2373
3 2353 2373 2374
3 2353 2374 2375
3 2353 2375 2376
3 2353 2376 2377
3 2353 2377 2378
3 2353 2378 2354
3 2379 2380 2381
3 2379 2381 2382
3 2379 2382 2383
3 2379 2383 2384
3 2379 2384 2385
3 2379 2385 2386
3 2379 2386 2387
3 2379 2387 2388
3 2379 2388 2389
3 2379 2389 2390
3 2379 2390 2391
3 2379 2391 2392
3 2379 2392 2393
3 2379 2393 2394
3 2379 2394 2395
3 2379 2396 2397
3 2379 2397 2398
3 2379 2398 2399
3 2379 2399 2400
3 2379 2400 2401
3 2379 2401 2402
3 2379 2402 2403
3 2379 2403 2404
3 2379 2404 2380
3 2405 2406 2407
3 2405 2407 2408
3 2405 2408 2409
3 2405 2409 2410
3 2405 2410 2411
3 2405 2411 2412
3 2405 2412 2413
3 2405 2413 2414
3 2405 2414 2415
3 2405 2415 2416
3 2405 2416 2417
3 2405 2417 2418
3 2405 2418 2419
3 2405 2419 2420
3 2405 2420 2421
3 2405 2422 2423
3 2405 2423 2424
3 2405 2424 2425
3 2405 2425 2426
3 2405 2426 2427
3 2405 2427 2428
3 2405 2428 2429
3 2405 2429 2430
3 2405 2430 2406
3 2431 2432 2433
3 2431 2433 2434
3 2431 2434 2435
3 2431 2435 2436
3 2431 2436 2437
3 2431 2437 2438
3 2431 2438 2439
3 2431 2439 2440
3 2431 2440 2441
3 2431 2441 2442
3 2431 2442 2443
3 2431 2443 2444
3 2431 2444 2445
3 2431 2445 2446
3 2431 2446 2447
3 2431 2448 2449
3 2431 2449 2450
3 2431 2450 2451
3 2431 2451 2452
3 2431 2452 2453
3 2431 2453 2454
3 2431 2454 2455
3 2431 2455 2456
3 2431 2456 2432
3 2457 2458 2459
3 2457 2459 2460
3 2457 2460 2461
3 2457 2461 2462
3 2457 2462 2463
3 2457 2463 2464
3 2457 2464 2465
3 2457 2465 2466
3 2457 2466 2467
3 2457 2467 2468
3 2457 2468 2469
3 2457 2469 2470
3 2457 2470 2471
3 2457 2471 2472
3 2457 2472 2473
3 2457 2474 2475
3 2457 2475 2476
3 2457 2476 2477
3 2457 2477 2478
3 2457 2478 2479
3 2457 2479 2480
3 2457 2480 2481
3 2457 2481 2482
3 2457 2482 2458
3 2483 2484 2485
3 2483 2486 2484
3 2487 2488 2486
3 2487 2486 2483
3 2489 2490 2488
3 2489 2488 2487
3 2491 2492 2490
3 2491 2490 2489
3 2493 2494 2492
3 2493 2492 2491
3 2495 2496 2494
3 2495 2494 2493
3 2497 2498 2496
3 2497 2496 2495
3 2499 2500 2498
3 2499 2498 2497
3 2501 2502 2500
3 2501 2500 2499
3 2503 2504 2502
3 2503 2502 2501
3 2505 2506 2504
3 2505 2504 2503
3 2507 2508 2506
3 2507 2506 2505
3 2509 2510 2508
3 2509 2508 2507
3 2511 2512 2513
3 2511 2514 2512
3 2515 2516 2514
3 2515 2514 2511
3 2517 2518 2516
3 2517 2516 2515
3 2519 2520 2518
3 2519 2518 2517
3 2521 2522 2520
3 2521 2520 2519
3 2523 2524 2522
3 2523 2522 2521
3 2525 2526 2524
3 2525 2524 2523
3 2527 2528 2526
3 2527 2526 2525
3 2529 2530 2528
3 2529 2528 2527
3 2531 2532 2530
3 2531 2530 2529
3 2533 2534 2532
3 2533 2532 2531
3 2535 2536 2534
3 2535 2534 2533
3 2537 2538 2536
3 2537 2536 2535
3 2539 2540 2541
3 2539 2542 2540
3 2543 2544 2542
3 2543 2542 2539
3 2545 2546 2544
3 2545 2544 2543
3 2547 2548 2546
3 2547 2546 2545
3 2549 2550 2548
3 2549 2548 2547
3 2551 2552 2550
3 2551 2550 2549
3 2553 2554 2552
3 2553 2552 2551
3 2555 2556 2554
3 2555 2554 2553
3 2557 2558 2556
3 2557 2556 2555
3 2559 2560 2558
3 2559 2558 2557
3 2561 2562 2560
3 2561 2560 2559
3 2563 2564 2562
3 2563 2562 2561
3 2565 2566 2564
3 2565 2564 2563
3 2567 2568 2569
3 2567 2570 2568
3 2571 2572 2570
3 2571 2570 2567
3 2573 2574 2572
3 2573 2572 2571
3 2575 2576 2574
3 2575 2574 2573
3 2577 2578 2576
3 2577 2576 2575
3 2579 2580 2578
3 2579 2578 2577
3 2581 2582 2580
3 2581 2580 2579
3 2583 2584 2582
3 2583 2582 2581
3 2585 2586 2584
3 2585 2584 2583
3 2587 2588 2586
3 2587 2586 2585
3 2589 2590 2588
3 2589 2588 2587
3 2591 2592 2590
3 2591 2590 2589
3 2593 2594 2592
3 2593 2592 2591
3 2595 2596 2597
3 2595 2598 2596
3 2599 2600 2598
3 2599 2598 2595
3 2601 2602 2600
3 2601 2600 2599
3 2603 2604 2602
3 2603 2602 2601
3 2605 2606 2604
3 2605 2604 2603
3 2607 2608 2606
3 2607 2606 2605
3 2609 2610 2608
3 2609 2608 2607
3 2611 2612 2610
3 2611 2610 2609
3 2613 2614 2612
3 2613 2612 2611
3 2615 2616 2614
3 2615 2614 2613
3 2617 2618 2616
3 2617 2616 2615
3 2619 2620 2618
3 2619 2618 2617
3 2621 2622 2620
3 2621 2620 2619
3 2623 2624 2625
3 2623 2626 2624
3 2627 2628 2626
3 2627 2626 2623
3 2629 2630 2628
3 2629 2628 2627
3 2631 2632 2630
3 2631 2630 2629
3 2633 2634 2632
3 2633 2632 2631
3 2635 2636 2634
3 2635 2634 2633
3 2637 2638 2636
3 2637 2636 2635
3 2639 2640 2638
3 2639 2638 2637
3 2641 2642 2640
3 2641 2640 2639
3 2643 2644 2642
3 2643 2642 2641
3 2645 2646 2644
3 2645 2644 2643
3 2647 2648 2646
3 2647 2646 2645
3 2649 2650 2648
3 2649 2648 2647
3 2651 2652 2653
3 2651 2654 2652
3 2655 2656 2654
3 2655 2654 2651
3 2657 2658 2656
3 2657 2656 2655
3 2659 2660 2658
3 2659 2658 2657
3 2661 2662 2660
3 2661 2660 2659
3 2663 2664 2662
3 2663 2662 2661
3 2665 2666 2664
3 2665 2664 2663
3 2667 2668 2666
3 2667 2666 2665
3 2669 2670 2668
3 2669 2668 2667
3 2671 2672 2670
3 2671 2670 2669
3 2673 2674 2672
3 2673 2672 2671
3 2675 2676 2674
3 2675 2674 2673
3 2677 2678 2676
3 2677 2676 2675
3 2679 2680 2681
3 2679 2682 2680
3 2683 2684 2682
3 2683 2682 2679
3 2685 2686 2684
3 2685 2684 2683
3 2687 2688 2686
3 2687 2686 2685
3 2689 2690 2688
3 2689 2688 2687
3 2691 2692 2690
3 2691 2690 2689
3 2693 2694 2692
3 2693 2692 2691
3 2695 2696 2694
3 2695 2694 2693
3 2697 2698 2696
3 2697 2696 2695
3 2699 2700 2698
3 2699 2698 2697
3 2701 2702 2700
3 2701 2700 2699
3 2703 2704 2702
3 2703 2702 2701
3 2705 2706 2704
3 2705 2704 2703
3 2707 2708 2709
3 2707 2710 2708
3 2711 2712 2710
3 2711 2710 2707
3 2713 2714 2712
3 2713 2712 2711
3 2715 2716 2714
3 2715 2714 2713
3 2717 2718 2716
3 2717 2716 2715
3 2719 2720 2718
3 2719 2718 2717
3 2721 2722 2720
3 2721 2720 2719
3 2723 2724 2722
3 2723 2722 2721
3 2725 2726 2724
3 2725 2724 2723
3 2727 2728 2726
3 2727 2726 2725
3 2729 2730 2728
3 2729 2728 2727
3 2731 2732 2730
3 2731 2730 2729
3 2733 2734 2732
3 2733 2732 2731
3 2735 2736 2737
3 2735 2738 2736
3 2739 2740 2738
3 2739 2738 2735
3 2741 2742 2740
3 2741 2740 2739
3 2743 2744 2742
3 2743 2742 2741
3 2745 2746 2744
3 2745 2744 2743
3 2747 2748 2746
3 2747 2746 2745
3 2749 2750 2748
3 2749 2748 2747
3 2751 2752 2750
3 2751 2750 2749
3 2753 2754 2752
3 2753 2752 2751
3 2755 2756 2754
3 2755 2754 2753
3 2757 2758 2756
3 2757 2756 2755
3 2759 2760 2758
3 2759 2758 2757
3 2761 2762 2760
3 2761 2760 2759
3 2763 2764 2765
3 2763 2766 2764
3 2767 2768 2766
3 2767 2766 2763
3 2769 2770 2768
3 2769 2768 2767
3 2771 2772 2770
3 2771 2770 2769
3 2773 2774 2772
3 2773 2772 2771
3 2775 2776 2774
3 2775 2774 2773
3 2777 2778 2776
3 2777 2776 2775
3 2779 2780 2778
3 2779 2778 2777
3 2781 2782 2780
3 2781 2780 2779
3 2783 2784 2782
3 2783 2782 2781
3 2785 2786 2784
3 2785 2784 2783
3 2787 2788 2786
3 2787 2786 2785
3 2789 2790 2788
3 2789 2788 2787
3 2791 2792 2793
3 2791 2794 2792
3 2795 2796 2794
3 2795 2794 2791
3 2797 2798 2796
3 2797 2796 2795
3 2799 2800 2798
3 2799 2798 2797
3 2801 2802 2800
3 2801 2800 2799
3 2803 2804 2802
3 2803 2802 2801
3 2805 2806 2804
3 2805 2804 2803
3 2807 2808 2806
3 2807 2806 2805
3 2809 2810 2808
3 2809 2808 2807
3 2811 2812 2810
3 2811 2810 2809
3 2813 2814 2812
3 2813 2812 2811
3 2815 2816 2814
3 2815 2814 2813
3 2817 2818 2816
3 2817 2816 2815
3 2819 2820 2821
3 2819 2822 2820
3 2823 2824 2822
3 2823 2822 2819
3 2825 2826 2824
3 2825 2824 2823
3 2827 2828 2826
3 2827 2826 2825
3 2829 2830 2828
3 2829 2828 2827
3 2831 2832 2830
3 2831 2830 2829
3 2833 2834 2832
3 2833 2832 2831
3 2835 2836 2834
3 2835 2834 2833
3 2837 2838 2836
3 2837 2836 2835
3 2839 2840 2838
3 2839 2838 2837
3 2841 2842 2840
3 2841 2840 2839
3 2843 2844 2842
3 2843 2842 2841
3 2845 2846 2844
3 2845 2844 2843
3 2847 2848 2849
3 2847 2850 2848
3 2851 2852 2850
3 2851 2850 2847
3 2853 2854 2852
3 2853 2852 2851
3 2855 2856 2854
3 2855 2854 2853
3 2857 2858 2856
3 2857 2856 2855
3 2859 2860 2858
3 2859 2858 2857
3 2861 2862 2860
3 2861 2860 2859
3 2863 2864 2862
3 2863 2862 2861
3 2865 2866 2864
3 2865 2864 2863
3 2867 2868 2866
3 2867 2866 2865
3 2869 2870 2868
3 2869 2868 2867
3 2871 2872 2870
3 2871 2870 2869
3 2873 2874 2872
3 2873 2872 2871
3 2875 2876 2877
3 2875 2878 2876
3 2879 2880 2878
3 2879 2878 2875
3 2881 2882 2880
3 2881 2880 2879
3 2883 2884 2882
3 2883 2882 2881
3 2885 2886 2884
3 2885 2884 2883
3 2887 2888 2886
3 2887 2886 2885
3 2889 2890 2888
3 2889 2888 2887
3 2891 2892 2890
3 2891 2890 2889
3 2893 2894 2892
3 2893 2892 2891
3 2895 2896 2894
3 2895 2894 2893
3 2897 2898 2896
3 2897 2896 2895
3 2899 2900 2898
3 2899 2898 2897
3 2901 2902 2900
3 2901 2900 2899
3 2903 2904 2905
3 2903 2906 2904
3 2907 2908 2906
3 2907 2906 2903
3 2909 2910 2908
3 2909 2908 2907
3 2911 2912 2910
3 2911 2910 2909
3 2913 2914 2912
3 2913 2912 2911
3 2915 2916 2914
3 2915 2914 2913
3 2917 2918 2916
3 2917 2916 2915
3 2919 2920 2918
3 2919 2918 2917
3 2921 2922 2920
3 2921 2920 2919
3 2923 2924 2922
3 2923 2922 2921
3 2925 2926 2924
3 2925 2924 2923
3 2927 2928 2926
3 2927 2926 2925
3 2929 2930 2928
3 2929 2928 2927
3 2931 2932 2933
3 2931 2934 2932
3 2935 2936 2934
3 2935 2934 2931
3 2937 2938 2936
3 2937 2936 2935
3 2939 2940 2938
3 2939 2938 2937
3 2941 2942 2940
3 2941 2940 2939
3 2943 2944 2942
3 2943 2942 2941
3 2945 2946 2944
3 2945 2944 2943
3 2947 2948 2946
3 2947 2946 2945
3 2949 2950 2948
3 2949 2948 2947
3 2951 2952 2950
3 2951 2950 2949
3 2953 2954 2952
3 2953 2952 2951
3 2955 2956 2954
3 2955 2954 2953
3 2957 2958 2956
3 2957 2956 2955
3 2959 2960 2961
3 2959 2962 2960
3 2963 2964 2962
3 2963 2962 2959
3 2965 2966 2964
3 2965 2964 2963
3 2967 2968 2966
3 2967 2966 2965
3 2969 2970 2968
3 2969 2968 2967
3 2971 2972 2970
3 2971 2970 2969
3 2973 2974 2972
3 2973 2972 2971
3 2975 2976 2974
3 2975 2974 2973
3 2977 2978 2976
3 2977 2976 2975
3 2979 2980 2978
3 2979 2978 2977
3 2981 2982 2980
3 2981 2980 2979
3 2983 2984 2982
3 2983 2982 2981
3 2985 2986 2984
3 2985 2984 2983
3 2987 2988 2989
3 2987 2990 2988
3 2991 2992 2990
3 2991 2990 2987
3 2993 2994 2992
3 2993 2992 2991
3 2995 2996 2994
3 2995 2994 2993
3 2997 2998 2996
3 2997 2996 2995
3 2999 3000 2998
3 2999 2998 2997
3 3001 3002 3000
3 3001 3000 2999
3 3003 3004 3002
3 3003 3002 3001
3 3005 3006 3004
3 3005 3004 3003
3 3007 3008 3006
3 3007 3006 3005
3 3009 3010 3008
3 3009 3008 3007
3 3011 3012 3010
3 3011 3010 3009
3 3013 3014 3012
3 3013 3012 3011
3 3015 3016 3017
3 3015 3018 3016
3 3019 3020 3018
3 3019 3018 3015
3 3021 3022 3020
3 3021 3020 3019
3 3023 3024 3022
3 3023 3022 3021
3 3025 3026 3024
3 3025 3024 3023
3 3027 3028 3026
3 3027 3026 3025
3 3029 3030 3028
3 3029 3028 3027
3 3031 3032 3030
3 3031 3030 3029
3 3033 3034 3032
3 3033 3032 3031
3 3035 3036 3034
3 3035 3034 3033
3 3037 3038 3036
3 3037 3036 3035
3 3039 3040 3038
3 3039 3038 3037
3 3041 3042 3040
3 3041 3040 3039
3 3043 3044 3045
3 3043 3046 3044
3 3047 3048 3046
3 3047 3046 3043
3 3049 3050 3048
3 3049 3048 3047
3 3051 3052 3050
3 3051 3050 3049
3 3053 3054 3052
3 3053 3052 3051
3 3055 3056 3054
3 3055 3054 3053
3 3057 3058 3056
3 3057 3056 3055
3 3059 3060 3058
3 3059 3058 3057
3 3061 3062 3060
3 3061 3060 3059
3 3063 3064 3062
3 3063 3062 3061
3 3065 3066 3064
3 3065 3064 3063
3 3067 3068 3066
3 3067 3066 3065
3 3069 3070 3068
3 3069 3068 3067
3 3071 3072 3073
3 3071 3074 3072
3 3075 3076 3074
3 3075 3074 3071
3 3077 3078 3076
3 3077 3076 3075
3 3079 3080 3078
3 3079 3078 3077
3 3081 3082 3080
3 3081 3080 3079
3 3083 3084 3082
3 3083 3082 3081
3 3085 3086 3084
3 3085 3084 3083
3 3087 3088 3086
3 3087 3086 3085
3 3089 3090 3088
3 3089 3088 3087
3 3091 3092 3090
3 3091 3090 3089
3 3093 3094 3092
3 3093 3092 3091
3 3095 3096 3094
3 3095 3094 3093
3 3097 3098 3096
3 3097 3096 3095
3 3099 3100 3101
3 3099 3102 3100
3 3103 3104 3102
3 3103 3102 3099
3 3105 3106 3104
3 3105 3104 3103
3 3107 3108 3106
3 3107 3106 3105
3 3109 3110 3108
3 3109 3108 3107
3 3111 3112 3110
3 3111 3110 3109
3 3113 3114 3112
3 3113 3112 3111
3 3115 3116 3114
3 3115 3114 3113
3 3117 3118 3116
3 3117 3116 3115
3 3119 3120 3118
3 3119 3118 3117
3 3121 3122 3120
3 3121 3120 3119
3 3123 3124 3122
3 3123 3122 3121
3 3125 3126 3124
3 3125 3124 3123
3 3127 3128 3129
3 3127 3130 3128
3 3131 3132 3130
3 3131 3130 3127
3 3133 3134 3132
3 3133 3132 3131
3 3135 3136 3134
3 3135 3134 3133
3 3137 3138 3136
3 3137 3136 3135
3 3139 3140 3138
3 3139 3138 3137
3 3141 3142 3140
3 3141 3140 3139
3 3143 3144 3142
3 3143 3142 3141
3 3145 3146 3144
3 3145 3144 3143
3 3147 3148 3146
3 3147 3146 3145
3 3149 3150 3148
3 3149 3148 3147
3 3151 3152 3150
3 3151 3150 3149
3 3153 3154 3152
3 3153 3152 3151
3 3155 3156 3157
3 3155 3158 3156
3 3159 3160 3158
3 3159 3158 3155
3 3161 3162 3160
3 3161 3160 3159
3 3163 3164 3162
3 3163 3162 3161
3 3165 3166 3164
3 3165 3164 3163
3 3167 3168 3166
3 3167 3166 3165
3 3169 3170 3168
3 3169 3168 3167
3 3171 3172 3170
3 3171 3170 3169
3 3173 3174 3172
3 3173 3172 3171
3 3175 3176 3174
3 3175 3174 3173
3 3177 3178 3176
3 3177 3176 3175
3 3179 3180 3178
3 3179 3178 3177
3 3181 3182 3180
3 3181 3180 3179
3 3183 3184 3185
3 3183 3186 3184
3 3187 3188 3186
3 3187 3186 3183
3 3189 3190 3188
3 3189 3188 3187
3 3191 3192 3190
3 3191 3190 3189
3 3193 3194 3192
3 3193 3192 3191
3 3195 3196 3194
3 3195 3194 3193
3 3197 3198 3196
3 3197 3196 3195
3 3199 3200 3198
3 3199 3198 3197
3 3201 3202 3200
3 3201 3200 3199
3 3203 3204 3202
3 3203 3202 3201
3 3205 3206 3204
3 3205 3204 3203
3 3207 3208 3206
3 3207 3206 3205
3 3209 3210 3208
3 3209 3208 3207
3 3211 3212 3213
3 3211 3214 3212
3 3215 3216 3214
3 3215 3214 3211
3 3217 3218 3216
3 3217 3216 3215
3 3219 3220 3218
3 3219 3218 3217
3 3221 3222 3220
3 3221 3220 3219
3 3223 3224 3222
3 3223 3222 3221
3 3225 3226 3224
3 3225 3224 3223
3 3227 3228 3226
3 3227 3226 3225
3 3229 3230 3228
3 3229 3228 3227
3 3231 3232 3230
3 3231 3230 3229
3 3233 3234 3232
3 3233 3232 3231
3 3235 3236 3234
3 3235 3234 3233
3 3237 3238 3236
3 3237 3236 3235
3 3239 3240 3241
3 3239 3242 3240
3 3243 3244 3242
3 3243 3242 3239
3 3245 3246 3244
3 3245 3244 3243
3 3247 3248 3246
3 3247 3246 3245
3 3249 3250 3248
3 3249 3248 3247
3 3251 3252 3250
3 3251 3250 3249
3 3253 3254 3252
3 3253 3252 3251
3 3255 3256 3254
3 3255 3254 3253
3 3257 3258 3256
3 3257 3256 3255
3 3259 3260 3258
3 3259 3258 3257
3 3261 3262 3260
3 3261 3260 3259
3 3263 3264 3262
3 3263 3262 3261
3 3265 3266 3264
3 3265 3264 3263
3 3267 3268 3269
3 3267 3270 3268
3 3271 3272 3270
3 3271 3270 3267
3 3273 3274 3272
3 3273 3272 3271
3 3275 3276 3274
3 3275 3274 3273
3 3277 3278 3276
3 3277 3276 3275
3 3279 3280 3278
3 3279 3278 3277
3 3281 3282 3280
3 3281 3280 3279
3 3283 3284 3282
3 3283 3282 3281
3 3285 3286 3284
3 3285 3284 3283
3 3287 3288 3286
3 3287 3286 3285
3 3289 3290 3288
3 3289 3288 3287
3 3291 3292 3290
3 3291 3290 3289
3 3293 3294 3292
3 3293 3292 3291
3 3295 3296 3297
3 3295 3298 3296
3 3299 3300 3298
3 3299 3298 3295
3 3301 3302 3300
3 3301 3300 3299
3 3303 3304 3302
3 3303 3302 3301
3 3305 3306 3304
3 3305 3304 3303
3 3307 3308 3306
3 3307 3306 3305
3 3309 3310 3308
3 3309 3308 3307
3 3311 3312 3310
3 3311 3310 3309
3 3313 3314 3312
3 3313 3312 3311
3 3315 3316 3314
3 3315 3314 3313
3 3317 3318 3316
3 3317 3316 3315
3 3319 3320 3318
3 3319 3318 3317
3 3321 3322 3320
3 3321 3320 3319
3 3323 3324 3325
3 3323 3326 3324
3 3327 3328 3326
3 3327 3326 3323
3 3329 3330 3328
3 3329 3328 3327
3 3331 3332 3330
3 3331 3330 3329
3 3333 3334 3332
3 3333 3332 3331
3 3335 3336 3334
3 3335 3334 3333
3 3337 3338 3336
3 3337 3336 3335
3 3339 3340 3338
3 3339 3338 3337
3 3341 3342 3340
3 3341 3340 3339
3 3343 3344 3342
3 3343 3342 3341
3 3345 3346 3344
3 3345 3344 3343
3 3347 3348 3346
3 3347 3346 3345
3 3349 3350 3348
3 3349 3348 3347
3 3351 3352 3353
3 3351 3354 3352
3 3355 3356 3354
3 3355 3354 3351
3 3357 3358 3356
3 3357 3356 3355
3 3359 3360 3358
3 3359 3358 3357
3 3361 3362 3360
3 3361 3360 3359
3 3363 3364 3362
3 3363 3362 3361
3 3365 3366 3364
3 3365 3364 3363
3 3367 3368 3366
3 3367 3366 3365
3 3369 3370 3368
3 3369 3368 3367
3 3371 3372 3370
3 3371 3370 3369
3 3373 3374 3372
3 3373 3372 3371
3 3375 3376 3374
3 3375 3374 3373
3 3377 3378 3376
3 3377 3376 3375
3 3379 3380 3381
3 3379 3382 3380
3 3383 3384 3382
3 3383 3382 3379
3 3385 3386 3384
3 3385 3384 3383
3 3387 3388 3386
3 3387 3386 3385
3 3389 3390 3388
3 3389 3388 3387
3 3391 3392 3390
3 3391 3390 3389
3 3393 3394 3392
3 3393 3392 3391
3 3395 3396 3394
3 3395 3394 3393
3 3397 3398 3396
3 3397 3396 3395
3 3399 3400 3398
3 3399 3398 3397
3 3401 3402 3400
3 3401 3400 3399
3 3403 3404 3402
3 3403 3402 3401
3 3405 3406 3404
3 3405 3404 3403
3 3407 3408 3406
3 3407 3406 3405
3 3409 3410 3408
3 3409 3408 3407
3 3411 3412 3413
3 3411 3414 3412
3 3415 3416 3414
3 3415 3414 3411
3 3417 3418 3416
3 3417 3416 3415
3 3419 3420 3418
3 3419 3418 3417
3 3421 3422 3420
3 3421 3420 3419
3 3423 3424 3422
3 3423 3422 3421
3 3425 3426 3424
3 3425 3424 3423
3 3427 3428 3426
3 3427 3426 3425
3 3429 3430 3428
3 3429 3428 3427
3 3431 3432 3430
3 3431 3430 3429
3 3433 3434 3432
3 3433 3432 3431
3 3435 3436 3434
3 3435 3434 3433
3 3437 3438 3436
3 3437 3436 3435
3 3439 3440 3438
3 3439 3438 3437
3 3441 3442 3440
3 3441 3440 3439
3 3443 3444 3445
3 3443 3446 3444
3 3447 3448 3446
3 3447 3446 3443
3 3449 3450 3448
3 3449 3448 3447
3 3451 3452 3450
3 3451 3450 3449
3 3453 3454 3452
3 3453 3452 3451
3 3455 3456 3454
3 3455 3454 3453
3 3457 3458 3456
3 3457 3456 3455
3 3459 3460 3458
3 3459 3458 3457
3 3461 3462 3460
3 3461 3460 3459
3 3463 3464 3462
3 3463 3462 3461
3 3465 3466 3464
3 3465 3464 3463
3 3467 3468 3466
3 3467 3466 3465
3 3469 3470 3468
3 3469 3468 3467
3 3471 3472 3470
3 3471 3470 3469
3 3473 3474 3472
3 3473 3472 3471
3 3475 3476 3477
3 3475 3478 3476
3 3479 3480 3478
3 3479 3478 3475
3 3481 3482 3480
3 3481 3480 3479
3 3483 3484 3482
3 3483 3482 3481
3 3485 3486 3484
3 3485 3484 3483
3 3487 3488 3486
3 3487 3486 3485
3 3489 3490 3488
3 3489 3488 3487
3 3491 3492 3490
3 3491 3490 3489
3 3493 3494 3492
3 3493 3492 3491
3 3495 3496 3494
3 3495 3494 3493
3 3497 3498 3496
3 3497 3496 3495
3 3499 3500 3498
3 3499 3498 3497
3 3501 3502 3500
3 3501 3500 3499
3 3503 3504 3502
3 3503 3502 3501
3 3505 3506 3504
3 3505 3504 3503
3 3507 3508 3509
3 3510 3509 3511
3 3510 3507 3509
3 3512 3513 3508
3 3512 3508 3507
3 3514 3511 3515
3 3514 3510 3511
3 3516 3517 3513
3 3516 3513 3512
3 3518 3515 3519
3 3518 3514 3515
3 3520 3521 3517
3 3520 3522 3521
3 3520 3517 3516
3 3523 3519 3524
3 3523 3524 3525
3 3523 3518 3519
3 3526 3527 3522
3 3526 3522 3520
3 3528 3525 3529
3 3528 3523 3525
3 3530 3527 3526
3 3531 3527 3530
3 3532 3528 3529
3 3533 3532 3529
3 3534 3531 3530
3 3535 3532 3533
3 3536 3531 3534
3 3537 3536 3534
3 3538 3535 3533
3 3539 3535 3538
3 3540 3536 3537
3 3540 3537 3541
3 3542 3539 3538
3 3542 3543 3539
3 3544 3540 3541
3 3544 3541 3545
3 3546 3547 3543
3 3546 3543 3542
3 3548 3544 3545
3 3549 3547 3546
3 3550 3548 3545
3 3550 3545 3551
3 3552 3547 3549
3 3552 3553 3547
3 3554 3551 3555
3 3554 3550 3551
3 3556 3557 3553
3 3556 3553 3552
3 3558 3554 3555
3 3558 3555 3559
3 3560 3561 3557
3 3560 3557 3556
3 3562 3559 3561
3 3562 3558 3559
3 3562 3561 3560
3 3563 3564 3565
3 3566 3565 3567
3 3566 3563 3565
3 3568 3569 3564
3 3568 3564 3563
3 3570 3567 3571
3 3570 3566 3567
3 3572 3573 3569
3 3572 3569 3568
3 3574 3571 3575
3 3574 3570 3571
3 3576 3577 3573
3 3576 3578 3577
3 3576 3573 3572
3 3579 3575 3580
3 3579 3580 3581
3 3579 3574 3575
3 3582 3583 3578
3 3582 3578 3576
3 3584 3581 3585
3 3584 3579 3581
3 3586 3583 3582
3 3587 3583 3586
3 3588 3584 3585
3 3589 3588 3585
3 3590 3587 3586
3 3591 3588 3589
3 3592 3587 3590
3 3593 3592 3590
3 3594 3591 3589
3 3595 3591 3594
3 3596 3592 3593
3 3596 3593 3597
3 3598 3595 3594
3 3598 3599 3595
3 3600 3596 3597
3 3600 3597 3601
3 3602 3603 3599
3 3602 3599 3598
3 3604 3600 3601
3 3605 3603 3602
3 3606 3604 3601
3 3606 3601 3607
3 3608 3603 3605
3 3608 3609 3603
3 3610 3607 3611
3 3610 3606 3607
3 3612 3613 3609
3 3612 3609 3608
3 3614 3610 3611
3 3614 3611 3615
3 3616 3617 3613
3 3616 3613 3612
3 3618 3615 3617
3 3618 3614 3615
3 3618 3617 3616
3 3619 3620 3621
3 3622 3621 3623
3 3622 3619 3621
3 3624 3625 3620
3 3624 3620 3619
3 3626 3623 3627
3 3626 3622 3623
3 3628 3629 3625
3 3628 3625 3624
3 3630 3627 3631
3 3630 3626 3627
3 3632 3633 3629
3 3632 3634 3633
3 3632 3629 3628
3 3635 3631 3636
3 3635 3636 3637
3 3635 3630 3631
3 3638 3639 3634
3 3638 3634 3632
3 3640 3637 3641
3 3640 3635 3637
3 3642 3639 3638
3 3643 3639 3642
3 3644 3640 3641
3 3645 3644 3641
3 3646 3643 3642
3 3647 3644 3645
3 3648 3643 3646
3 3649 3648 3646
3 3650 3647 3645
3 3651 3647 3650
3 3652 3648 3649
3 3652 3649 3653
3 3654 3651 3650
3 3654 3655 3651
3 3656 3652 3653
3 3656 3653 3657
3 3658 3659 3655
3 3658 3655 3654
3 3660 3656 3657
3 3661 3659 3658
3 3662 3660 3657
3 3662 3657 3663
3 3664 3659 3661
3 3664 3665 3659
3 3666 3663 3667
3 3666 3662 3663
3 3668 3669 3665
3 3668 3665 3664
3 3670 3666 3667
3 3670 3667 3671
3 3672 3673 3669
3 3672 3669 3668
3 3674 3671 3673
3 3674 3670 3671
3 3674 3673 3672
3 3675 3676 3677
3 3678 3677 3679
3 3678 3675 3677
3 3680 3681 3676
3 3680 3676 3675
3 3682 3679 3683
3 3682 3678 3679
3 3684 3685 3681
3 3684 3681 3680
3 3686 3683 3687
3 3686 3682 3683
3 3688 3689 3685
3 3688 3690 3689
3 3688 3685 3684
3 3691 3687 3692
3 3691 3692 3693
3 3691 3686 3687
3 3694 3695 3690
3 3694 3690 3688
3 3696 3693 3697
3 3696 3691 3693
3 3698 3695 3694
3 3699 3695 3698
3 3700 3696 3697
3 3701 3700 3697
3 3702 3699 3698
3 3703 3700 3701
3 3704 3699 3702
3 3705 3704 3702
3 3706 3703 3701
3 3707 3703 3706
3 3708 3704 3705
3 3708 3705 3709
3 3710 3707 3706
3 3710 3711 3707
3 3712 3708 3709
3 3712 3709 3713
3 3714 3715 3711
3 3714 3711 3710
3 3716 3712 3713
3 3717 3715 3714
3 3718 3716 3713
3 3718 3713 3719
3 3720 3715 3717
3 3720 3721 3715
3 3722 3719 3723
3 3722 3718 3719
3 3724 3725 3721
3 3724 3721 3720
3 3726 3722 3723
3 3726 3723 3727
3 3728 3729 3725
3 3728 3725 3724
3 3730 3727 3729
3 3730 3726 3727
3 3730 3729 3728
3 3731 3732 3733
3 3731 3734 3732
3 3735 3736 3734
3 3735 3734 3731
3 3737 3738 3736
3 3737 3736 3735
3 3739 3740 3738
3 3739 3738 3737
3 3741 3742 3740
3 3741 3740 3739
3 3743 3744 3742
3 3743 3742 3741
3 3745 3746 3744
3 3745 3744 3743
3 3747 3748 3746
3 3747 3746 3745
3 3749 3750 3748
3 3749 3748 3747
3 3751 3752 3750
3 3751 3750 3749
3 3753 3754 3752
3 3753 3752 3751
3 3755 3756 3754
3 3755 3754 3753
3 3757 3758 3756
3 3757 3756 3755
3 3759 3760 3758
3 3759 3758 3757
3 3761 3762 3760
3 3761 3760 3759
3 3763 3764 3765
3 3763 3766 3764
3 3767 3768 3766
3 3767 3766 3763
3 3769 3770 3768
3 3769 3768 3767
3 3771 3772 3770
3 3771 3770 3769
3 3773 3774 3772
3 3773 3772 3771
3 3775 3776 3774
3 3775 3774 3773
3 3777 3778 3776
3 3777 3776 3775
3 3779 3780 3778
3 3779 3778 3777
3 3781 3782 3780
3 3781 3780 3779
3 3783 3784 3782
3 3783 3782 3781
3 3785 3786 3784
3 3785 3784 3783
3 3787 3788 3786
3 3787 3786 3785
3 3789 3790 3788
3 3789 3788 3787
3 3791 3792 3790
3 3791 3790 3789
3 3793 3794 3792
3 3793 3792 3791
3 3795 3796 3797
3 3795 3798 3796
3 3799 3800 3798
3 3799 3798 3795
3 3801 3802 3800
3 3801 3800 3799
3 3803 3804 3802
3 3803 3802 3801
3 3805 3806 3804
3 3805 3804 3803
3 3807 3808 3806
3 3807 3806 3805
3 3809 3810 3808
3 3809 3808 3807
3 3811 3812 3810
3 3811 3810 3809
3 3813 3814 3812
3 3813 3812 3811
3 3815 3816 3814
3 3815 3814 3813
3 3817 3818 3816
3 3817 3816 3815
3 3819 3820 3818
3 3819 3818 3817
3 3821 3822 3820
3 3821 3820 3819
3 3823 3824 3822
3 3823 3822 3821
3 3825 3826 3824
3 3825 3824 3823
3 3827 3828 3829
3 3827 3830 3828
3 3831 3832 3830
3 3831 3830 3827
3 3833 3834 3832
3 3833 3832 3831
3 3835 3836 3834
3 3835 3834 3833
3 3837 3838 3836
3 3837 3836 3835
3 3839 3840 3838
3 3839 3838 3837
3 3841 3842 3840
3 3841 3840 3839
3 3843 3844 3842
3 3843 3842 3841
3 3845 3846 3844
3 3845 3844 3843
3 3847 3848 3846
3 3847 3846 3845
3 3849 3850 3848
3 3849 3848 3847
3 3851 3852 3850
3 3851 3850 3849
3 3853 3854 3852
3 3853 3852 3851
3 3855 3856 3854
3 3855 3854 3853
3 3857 3858 3856
3 3857 3856 3855
3 3859 3860 3861
3 3859 3862 3860
3 3863 3864 3862
3 3863 3862 3859
3 3865 3866 3864
3 3865 3864 3863
3 3867 3868 3866
3 3867 3866 3865
3 3869 3870 3868
3 3869 3868 3867
3 3871 3872 3870
3 3871 3870 3869
3 3873 3874 3872
3 3873 3872 3871
3 3875 3876 3874
3 3875 3874 3873
3 3877 3878 3876
3 3877 3876 3875
3 3879 3880 3878
3 3879 3878 3877
3 3881 3882 3880
3 3881 3880 3879
3 3883 3884 3882
3 3883 3882 3881
3 3885 3886 3884
3 3885 3884 3883
3 3887 3888 3886
3 3887 3886 3885
3 3889 3890 3888
3 3889 3888 3887
3 3891 3892 3893
3 3891 3894 3892
3 3895 3896 3894
3 3895 3894 3891
3 3897 3898 3896
3 3897 3896 3895
3 3899 3900 3898
3 3899 3898 3897
3 3901 3902 3900
3 3901 3900 3899
3 3903 3904 3902
3 3903 3902 3901
3 3905 3906 3904
3 3905 3904 3903
3 3907 3908 3906
3 3907 3906 3905
3 3909 3910 3908
3 3909 3908 3907
3 3911 3912 3910
3 3911 3910 3909
3 3913 3914 3912
3 3913 3912 3911
3 3915 3916 3914
3 3915 3914 3913
3 3917 3918 3916
3 3917 3916 3915
3 3919 3920 3918
3 3919 3918 3917
3 3921 3922 3920
3 3921 3920 3919
3 3923 3924 3925
3 3923 3926 3924
3 3927 3928 3926
3 3927 3926 3923
3 3929 3930 3928
3 3929 3928 3927
3 3931 3932 3930
3 3931 3930 3929
3 3933 3934 3932
3 3933 3932 3931
3 3935 3936 3934
3 3935 3934 3933
3 3937 3938 3936
3 3937 3936 3935
3 3939 3940 3938
3 3939 3938 3937
3 3941 3942 3940
3 3941 3940 3939
3 3943 3944 3942
3 3943 3942 3941
3 3945 3946 3944
3 3945 3944 3943
3 3947 3948 3946
3 3947 3946 3945
3 3949 3950 3948
3 3949 3948 3947
3 3951 3952 3950
3 3951 3950 3949
3 3953 3954 3952
3 3953 3952 3951
3 3955 3956 3957
3 3955 3958 3956
3 3959 3960 3958
3 3959 3958 3955
3 3961 3962 3960
3 3961 3960 3959
3 3963 3964 3962
3 3963 3962 3961
3 3965 3966 3964
3 3965 3964 3963
3 3967 3968 3966
3 3967 3966 3965
3 3969 3970 3968
3 3969 3968 3967
3 3971 3972 3970
3 3971 3970 3969
3 3973 3974 3972
3 3973 3972 3971
3 3975 3976 3974
3 3975 3974 3973
3 3977 3978 3976
3 3977 3976 3975
3 3979 3980 3978
3 3979 3978 3977
3 3981 3982 3980
3 3981 3980 3979
3 3983 3984 3982
3 3983 3982 3981
3 3985 3986 3984
3 3985 3984 3983
3 3987 3988 3989
3 3987 3990 3988
3 3991 3992 3990
3 3991 3990 3987
3 3993 3994 3992
3 3993 3992 3991
3 3995 3996 3994
3 3995 3994 3993
3 3997 3998 3996
3 3997 3996 3995
3 3999 4000 3998
3 3999 3998 3997
3 4001 4002 4000
3 4001 4000 3999
3 4003 4004 4002
3 4003 4002 4001
3 4005 4006 4004
3 4005 4004 4003
3 4007 4008 4006
3 4007 4006 4005
3 4009 4010 4008
3 4009 4008 4007
3 4011 4012 4010
3 4011 4010 4009
3 4013 4014 4012
3 4013 4012 4011
3 4015 4016 4014
3 4015 4014 4013
3 4017 4018 4016
3 4017 4016 4015
3 4019 4020 4021
3 4019 4022 4020
3 4023 4024 4022
3 4023 4022 4019
3 4025 4026 4024
3 4025 4024 4023
3 4027 4028 4026
3 4027 4026 4025
3 4029 4030 4028
3 4029 4028 4027
3 4031 4032 4030
3 4031 4030 4029
3 4033 4034 4032
3 4033 4032 4031
3 4035 4036 4034
3 4035 4034 4033
3 4037 4038 4036
3 4037 4036 4035
3 4039 4040 4038
3 4039 4038 4037
3 4041 4042 4040
3 4041 4040 4039
3 4043 4044 4042
3 4043 4042 4041
3 4045 4046 4044
3 4045 4044 4043
3 4047 4048 4046
3 4047 4046 4045
3 4049 4050 4048
3 4049 4048 4047
3 4051 4052 4053
3 4051 4054 4052
3 4055 4056 4054
3 4055 4054 4051
3 4057 4058 4056
3 4057 4056 4055
3 4059 4060 4058
3 4059 4058 4057
3 4061 4062 4060
3 4061 4060 4059
3 4063 4064 4062
3 4063 4062 4061
3 4065 4066 4064
3 4065 4064 4063
3 4067 4068 4066
3 4067 4066 4065
3 4069 4070 4068
3 4069 4068 4067
3 4071 4072 4070
3 4071 4070 4069
3 4073 4074 4072
3 4073 4072 4071
3 4075 4076 4074
3 4075 4074 4073
3 4077 4078 4076
3 4077 4076 4075
3 4079 4080 4078
3 4079 4078 4077
3 4081 4082 4080
3 4081 4080 4079
3 4083 4084 4085
3 4083 4086 4084
3 4087 4088 4086
3 4087 4086 4083
3 4089 4090 4088
3 4089 4088 4087
3 4091 4092 4090
3 4091 4090 4089
3 4093 4094 4092
3 4093 4092 4091
3 4095 4096 4094
3 4095 4094 4093
3 4097 4098 4096
3 4097 4096 4095
3 4099 4100 4098
3 4099 4098 4097
3 4101 4102 4100
3 4101 4100 4099
3 4103 4104 4102
3 4103 4102 4101
3 4105 4106 4104
3 4105 4104 4103
3 4107 4108 4106
3 4107 4106 4105
3 4109 4110 4108
3 4109 4108 4107
3 4111 4112 4110
3 4111 4110 4109
3 4113 4114 4112
3 4113 4112 4111
3 4115 4116 4117
3 4115 4117 4118
3 4119 4120 4116
3 4119 4116 4115
3 4121 4122 4120
3 4121 4120 4119
3 4123 4124 4122
3 4123 4122 4121
3 4125 4126 4124
3 4125 4124 4123
3 4127 4128 4126
3 4127 4126 4125
3 4129 4130 4128
3 4129 4128 4127
3 4131 4132 4130
3 4131 4130 4129
3 4133 4134 4132
3 4133 4132 4131
3 4135 4136 4134
3 4135 4134 4133
3 4137 4138 4136
3 4137 4136 4135
3 4139 4140 4138
3 4139 4138 4137
3 4141 4142 4140
3 4141 4140 4139
3 4143 4144 4145
3 4143 4145 4146
3 4147 4148 4144
3 4147 4144 4143
3 4149 4150 4148
3 4149 4148 4147
3 4151 4152 4150
3 4151 4150 4149
3 4153 4154 4152
3 4153 4152 4151
3 4155 4156 4154
3 4155 4154 4153
3 4157 4158 4156
3 4157 4156 4155
3 4159 4160 4158
3 4159 4158 4157
3 4161 4162 4160
3 4161 4160 4159
3 4163 4164 4162
3 4163 4162 4161
3 4165 4166 4164
3 4165 4164 4163
3 4167 4168 4166
3 4167 4166 4165
3 4169 4170 4168
3 4169 4168 4167
3 4171 4172 4173
3 4171 4173 4174
3 4175 4176 4172
3 4175 4172 4171
3 4177 4178 4176
3 4177 4176 4175
3 4179 4180 4178
3 4179 4178 4177
3 4181 4182 4180
3 4181 4180 4179
3 4183 4184 4182
3 4183 4182 4181
3 4185 4186 4184
3 4185 4184 4183
3 4187 4188 4186
3 4187 4186 4185
3 4189 4190 4188
3 4189 4188 4187
3 4191 4192 4190
3 4191 4190 4189
3 4193 4194 4192
3 4193 4192 4191
3 4195 4196 4194
3 4195 4194 4193
3 4197 4198 4196
3 4197 4196 4195
3 4199 4200 4201
3 4199 4201 4202
3 4203 4204 4200
3 4203 4200 4199
3 4205 4206 4204
3 4205 4204 4203
3 4207 4208 4206
3 4207 4206 4205
3 4209 4210 4208
3 4209 4208 4207
3 4211 4212 4210
3 4211 4210 4209
3 4213 4214 4212
3 4213 4212 4211
3 4215 4216 4214
3 4215 4214 4213
3 4217 4218 4216
3 4217 4216 4215
3 4219 4220 4218
3 4219 4218 4217
3 4221 4222 4220
3 4221 4220 4219
3 4223 4224 4222
3 4223 4222 4221
3 4225 4226 4224
3 4225 4224 4223
3 4227 4228 4229
3 4227 4229 4230
3 4231 4232 4228
3 4231 4228 4227
3 4233 4234 4232
3 4233 4232 4231
3 4235 4236 4234
3 4235 4234 4233
3 4237 4238 4236
3 4237 4236 4235
3 4239 4240 4238
3 4239 4238 4237
3 4241 4242 4240
3 4241 4240 4239
3 4243 4244 4242
3 4243 4242 4241
3 4245 4246 4244
3 4245 4244 4243
3 4247 4248 4246
3 4247 4246 4245
3 4249 4250 4248
3 4249 4248 4247
3 4251 4252 4250
3 4251 4250 4249
3 4253 4254 4252
3 4253 4252 4251
3 4255 4256 4257
3 4255 4257 4258
3 4259 4260 4256
3 4259 4256 4255
3 4261 4262 4260
3 4261 4260 4259
3 4263 4264 4262
3 4263 4262 4261
3 4265 4266 4264
3 4265 4264 4263
3 4267 4268 4266
3 4267 4266 4265
3 4269 4270 4268
3 4269 4268 4267
3 4271 4272 4270
3 4271 4270 4269
3 4273 4274 4272
3 4273 4272 4271
3 4275 4276 4274
3 4275 4274 4273
3 4277 4278 4276
3 4277 4276 4275
3 4279 4280 4278
3 4279 4278 4277
3 4281 4282 4280
3 4281 4280 4279
3 4283 4284 4285
3 4283 4285 4286
3 4287 4288 4284
3 4287 4284 4283
3 4289 4290 4288
3 4289 4288 4287
3 4291 4292 4290
3 4291 4290 4289
3 4293 4294 4292
3 4293 4292 4291
3 4295 4296 4294
3 4295 4294 4293
3 4297 4298 4296
3 4297 4296 4295
3 4299 4300 4298
3 4299 4298 4297
3 4301 4302 4300
3 4301 4300 4299
3 4303 4304 4302
3 4303 4302 4301
3 4305 4306 4304
3 4305 4304 4303
3 4307 4308 4306
3 4307 4306 4305
3 4309 4310 4308
3 4309 4308 4307
3 4311 4312 4313
3 4311 4313 4314
3 4315 4316 4312
3 4315 4312 4311
3 4317 4318 4316
3 4317 4316 4315
3 4319 4320 4318
3 4319 4318 4317
3 4321 4322 4320
3 4321 4320 4319
3 4323 4324 4322
3 4323 4322 4321
3 4325 4326 4324
3 4325 4324 4323
3 4327 4328 4326
3 4327 4326 4325
3 4329 4330 4328
3 4329 4328 4327
3 4331 4332 4330
3 4331 4330 4329
3 4333 4334 4332
3 4333 4332 4331
3 4335 4336 4334
3 4335 4334 4333
3 4337 4338 4336
3 4337 4336 4335
3 4339 4340 4341
3 4339 4341 4342
3 4343 4342 4344
3 4343 4339 4342
3 4345 4344 4346
3 4345 4343 4344
3 4347 4346 4348
3 4347 4345 4346
3 4349 4348 4350
3 4349 4347 4348
3 4351 4350 4352
3 4351 4349 4350
3 4353 4351 4352
3 4353 4352 4354
3 4355 4353 4354
3 4355 4354 4356
3 4357 4355 4356
3 4357 4356 4358
3 4359 4357 4358
3 4359 4358 4360
3 4361 4359 4360
3 4361 4360 4362
3 4363 4361 4362
3 4363 4362 4364
3 4365 4363 4364
3 4365 4364 4366
3 4367 4365 4366
3 4367 4366 4368
3 4369 4367 4368
3 4369 4368 4370
3 4371 4369 4370
3 4371 4370 4372
3 4373 4371 4372
3 4373 4372 4374
3 4375 4373 4374
3 4375 4374 4376
3 4377 4375 4376
3 4377 4376 4378
3 4379 4378 4380
3 4379 4377 4378
3 4381 4380 4382
3 4381 4379 4380
3 4383 4381 4382
3 4384 4383 4382
3 4385 4383 4384
3 4386 4385 4384
3 4387 4385 4386
3 4388 4387 4386
3 4389 4387 4388
3 4390 4389 4388
3 4391 4389 4390
3 4392 4391 4390
3 4393 4391 4392
3 4394 4393 4392
3 4395 4393 4394
3 4396 4395 4394
3 4397 4395 4396
3 4398 4397 4396
3 4399 4397 4398
3 4400 4399 4398
3 4401 4399 4400
3 4402 4401 4400
3 4403 4401 4402
3 4404 4403 4402
3 4405 4403 4404
3 4406 4405 4404
3 4407 4405 4406
3 4408 4407 4406
3 4409 4407 4408
3 4410 4409 4408
3 4411 4409 4410
3 4412 4411 4410
3 4413 4411 4412
3 4414 4413 4412
3 4415 4413 4414
3 4416 4417 4418
3 4416 4418 4419
3 4416 4419 4420
3 4416 4420 4421
3 4416 4421 4422
3 4416 4422 4423
3 4416 4423 4424
3 4416 4424 4425
3 4416 4425 4426
3 4416 4427 4428
3 4416 4428 4429
3 4416 4429 4430
3 4416 4430 4431
3 4416 4431 4432
3 4416 4432 4433
3 4416 4433 4434
3 4416 4434 4435
3 4416 4435 4436
3 4416 4436 4437
3 4416 4437 4438
3 4416 4438 4439
3 4416 4439 4440
3 4416 4440 4441
3 4416 4441 4417
3 4442 4443 4444
3 4442 4444 4445
3 4442 4445 4446
3 4442 4446 4447
3 4442 4447 4448
3 4442 4448 4449
3 4442 4449 4450
3 4442 4450 4451
3 4442 4451 4452
3 4442 4452 4453
3 4442 4453 4454
3 4442 4454 4455
3 4442 4455 4456
3 4442 4456 4457
3 4442 4457 4458
3 4442 4458 4459
3 4442 4459 4460
3 4442 4460 4461
3 4442 4461 4462
3 4442 4462 4463
3 4442 4463 4464
3 4442 4464 4465
3 4442 4466 4467
3 4442 4467 4443
3 4468 4469 4470
3 4471 4470 4472
3 4471 4468 4470
3 4473 4472 4474
3 4473 4474 4475
3 4473 4475 4476
3 4473 4471 4472
3 4477 4476 4478
3 4477 4478 4479
3 4477 4479 4480
3 4477 4473 4476
3 4481 4482 4483
3 4481 4484 4482
3 4485 4483 4486
3 4485 4481 4483
3 4487 4485 4486
3 4488 4487 4486
3 4489 4488 4486
3 4489 4486 4490
3 4491 4489 4490
3 4492 4493 4494
3 4492 4495 4493
3 4496 4494 4493
3 4497 4495 4492
3 4497 4498 4499
3 4497 4499 4500
3 4497 4500 4495
3 4501 4491 4490
3 4502 4480 4503
3 4502 4503 4504
3 4502 4504 4505
3 4502 4505 4498
3 4502 4477 4480
3 4502 4498 4497
3 4506 4477 4502
3 4506 4490 4477
3 4507 4501 4490
3 4507 4490 4506
3 4508 4507 4506
3 4509 4508 4506
3 4510 4509 4506
3 4511 4512 4513
3 4511 4514 4512
3 4515 4506 4516
3 4515 4510 4506
3 4517 4516 4514
3 4517 4514 4511
3 4518 4515 4516
3 4519 4516 4517
3 4519 4518 4516
3 4520 4521 4522
3 4520 4522 4523
3 4524 4523 4525
3 4524 4520 4523
3 4526 4525 4527
3 4526 4524 4525
3 4528 4527 4529
3 4528 4526 4527
3 4530 4529 4531
3 4530 4528 4529
3 4532 4531 4533
3 4532 4530 4531
3 4534 4533 4535
3 4534 4532 4533
3 4536 4535 4537
3 4536 4534 4535
3 4538 4537 4539
3 4538 4536 4537
3 4540 4539 4541
3 4540 4538 4539
3 4542 4541 4543
3 4542 4540 4541
3 4544 4543 4545
3 4544 4542 4543
3 4546 4545 4547
3 4546 4544 4545
3 4548 4549 4550
3 4548 4550 4551
3 4552 4551 4553
3 4552 4548 4551
3 4554 4553 4555
3 4554 4552 4553
3 4556 4555 4557
3 4556 4554 4555
3 4558 4557 4559
3 4558 4556 4557
3 4560 4559 4561
3 4560 4558 4559
3 4562 4561 4563
3 4562 4560 4561
3 4564 4563 4565
3 4564 4562 4563
3 4566 4565 4567
3 4566 4564 4565
3 4568 4567 4569
3 4568 4566 4567
3 4570 4569 4571
3 4570 4568 4569
3 4572 4571 4573
3 4572 4570 4571
3 4574 4573 4575
3 4574 4572 4573
3 4576 4577 4578
3 4576 4578 4579
3 4580 4579 4581
3 4580 4576 4579
3 4582 4581 4583
3 4582 4580 4581
3 4584 4583 4585
3 4584 4582 4583
3 4586 4585 4587
3 4586 4584 4585
3 4588 4587 4589
3 4588 4586 4587
3 4590 4589 4591
3 4590 4588 4589
3 4592 4591 4593
3 4592 4590 4591
3 4594 4593 4595
3 4594 4592 4593
3 4596 4595 4597
3 4596 4594 4595
3 4598 4597 4599
3 4598 4596 4597
3 4600 4599 4601
3 4600 4598 4599
3 4602 4601 4603
3 4602 4600 4601
3 4604 4605 4606
3 4604 4606 4607
3 4608 4607 4609
3 4608 4604 4607
3 4610 4609 4611
3 4610 4608 4609
3 4612 4611 4613
3 4612 4610 4611
3 4614 4613 4615
3 4614 4612 4613
3 4616 4615 4617
3 4616 4614 4615
3 4618 4617 4619
3 4618 4616 4617
3 4620 4619 4621
3 4620 4618 4619
3 4622 4621 4623
3 4622 4620 4621
3 4624 4623 4625
3 4624 4622 4623
3 4626 4625 4627
3 4626 4624 4625
3 4628 4627 4629
3 4628 4626 4627
3 4630 4629 4631
3 4630 4628 4629
3 4632 4633 4634
3 4632 4634 4635
3 4636 4637 4638
3 4636 4638 4639
3 4640 4635 4634
3 4641 4639 4638
3 4642 4633 4632
3 4643 4637 4636
3 4644 4634 4645
3 4644 4640 4634
3 4646 4638 4647
3 4646 4641 4638
3 4648 4633 4642
3 4649 4650 4637
3 4649 4637 4643
3 4651 4644 4645
3 4652 4646 4647
3 4653 4654 4633
3 4653 4633 4648
3 4655 4650 4649
3 4656 4645 4657
3 4656 4651 4645
3 4658 4652 4647
3 4659 4658 4647
3 4660 4654 4653
3 4661 4662 4650
3 4661 4650 4655
3 4663 4657 4664
3 4663 4656 4657
3 4665 4658 4659
3 4666 4667 4662
3 4666 4662 4661
3 4668 4654 4660
3 4669 4664 4670
3 4669 4663 4664
3 4671 4665 4659
3 4672 4654 4668
3 4673 4672 4668
3 4674 4675 4667
3 4674 4667 4666
3 4676 4671 4659
3 4677 4672 4673
3 4678 4676 4659
3 4678 4679 4676
3 4680 4672 4677
3 4681 4679 4678
3 4682 4680 4683
3 4682 4683 4684
3 4682 4672 4680
3 4685 4681 4678
3 4685 4686 4681
3 4685 4687 4686
3 4688 4684 4689
3 4688 4682 4684
3 4690 4691 4687
3 4690 4687 4685
3 4692 4688 4689
3 4693 4691 4690
3 4694 4695 4696
3 4694 4696 4697
3 4698 4694 4697
3 4698 4697 4699
3 4698 4699 4700
3 4701 4669 4670
3 4701 4670 4702
3 4703 4704 4669
3 4703 4669 4701
3 4705 4702 4695
3 4705 4695 4694
3 4706 4702 4705
3 4706 4701 4702
3 4707 4698 4700
3 4707 4700 4675
3 4707 4675 4674
3 4708 4709 4704
3 4708 4704 4703
3 4710 4711 4709
3 4710 4709 4708
3 4712 4706 4705
3 4712 4713 4706
3 4714 4707 4674
3 4714 4674 4715
3 4716 4713 4712
3 4717 4716 4712
3 4718 4719 4711
3 4718 4720 4719
3 4718 4711 4710
3 4721 4717 4712
3 4722 4721 4712
3 4723 4715 4724
3 4723 4714 4715
3 4725 4726 4720
3 4725 4720 4718
3 4727 4726 4725
3 4728 4724 4729
3 4728 4723 4724
3 4730 4729 4731
3 4730 4728 4729
3 4732 4730 4731
3 4732 4731 4733
3 4734 4732 4733
3 4734 4733 4735
3 4736 4737 4738
3 4736 4739 4737
3 4736 4740 4739
3 4736 4741 4740
3 4736 4742 4741
3 4743 4744 4745
3 4746 4747 4748
3 4746 4749 4747
3 4750 4744 4743
3 4751 4748 4747
3 4751 4747 4752
3 4753 4743 4745
3 4754 4749 4746
3 4755 4693 4744
3 4755 4744 4750
3 4756 4752 4692
3 4756 4689 4757
3 4756 4751 4752
3 4756 4692 4689
3 4758 4745 4759
3 4758 4753 4745
3 4760 4742 4736
3 4761 4749 4754
3 4762 4691 4693
3 4762 4693 4755
3 4762 4735 4691
3 4763 4749 4761
3 4764 4757 4726
3 4764 4727 4765
3 4764 4756 4757
3 4764 4726 4727
3 4766 4758 4759
3 4767 4763 4761
3 4768 4734 4735
3 4768 4735 4762
3 4769 4764 4765
3 4769 4765 4742
3 4770 4766 4759
3 4771 4763 4767
3 4772 4773 4734
3 4772 4734 4768
3 4774 4742 4760
3 4774 4769 4742
3 4775 4776 4770
3 4775 4770 4759
3 4777 4774 4760
3 4778 4763 4771
3 4779 4780 4773
3 4779 4773 4772
3 4781 4774 4777
3 4782 4776 4775
3 4783 4780 4779
3 4784 4782 4775
3 4785 4780 4783
3 4786 4763 4778
3 4786 4778 4787
3 4788 4786 4787
3 4789 4785 4783
3 4790 4781 4777
3 4790 4791 4781
3 4792 4786 4788
3 4793 4784 4775
3 4793 4794 4795
3 4793 4795 4784
3 4796 4794 4793
3 4797 4785 4789
3 4798 4791 4790
3 4798 4799 4791
3 4800 4792 4801
3 4800 4786 4792
3 4800 4801 4802
3 4803 4799 4798
3 4803 4804 4799
3 4805 4806 4807
3 4805 4807 4796
3 4805 4796 4793
3 4808 4809 4810
3 4811 4808 4810
3 4812 4811 4810
3 4813 4812 4810
3 4814 4800 4802
3 4814 4802 4815
3 4814 4815 4816
3 4817 4813 4810
3 4817 4797 4789
3 4817 4810 4797
3 4817 4789 4818
3 4819 4818 4820
3 4819 4817 4818
3 4821 4806 4805
3 4821 4822 4823
3 4821 4823 4806
3 4824 4819 4820
3 4825 4814 4816
3 4825 4816 4826
3 4825 4826 4827
3 4828 4829 4830
3 4828 4831 4829
3 4828 4832 4831
3 4833 4828 4830
3 4834 4828 4833
3 4835 4828 4834
3 4836 4822 4821
3 4836 4837 4822
3 4838 4825 4827
3 4838 4827 4839
3 4840 4837 4836
3 4841 4804 4803
3 4841 4839 4804
3 4842 4820 4837
3 4843 4844 4838
3 4843 4838 4839
3 4843 4839 4841
3 4845 4846 4824
3 4845 4824 4820
3 4845 4820 4842
3 4847 4837 4840
3 4847 4840 4848
3 4847 4842 4837
3 4849 4841 4803
3 4849 4803 4850
3 4851 4852 4844
3 4851 4844 4843
3 4853 4854 4846
3 4853 4846 4845
3 4855 4848 4856
3 4855 4847 4848
3 4857 4850 4858
3 4857 4849 4850
3 4859 4852 4851
3 4860 4854 4853
3 4861 4858 4862
3 4861 4857 4858
3 4863 4855 4856
3 4864 4865 4854
3 4864 4854 4860
3 4866 4852 4859
3 4867 4863 4856
3 4868 4861 4862
3 4868 4862 4869
3 4870 4852 4866
3 4871 4870 4866
3 4872 4873 4865
3 4872 4865 4864
3 4874 4868 4869
3 4874 4869 4875
3 4876 4870 4871
3 4877 4878 4873
3 4877 4873 4872
3 4879 4875 4880
3 4879 4874 4875
3 4881 4867 4856
3 4881 4882 4867
3 4881 4883 4882
3 4884 4885 4878
3 4884 4878 4877
3 4886 4883 4881
3 4887 4888 4889
3 4887 4876 4888
3 4887 4870 4876
3 4890 4887 4889
3 4891 4886 4881
3 4891 4892 4886
3 4891 4893 4892
3 4894 4887 4890
3 4894 4890 4895
3 4894 4895 4896
3 4897 4893 4891
3 4897 4898 4893
3 4897 4899 4898
3 4897 4900 4899
3 4901 4894 4896
3 4901 4902 4903
3 4901 4904 4902
3 4901 4896 4904
3 4905 4900 4897
3 4905 4906 4900
3 4905 4907 4906
3 4905 4908 4907
3 4909 4901 4903
3 4909 4910 4911
3 4909 4903 4910
3 4912 4908 4905
3 4912 4913 4914
3 4912 4914 4908
3 4915 4909 4911
3 4915 4916 4917
3 4915 4911 4916
3 4918 4919 4913
3 4918 4913 4912
3 4920 4915 4917
3 4920 4917 4921
3 4922 4884 4919
3 4922 4919 4918
3 4923 4920 4921
3 4923 4921 4879
3 4924 4885 4884
3 4924 4884 4922
3 4925 4923 4879
3 4925 4879 4880
3 4926 4834 4885
3 4926 4835 4834
3 4926 4885 4924
3 4927 4880 4928
3 4927 4925 4880
3 4929 4835 4926
3 4929 4930 4835
3 4931 4927 4928
3 4932 4930 4929
3 4933 4928 4930
3 4933 4930 4932
3 4933 4931 4928
3 4934 4935 4936
3 4934 4936 4937
3 4938 4939 4935
3 4938 4935 4934
3 4940 4941 4939
3 4940 4939 4938
3 4942 4943 4941
3 4942 4941 4940
3 4944 4945 4943
3 4944 4943 4942
3 4946 4947 4945
3 4946 4945 4944
3 4948 4949 4947
3 4948 4947 4946
3 4950 4951 4949
3 4950 4949 4948
3 4952 4953 4951
3 4952 4951 4950
3 4954 4955 4953
3 4954 4953 4952
3 4956 4957 4955
3 4956 4955 4954
3 4958 4959 4957
3 4958 4957 4956
3 4960 4961 4959
3 4960 4959 4958
3 4962 4963 4964
3 4962 4964 4965
3 4966 4967 4963
3 4966 4963 4962
3 4968 4969 4967
3 4968 4967 4966
3 4970 4971 4969
3 4970 4969 4968
3 4972 4973 4971
3 4972 4971 4970
3 4974 4975 4973
3 4974 4973 4972
3 4976 4977 4975
3 4976 4975 4974
3 4978 4979 4977
3 4978 4977 4976
3 4980 4981 4979
3 4980 4979 4978
3 4982 4983 4981
3 4982 4981 4980
3 4984 4985 4983
3 4984 4983 4982
3 4986 4987 4985
3 4986 4985 4984
3 4988 4989 4987
3 4988 4987 4986
3 4990 4991 4992
3 4990 4993 4991
3 4994 4995 4991
3 4994 4991 4993
3 4996 4992 4997
3 4996 4990 4992
3 4998 4999 4995
3 4998 4995 4994
3 5000 4997 5001
3 5000 4996 4997
3 5002 5003 4999
3 5002 4999 4998
3 5004 5001 5005
3 5004 5000 5001
3 5006 5007 5003
3 5006 5003 5002
3 5008 5005 5009
3 5008 5004 5005
3 5010 5011 5007
3 5010 5007 5006
3 5012 5009 5013
3 5012 5008 5009
3 5014 5015 5011
3 5014 5011 5010
3 5016 5017 5012
3 5016 5012 5013
3 5018 5015 5014
3 5018 5014 5019
3 5020 5017 5016
3 5020 5021 5017
3 5022 5018 5019
3 5022 5019 5023
3 5024 5021 5020
3 5024 5025 5021
3 5026 5022 5023
3 5026 5023 5027
3 5028 5025 5024
3 5028 5029 5025
3 5030 5026 5027
3 5030 5027 5031
3 5032 5033 5029
3 5032 5029 5028
3 5034 5031 5035
3 5034 5030 5031
3 5036 5037 5033
3 5036 5033 5032
3 5038 5035 5039
3 5038 5034 5035
3 5040 5039 5041
3 5040 5041 5037
3 5040 5037 5036
3 5040 5038 5039
3 5042 5043 5044
3 5042 5045 5043
3 5046 5047 5043
3 5046 5043 5045
3 5048 5044 5049
3 5048 5042 5044
3 5050 5051 5047
3 5050 5047 5046
3 5052 5049 5053
3 5052 5048 5049
3 5054 5055 5051
3 5054 5051 5050
3 5056 5053 5057
3 5056 5052 5053
3 5058 5059 5055
3 5058 5055 5054
3 5060 5057 5061
3 5060 5056 5057
3 5062 5063 5059
3 5062 5059 5058
3 5064 5061 5065
3 5064 5060 5061
3 5066 5067 5063
3 5066 5063 5062
3 5068 5069 5064
3 5068 5064 5065
3 5070 5067 5066
3 5070 5066 5071
3 5072 5069 5068
3 5072 5073 5069
3 5074 5070 5071
3 5074 5071 5075
3 5076 5073 5072
3 5076 5077 5073
3 5078 5074 5075
3 5078 5075 5079
3 5080 5077 5076
3 5080 5081 5077
3 5082 5078 5079
3 5082 5079 5083
3 5084 5085 5081
3 5084 5081 5080
3 5086 5083 5087
3 5086 5082 5083
3 5088 5089 5085
3 5088 5085 5084
3 5090 5087 5091
3 5090 5086 5087
3 5092 5091 5093
3 5092 5093 5089
3 5092 5089 5088
3 5092 5090 5091
3 5094 5095 5096
3 5094 5097 5095
3 5098 5099 5095
3 5098 5095 5097
3 5100 5096 5101
3 5100 5094 5096
3 5102 5103 5099
3 5102 5099 5098
3 5104 5101 5105
3 5104 5100 5101
3 5106 5107 5103
3 5106 5103 5102
3 5108 5105 5109
3 5108 5104 5105
3 5110 5111 5107
3 5110 5107 5106
3 5112 5109 5113
3 5112 5108 5109
3 5114 5115 5111
3 5114 5111 5110
3 5116 5113 5117
3 5116 5112 5113
3 5118 5119 5115
3 5118 5115 5114
3 5120 5121 5116
3 5120 5116 5117
3 5122 5119 5118
3 5122 5118 5123
3 5124 5121 5120
3 5124 5125 5121
3 5126 5122 5123
3 5126 5123 5127
3 5128 5125 5124
3 5128 5129 5125
3 5130 5126 5127
3 5130 5127 5131
3 5132 5129 5128
3 5132 5133 5129
3 5134 5130 5131
3 5134 5131 5135
3 5136 5137 5133
3 5136 5133 5132
3 5138 5135 5139
3 5138 5134 5135
3 5140 5141 5137
3 5140 5137 5136
3 5142 5139 5143
3 5142 5138 5139
3 5144 5143 5145
3 5144 5145 5141
3 5144 5141 5140
3 5144 5142 5143
3 5146 5147 5148
3 5146 5148 5149
3 5146 5149 5150
3 5146 5150 5151
3 5146 5151 5152
3 5146 5152 5153
3 5146 5153 5154
3 5146 5154 5155
3 5156 5157 5158
3 5159 5156 5158
3 5160 5157 5156
3 5161 5159 5158
3 5162 5163 5157
3 5162 5157 5160
3 5164 5158 5165
3 5164 5161 5158
3 5166 5163 5162
3 5167 5165 5168
3 5167 5164 5165
3 5169 5163 5166
3 5170 5168 5171
3 5170 5167 5168
3 5172 5173 5163
3 5172 5163 5169
3 5174 5171 5147
3 5174 5147 5146
3 5174 5170 5171
3 5175 5173 5172
3 5176 5174 5146
3 5177 5173 5175
3 5178 5176 5146
3 5179 5177 5180
3 5179 5173 5177
3 5181 5178 5146
3 5182 5179 5180
3 5183 5182 5184
3 5183 5184 5185
3 5183 5179 5182
3 5186 5187 5146
3 5188 5146 5187
3 5189 5186 5146
3 5190 5146 5188
3 5191 5189 5146
3 5192 5146 5190
3 5193 5146 5192
3 5194 5146 5193
3 5194 5181 5146
3 5195 5196 5191
3 5195 5197 5196
3 5195 5198 5197
3 5195 5199 5198
3 5195 5200 5199
3 5195 5201 5200
3 5202 5203 5204
3 5202 5194 5203
3 5202 5181 5194
3 5202 5185 5205
3 5202 5205 5206
3 5202 5206 5207
3 5202 5207 5208
3 5202 5208 5209
3 5202 5209 5181
3 5202 5183 5185
3 5210 5201 5195
3 5210 5211 5201
3 5210 5212 5211
3 5210 5213 5212
3 5210 5214 5213
3 5215 5216 5202
3 5217 5202 5204
3 5217 5218 5202
3 5219 5202 5218
3 5220 5217 5204
3 5220 5204 5221
3 5222 5202 5219
3 5223 5220 5221
3 5223 5221 5224
3 5225 5202 5222
3 5226 5223 5224
3 5226 5224 5227
3 5228 5215 5202
3 5228 5202 5225
3 5229 5226 5227
3 5229 5227 5230
3 5231 5215 5228
3 5232 5229 5230
3 5232 5230 5233
3 5234 5215 5231
3 5235 5232 5233
3 5235 5233 5214
3 5236 5215 5234
3 5237 5215 5236
3 5238 5215 5237
3 5239 5215 5238
3 5240 5241 5242
3 5240 5243 5241
3 5240 5244 5243
3 5240 5245 5244
3 5240 5239 5245
3 5240 5215 5239
3 5246 5240 5242
3 5246 5214 5210
3 5246 5235 5214
3 5246 5247 5235
3 5246 5248 5247
3 5246 5249 5248
3 5246 5242 5249
3 5146 5195 5191
3 5250 5251 5252
3 5250 5253 5251
3 5254 5255 5253
3 5254 5253 5250
3 5256 5257 5255
3 5256 5255 5254
3 5258 5259 5257
3 5258 5257 5256
3 5260 5261 5259
3 5260 5259 5258
3 5262 5263 5261
3 5262 5261 5260
3 5264 5265 5263
3 5264 5263 5262
3 5266 5267 5265
3 5266 5265 5264
3 5268 5269 5267
3 5268 5267 5266
3 5270 5271 5269
3 5270 5269 5268
3 5272 5273 5271
3 5272 5271 5270
3 5274 5275 5273
3 5274 5273 5272
3 5276 5277 5275
3 5276 5275 5274
3 5278 5279 5280
3 5278 5281 5279
3 5282 5283 5281
3 5282 5281 5278
3 5284 5285 5283
3 5284 5283 5282
3 5286 5287 5285
3 5286 5285 5284
3 5288 5289 5287
3 5288 5287 5286
3 5290 5291 5289
3 5290 5289 5288
3 5292 5291 5290
3 5293 5294 5291
3 5293 5291 5292
3 5295 5294 5293
3 5296 5297 5294
3 5296 5294 5295
3 5298 5299 5297
3 5298 5297 5296
3 5300 5301 5299
3 5300 5299 5298
3 5302 5303 5301
3 5302 5301 5300
3 5304 5303 5302
3 5305 5303 5304
3 5306 5305 5304
3 5307 5305 5306
3 5308 5307 5306
3 5309 5310 5311
3 5309 5311 5312
3 5313 5312 5311
3 5314 5310 5309
3 5315 5313 5311
3 5316 5317 5310
3 5316 5310 5314
3 5318 5319 5317
3 5318 5317 5316
3 5320 5321 5319
3 5320 5319 5318
3 5322 5323 5321
3 5322 5321 5320
3 5324 5323 5322
3 5325 5326 5327
3 5325 5327 5328
3 5329 5323 5324
3 5330 5326 5325
3 5331 5323 5329
3 5332 5333 5330
3 5332 5330 5325
3 5334 5323 5331
3 5335 5333 5332
3 5336 5323 5334
3 5337 5338 5339
3 5337 5339 5335
3 5337 5335 5332
3 5340 5338 5337
3 5340 5341 5338
3 5342 5341 5340
3 5343 5344 5345
3 5343 5345 5346
3 5343 5346 5347
3 5343 5347 5348
3 5349 5336 5350
3 5349 5350 5351
3 5349 5351 5352
3 5349 5352 5353
3 5349 5353 5341
3 5349 5341 5342
3 5349 5342 5354
3 5349 5354 5355
3 5349 5355 5356
3 5357 5349 5356
3 5358 5359 5360
3 5358 5360 5344
3 5358 5344 5343
3 5361 5349 5357
3 5362 5359 5358
3 5363 5349 5361
3 5364 5362 5358
3 5365 5349 5363
3 5366 5364 5358
3 5367 5366 5358
3 5368 5349 5365
3 5369 5370 5358
3 5371 5349 5368
3 5372 5365 5373
3 5372 5373 5374
3 5372 5368 5365
3 5375 5369 5358
3 5376 5377 5367
3 5376 5367 5358
3 5376 5358 5370
3 5378 5349 5371
3 5379 5374 5380
3 5379 5372 5374
3 5381 5382 5377
3 5381 5377 5376
3 5383 5349 5378
3 5384 5379 5380
3 5385 5349 5383
3 5386 5382 5381
3 5387 5384 5380
3 5388 5382 5386
3 5389 5387 5380
3 5390 5382 5388
3 5391 5387 5389
3 5392 5390 5388
3 5393 5391 5389
3 5394 5390 5392
3 5395 5393 5389
3 5396 5390 5394
3 5397 5393 5395
3 5398 5396 5394
3 5399 5397 5395
3 5400 5396 5398
3 5401 5396 5400
3 5402 5399 5395
3 5403 5385 5404
3 5403 5404 5405
3 5403 5405 5406
3 5403 5406 5407
3 5403 5408 5409
3 5403 5409 5410
3 5403 5410 5411
3 5403 5411 5412
3 5413 5414 5415
3 5413 5415 5416
3 5413 5416 5417
3 5418 5419 5420
3 5418 5420 5421
3 5418 5421 5422
3 5423 5424 5425
3 5423 5425 5414
3 5423 5414 5413
3 5426 5422 5427
3 5426 5427 5428
3 5426 5418 5422
3 5429 5430 5431
3 5429 5431 5424
3 5429 5424 5423
3 5432 5428 5433
3 5432 5433 5434
3 5432 5426 5428
3 5435 5430 5429
3 5435 5436 5430
3 5437 5432 5434
3 5437 5434 5408
3 5438 5436 5435
3 5439 5437 5408
3 5439 5408 5403
3 5440 5436 5438
3 5440 5403 5407
3 5440 5407 5436
3 5441 5439 5403
3 5442 5403 5440
3 5443 5441 5403
3 5444 5403 5442
3 5445 5443 5403
3 5446 5403 5444
3 5446 5445 5403
3 5358 5403 5447
3 5447 5403 5412
3 5358 5447 5448
3 5358 5448 5375
3 5403 5349 5385
3 5349 5323 5336
3 5449 5450 5451
3 5449 5452 5450
3 5453 5451 5454
3 5453 5449 5451
3 5455 5454 5456
3 5455 5453 5454
3 5457 5456 5458
3 5457 5455 5456
3 5459 5458 5460
3 5459 5457 5458
3 5461 5460 5462
3 5461 5459 5460
3 5463 5461 5462
3 5463 5462 5464
3 5465 5463 5464
3 5465 5464 5466
3 5467 5465 5466
3 5467 5466 5468
3 5469 5467 5468
3 5469 5468 5470
3 5471 5469 5470
3 5471 5470 5472
3 5473 5471 5472
3 5473 5472 5474
3 5475 5473 5474
3 5475 5474 5476
3 5477 5475 5476
3 5477 5476 5478
3 5479 5480 5481
3 5479 5477 5478
3 5479 5478 5480
3 5482 5479 5481
3 5483 5484 5485
3 5483 5482 5484
3 5483 5479 5482
3 5486 5483 5485
3 5487 5483 5486
3 5488 5487 5486
3 5489 5487 5488
3 5490 5489 5488
3 5491 5489 5490
3 5492 5491 5490
3 5493 5491 5492
3 5494 5493 5492
3 5495 5493 5494
3 5496 5495 5494
3 5497 5495 5496
3 5498 5497 5496
3 5499 5497 5498
3 5500 5499 5498
3 5501 5499 5500
3 5502 5501 5500
3 5503 5501 5502
3 5504 5503 5502
3 5505 5503 5504
3 5506 5505 5504
3 5507 5505 5506
3 5508 5507 5506
3 5509 5507 5508
3 5510 5509 5508
3 5511 5509 5510
3 5512 5511 5510
3 5513 5511 5512
3 5514 5513 5512
3 5515 5513 5514
3 5516 5515 5514
3 5517 5515 5516
3 5518 5517 5516
3 5519 5517 5518
3 5520 5519 5518
3 5521 5522 5523
3 5521 5520 5522
3 5521 5523 5524
3 5521 5519 5520
3 5525 5524 5526
3 5525 5521 5524
3 5527 5525 5526
3 5528 5525 5527
3 5529 5528 5527
3 5530 5528 5529
3 5531 5530 5529
3 5532 5531 5533
3 5532 5530 5531
3 5534 5533 5535
3 5534 5532 5533
3 5536 5534 5535
3 5536 5535 5537
3 5538 5536 5537
3 5538 5537 5539
3 5540 5538 5539
3 5540 5539 5541
3 5542 5541 5543
3 5542 5540 5541
3 5544 5543 5545
3 5544 5542 5543
3 5546 5545 5547
3 5546 5544 5545
3 5548 5547 5549
3 5548 5546 5547
3 5550 5549 5551
3 5550 5548 5549
3 5552 5551 5553
3 5552 5550 5551
3 5554 5553 5555
3 5554 5552 5553
3 5556 5555 5557
3 5556 5554 5555
3 5558 5557 5559
3 5558 5556 5557
3 5560 5559 5561
3 5560 5558 5559
3 5562 5563 5564
3 5562 5565 5563
3 5562 5566 5565
3 5562 5561 5566
3 5562 5560 5561
3 5567 5564 5568
3 5567 5562 5564
3 5569 5568 5570
3 5569 5567 5568
3 5571 5570 5572
3 5571 5569 5570
3 5573 5571 5572
3 5574 5571 5573
3 5575 5574 5573
3 5576 5574 5575
3 5577 5578 5579
3 5577 5580 5578
3 5581 5582 5580
3 5581 5580 5577
3 5583 5584 5582
3 5583 5582 5581
3 5585 5586 5584
3 5585 5584 5583
3 5587 5588 5586
3 5587 5586 5585
3 5589 5590 5588
3 5589 5588 5587
3 5591 5590 5589
3 5592 5593 5590
3 5592 5590 5591
3 5594 5593 5592
3 5595 5596 5593
3 5595 5593 5594
3 5597 5598 5596
3 5597 5596 5595
3 5599 5600 5598
3 5599 5598 5597
3 5601 5602 5600
3 5601 5600 5599
3 5603 5602 5601
3 5604 5602 5603
3 5605 5604 5603
3 5606 5604 5605
3 5607 5606 5605
3 5608 5609 5610
3 5608 5611 5609
3 5612 5613 5611
3 5612 5611 5608
3 5614 5615 5613
3 5614 5613 5612
3 5616 5617 5615
3 5616 5615 5614
3 5618 5619 5617
3 5618 5617 5616
3 5620 5621 5619
3 5620 5619 5618
3 5622 5623 5621
3 5622 5621 5620
3 5624 5625 5623
3 5624 5623 5622
3 5626 5627 5625
3 5626 5625 5624
3 5628 5629 5627
3 5628 5627 5626
3 5630 5629 5628
3 5631 5629 5630
3 5632 5631 5630
3 5633 5631 5632
3 5634 5633 5632
3 5635 5633 5634
3 5636 5635 5634
3 5637 5638 5639
3 5637 5640 5638
3 5641 5642 5640
3 5641 5640 5637
3 5643 5644 5642
3 5643 5642 5641
3 5645 5646 5644
3 5645 5644 5643
3 5647 5648 5646
3 5647 5646 5645
3 5649 5650 5648
3 5649 5648 5647
3 5651 5652 5650
3 5651 5650 5649
3 5653 5654 5652
3 5653 5652 5651
3 5655 5656 5654
3 5655 5654 5653
3 5657 5658 5656
3 5657 5656 5655
3 5659 5660 5658
3 5659 5658 5657
3 5661 5662 5660
3 5661 5660 5659
3 5663 5664 5662
3 5663 5662 5661
3 5665 5666 5667
3 5665 5668 5666
3 5669 5670 5668
3 5669 5668 5665
3 5671 5672 5670
3 5671 5670 5669
3 5673 5674 5672
3 5673 5672 5671
3 5675 5676 5674
3 5675 5674 5673
3 5677 5678 5676
3 5677 5676 5675
3 5679 5680 5678
3 5679 5678 5677
3 5681 5682 5680
3 5681 5680 5679
3 5683 5684 5682
3 5683 5682 5681
3 5685 5686 5684
3 5685 5684 5683
3 5687 5688 5686
3 5687 5686 5685
3 5689 5690 5688
3 5689 5688 5687
3 5691 5692 5690
3 5691 5690 5689
3 5693 5694 5695
3 5693 5695 5696
3 5697 5698 5699
3 5700 5699 5701
3 5700 5697 5699
3 5702 5703 5704
3 5702 5704 5705
3 5706 5705 5707
3 5706 5702 5705
3 5708 5707 5709
3 5708 5706 5707
3 5710 5709 5711
3 5710 5708 5709
3 5712 5711 5713
3 5712 5710 5711
3 5714 5713 5715
3 5714 5712 5713
3 5716 5715 5717
3 5716 5714 5715
3 5718 5717 5719
3 5718 5716 5717
3 5720 5719 5721
3 5720 5718 5719
3 5722 5721 5723
3 5722 5720 5721
3 5724 5723 5725
3 5724 5722 5723
3 5726 5725 5727
3 5726 5724 5725
3 5728 5727 5729
3 5728 5726 5727
3 5730 5729 5731
3 5730 5728 5729
3 5732 5730 5731
3 5733 5732 5731
3 5734 5732 5733
3 5735 5734 5733
3 5736 5734 5735
3 5737 5736 5735
3 5738 5736 5737
3 5739 5740 5741
3 5742 5739 5743
3 5744 5740 5739
3 5744 5739 5742
3 5745 5746 5747
3 5748 5746 5745
3 5749 5748 5745
3 5750 5748 5749
3 5751 5750 5749
3 5752 5750 5751
3 5753 5752 5751
3 5754 5752 5753
3 5755 5754 5753
3 5756 5754 5755
3 5757 5756 5755
3 5758 5756 5757
3 5759 5758 5757
3 5760 5758 5759
3 5761 5760 5759
3 5762 5760 5761
3 5763 5762 5761
3 5764 5762 5763
3 5765 5764 5763
3 5766 5764 5765
3 5767 5766 5765
3 5768 5766 5767
3 5769 5768 5767
3 5770 5768 5769
3 5771 5770 5769
3 5772 5771 5773
3 5772 5770 5771
3 5774 5773 5775
3 5774 5772 5773
3 5776 5775 5777
3 5776 5774 5775
3 5778 5777 5779
3 5778 5776 5777
3 5780 5779 5781
3 5780 5778 5779
3 5782 5780 5781
3 5782 5781 5783
3 5784 5782 5783
3 5784 5783 5785
3 5786 5784 5785
3 5786 5785 5787
3 5788 5786 5787
3 5788 5787 5789
3 5790 5788 5789
3 5790 5789 5791
3 5792 5790 5791
3 5792 5791 5793
3 5794 5793 5795
3 5796 5792 5793
3 5797 5793 5794
3 5797 5796 5793
3 5797 5794 5798
3 5799 5798 5800
3 5799 5797 5798
3 5801 5800 5802
3 5801 5799 5800
3 5803 5802 5804
3 5803 5801 5802
3 5805 5804 5806
3 5805 5803 5804
3 5807 5806 5808
3 5807 5805 5806
3 5809 5808 5810
3 5809 5807 5808
3 5811 5810 5812
3 5811 5809 5810
3 5813 5812 5814
3 5813 5811 5812
3 5815 5814 5816
3 5815 5813 5814
3 5817 5816 5818
3 5817 5815 5816
3 5819 5818 5820
3 5819 5817 5818
3 5821 5820 5822
3 5821 5819 5820
3 5823 5822 5824
3 5823 5821 5822
3 5825 5824 5826
3 5825 5823 5824
3 5827 5826 5828
3 5827 5825 5826
3 5829 5828 5830
3 5829 5827 5828
3 5831 5830 5832
3 5831 5829 5830
3 5833 5831 5832
3 5833 5832 5834
3 5835 5833 5834
3 5835 5834 5836
3 5837 5836 5838
3 5837 5835 5836
3 5839 5838 5840
3 5839 5837 5838
3 5841 5840 5842
3 5841 5839 5840
3 5843 5842 5844
3 5843 5841 5842
3 5845 5844 5846
3 5845 5843 5844
3 5847 5846 5848
3 5847 5845 5846
3 5849 5848 5850
3 5849 5847 5848
3 5851 5849 5850
3 5851 5850 5852
3 5853 5851 5852
3 5853 5852 5854
3 5855 5853 5854
3 5855 5854 5856
3 5857 5855 5856
3 5857 5856 5858
3 5859 5857 5858
3 5859 5858 5860
3 5861 5859 5860
3 5861 5860 5862
3 5863 5861 5862
3 5863 5862 5864
3 5865 5863 5864
3 5865 5864 5866
3 5867 5861 5863
3 5868 5865 5866
3 5869 5868 5866
3 5870 5868 5869
3 5871 5870 5869
3 5872 5870 5871
3 5873 5874 5875
3 5873 5875 5876
3 5877 5876 5878
3 5877 5873 5876
3 5879 5878 5880
3 5879 5877 5878
3 5881 5880 5882
3 5881 5879 5880
3 5883 5882 5884
3 5883 5881 5882
3 5885 5884 5886
3 5885 5883 5884
3 5887 5885 5886
3 5887 5886 5888
3 5889 5887 5888
3 5889 5888 5890
3 5891 5889 5890
3 5891 5890 5892
3 5893 5891 5892
3 5893 5892 5894
3 5895 5893 5894
3 5895 5894 5896
3 5897 5895 5896
3 5897 5896 5898
3 5899 5897 5898
3 5899 5898 5900
3 5901 5899 5900
3 5901 5900 5902
3 5903 5901 5902
3 5903 5902 5904
3 5905 5903 5904
3 5905 5904 5906
3 5907 5905 5906
3 5907 5906 5908
3 5909 5907 5908
3 5909 5908 5910
3 5911 5909 5910
3 5911 5910 5912
3 5913 5912 5914
3 5913 5911 5912
3 5915 5914 5916
3 5915 5913 5914
3 5917 5916 5918
3 5917 5915 5916
3 5919 5918 5920
3 5919 5917 5918
3 5921 5919 5920
3 5922 5921 5920
3 5923 5921 5922
3 5924 5923 5922
3 5925 5923 5924
3 5926 5925 5924
3 5927 5925 5926
3 5928 5927 5926
3 5929 5927 5928
3 5930 5929 5928
3 5931 5929 5930
3 5932 5931 5930
3 5933 5931 5932
3 5934 5933 5932
3 5935 5933 5934
3 5936 5935 5934
3 5937 5935 5936
3 5938 5937 5936
3 5939 5937 5938
3 5940 5939 5938
3 5941 5939 5940
3 5942 5941 5940
3 5943 5941 5942
3 5944 5943 5942
3 5945 5943 5944
3 5946 5945 5944
3 5947 5945 5946
3 5948 5947 5946
3 5949 5947 5948
3 5950 5951 5952
3 5950 5952 5953
3 5954 5953 5955
3 5954 5950 5953
3 5956 5955 5957
3 5956 5954 5955
3 5958 5957 5959
3 5958 5956 5957
3 5960 5959 5961
3 5960 5958 5959
3 5962 5961 5963
3 5962 5960 5961
3 5964 5962 5963
3 5964 5963 5965
3 5966 5964 5965
3 5966 5965 5967
3 5968 5966 5967
3 5968 5967 5969
3 5970 5968 5969
3 5970 5969 5971
3 5972 5970 5971
3 5972 5971 5973
3 5974 5972 5973
3 5974 5973 5975
3 5976 5974 5975
3 5976 5975 5977
3 5978 5976 5977
3 5978 5977 5979
3 5980 5978 5979
3 5980 5979 5981
3 5982 5980 5981
3 5982 5981 5983
3 5984 5982 5983
3 5984 5983 5985
3 5986 5984 5985
3 5986 5985 5987
3 5988 5986 5987
3 5988 5987 5989
3 5990 5989 5991
3 5990 5988 5989
3 5992 5991 5993
3 5992 5990 5991
3 5994 5993 5995
3 5994 5992 5993
3 5996 5995 5997
3 5996 5994 5995
3 5998 5996 5997
3 5999 5998 5997
3 6000 5998 5999
3 6001 6000 5999
3 6002 6000 6001
3 6003 6002 6001
3 6004 6002 6003
3 6005 6004 6003
3 6006 6004 6005
3 6007 6006 6005
3 6008 6006 6007
3 6009 6008 6007
3 6010 6008 6009
3 6011 6010 6009
3 6012 6010 6011
3 6013 6012 6011
3 6014 6012 6013
3 6015 6014 6013
3 6016 6014 6015
3 6017 6016 6015
3 6018 6016 6017
3 6019 6018 6017
3 6020 6018 6019
3 6021 6020 6019
3 6022 6020 6021
3 6023 6022 6021
3 6024 6022 6023
3 6025 6024 6023
3 6026 6024 6025
3 6027 6028 6029
3 6027 6029 6030
3 6031 6030 6032
3 6031 6027 6030
3 6033 6032 6034
3 6033 6031 6032
3 6035 6034 6036
3 6035 6033 6034
3 6037 6036 6038
3 6037 6035 6036
3 6039 6037 6038
3 6039 6038 6040
3 6041 6039 6040
3 6041 6040 6042
3 6043 6041 6042
3 6043 6042 6044
3 6045 6043 6044
3 6045 6044 6046
3 6047 6045 6046
3 6047 6046 6048
3 6049 6047 6048
3 6049 6048 6050
3 6051 6050 6052
3 6051 6049 6050
3 6053 6051 6052
3 6053 6052 6054
3 6055 6054 6056
3 6055 6053 6054
3 6057 6056 6058
3 6057 6055 6056
3 6057 5747 6055
3 6059 6058 6060
3 6059 6057 6058
3 6061 6060 6062
3 6061 6059 6060
3 6063 6062 6064
3 6063 6061 6062
3 6065 6064 6066
3 6065 6063 6064
3 6067 6066 6068
3 6067 6065 6066
3 6069 6068 6070
3 6069 6067 6068
3 6071 6070 6072
3 6071 6069 6070
3 6073 6072 6074
3 6073 6071 6072
3 6075 6074 6076
3 6075 6073 6074
3 6077 6076 6078
3 6077 6075 6076
3 6079 6078 6080
3 6079 6077 6078
3 6081 6080 6082
3 6081 6079 6080
3 6083 6082 6084
3 6083 6081 6082
3 6085 6084 6086
3 6085 6083 6084
3 6087 6085 6086
3 6087 6086 6088
3 6089 6088 6090
3 6089 6087 6088
3 6091 6090 6092
3 6091 6089 6090
3 6093 6092 6094
3 6093 6091 6092
3 6095 6094 6096
3 6095 6093 6094
3 6097 6096 6098
3 6097 6095 6096
3 6099 6098 6100
3 6099 6097 6098
3 6101 6100 6102
3 6101 6099 6100
3 6103 6102 6104
3 6103 6101 6102
3 6105 6106 6107
3 6105 6107 6108
3 6109 6110 6111
3 6110 6112 6111
3 6113 6114 6115
3 6116 6117 6118
3 6116 6118 6119
3 6120 6121 6122
3 6120 6122 6123
3 6124 6125 6126
3 6124 6126 6127
3 6128 6129 6130
3 6131 6132 6133
3 6131 6133 6134
3 6135 6136 6137
3 6135 6137 6138
3 6139 6140 6141
3 6139 6141 6142
3 6143 6144 6145
3 6146 6147 6148
3 6146 6148 6149
3 6150 6151 6152
3 6150 6152 6153
3 6154 6155 6156
3 6157 6155 6154
3 6158 6159 6160
3 6158 6161 6159
3 6162 6163 6164
3 6162 6165 6163
3 6166 6167 6165
3 6166 6165 6162
3 6168 6169 6167
3 6168 6167 6166
3 6170 6171 6169
3 6170 6169 6168
3 6172 6173 6171
3 6172 6171 6170
3 6174 6175 6173
3 6174 6173 6172
3 6176 6177 6175
3 6176 6175 6174
3 6178 6179 6177
3 6178 6177 6176
3 6180 6181 6179
3 6180 6179 6178
3 6182 6181 6180
3 6183 6181 6182
3 6184 6183 6182
3 6185 6183 6184
3 6186 6185 6184
3 6187 6188 6185
3 6187 6185 6186
3 6189 6190 6188
3 6189 6188 6187
3 6191 6190 6189
3 6192 6193 6194
3 6192 6194 6195
3 6196 6193 6192
3 6197 6193 6196
3 6198 6197 6196
3 6199 6200 6197
3 6199 6197 6198
3 6201 6202 6200
3 6201 6200 6199
3 6203 6204 6202
3 6203 6202 6201
3 6205 6206 6204
3 6205 6204 6203
3 6207 6208 6206
3 6207 6206 6205
3 6209 6210 6208
3 6209 6208 6207
3 6211 6212 6210
3 6211 6210 6209
3 6213 6214 6212
3 6213 6212 6211
3 6215 6216 6214
3 6215 6214 6213
3 6217 6216 6215
3 6218 6216 6217
3 6219 6218 6217
3 6220 6218 6219
3 6221 6220 6219
3 6222 6223 6224
3 6222 6225 6223
3 6226 6227 6225
3 6226 6225 6222
3 6228 6229 6227
3 6228 6227 6226
3 6230 6231 6229
3 6230 6229 6228
3 6232 6233 6231
3 6232 6231 6230
3 6234 6235 6233
3 6234 6233 6232
3 6236 6237 6235
3 6236 6235 6234
3 6238 6239 6237
3 6238 6237 6236
3 6240 6241 6239
3 6240 6239 6238
3 6242 6243 6241
3 6242 6241 6240
3 6244 6245 6243
3 6244 6243 6242
3 6246 6247 6245
3 6246 6245 6244
3 6248 6249 6247
3 6248 6247 6246
3 6250 6251 6252
3 6250 6253 6251
3 6254 6255 6253
3 6254 6253 6250
3 6256 6257 6255
3 6256 6255 6254
3 6258 6259 6257
3 6258 6257 6256
3 6260 6261 6259
3 6260 6259 6258
3 6262 6263 6261
3 6262 6261 6260
3 6264 6265 6263
3 6264 6263 6262
3 6266 6267 6265
3 6266 6265 6264
3 6268 6269 6267
3 6268 6267 6266
3 6270 6271 6269
3 6270 6269 6268
3 6272 6273 6271
3 6272 6271 6270
3 6274 6275 6273
3 6274 6273 6272
3 6276 6277 6275
3 6276 6275 6274
3 6278 6279 6280
3 6278 6281 6279
3 6282 6283 6281
3 6282 6281 6278
3 6284 6285 6283
3 6284 6283 6282
3 6286 6287 6285
3 6286 6285 6284
3 6288 6289 6287
3 6288 6287 6286
3 6290 6291 6289
3 6290 6289 6288
3 6292 6293 6291
3 6292 6291 6290
3 6294 6295 6293
3 6294 6293 6292
3 6296 6297 6295
3 6296 6295 6294
3 6298 6299 6297
3 6298 6297 6296
3 6300 6299 6298
3 6301 6299 6300
3 6302 6301 6300
3 6303 6301 6302
3 6304 6303 6302
3 6305 6303 6304
3 6306 6305 6304
3 6307 6308 6309
3 6307 6310 6308
3 6311 6312 6310
3 6311 6310 6307
3 6313 6314 6312
3 6313 6312 6311
3 6315 6316 6314
3 6315 6314 6313
3 6317 6318 6316
3 6317 6316 6315
3 6319 6320 6318
3 6319 6318 6317
3 6321 6322 6320
3 6321 6320 6319
3 6323 6324 6322
3 6323 6322 6321
3 6325 6326 6324
3 6325 6324 6323
3 6327 6328 6326
3 6327 6326 6325
3 6329 6330 6328
3 6329 6328 6327
3 6331 6332 6330
3 6331 6330 6329
3 6333 6334 6332
3 6333 6332 6331
3 6335 6336 6337
3 6335 6337 6338
3 6339 6340 6336
3 6339 6336 6335
3 6341 6342 6340
3 6341 6340 6339
3 6343 6344 6342
3 6343 6342 6341
3 6345 6346 6344
3 6345 6344 6343
3 6347 6348 6346
3 6347 6346 6345
3 6349 6350 6348
3 6349 6348 6347
3 6351 6352 6350
3 6351 6350 6349
3 6353 6354 6352
3 6353 6352 6351
3 6355 6356 6354
3 6355 6354 6353
3 6357 6358 6356
3 6357 6356 6355
3 6359 6360 6358
3 6359 6358 6357
3 6361 6362 6360
3 6361 6360 6359
3 6363 6364 6365
3 6363 6365 6366
3 6367 6368 6364
3 6367 6364 6363
3 6369 6370 6368
3 6369 6368 6367
3 6371 6372 6370
3 6371 6370 6369
3 6373 6374 6372
3 6373 6372 6371
3 6375 6376 6374
3 6375 6374 6373
3 6377 6378 6376
3 6377 6376 6375
3 6379 6380 6378
3 6379 6378 6377
3 6381 6382 6380
3 6381 6380 6379
3 6383 6384 6382
3 6383 6382 6381
3 6385 6386 6384
3 6385 6384 6383
3 6387 6388 6386
3 6387 6386 6385
3 6389 6390 6388
3 6389 6388 6387
3 6391 6392 6393
3 6391 6393 6394
3 6395 6396 6392
3 6395 6392 6391
3 6397 6398 6396
3 6397 6396 6395
3 6399 6400 6398
3 6399 6398 6397
3 6401 6402 6400
3 6401 6400 6399
3 6403 6404 6402
3 6403 6402 6401
3 6405 6406 6404
3 6405 6404 6403
3 6407 6408 6406
3 6407 6406 6405
3 6409 6410 6408
3 6409 6408 6407
3 6411 6412 6410
3 6411 6410 6409
3 6413 6414 6412
3 6413 6412 6411
3 6415 6416 6414
3 6415 6414 6413
3 6417 6418 6416
3 6417 6416 6415
3 6419 6420 6421
3 6419 6421 6422
3 6423 6424 6420
3 6423 6420 6419
3 6425 6426 6424
3 6425 6424 6423
3 6427 6428 6426
3 6427 6426 6425
3 6429 6430 6428
3 6429 6428 6427
3 6431 6432 6430
3 6431 6430 6429
3 6433 6434 6432
3 6433 6432 6431
3 6435 6436 6434
3 6435 6434 6433
3 6437 6438 6436
3 6437 6436 6435
3 6439 6440 6438
3 6439 6438 6437
3 6441 6442 6440
3 6441 6440 6439
3 6443 6444 6442
3 6443 6442 6441
3 6445 6446 6444
3 6445 6444 6443
3 6447 6448 6449
3 6447 6449 6450
3 6451 6452 6448
3 6451 6448 6447
3 6453 6454 6452
3 6453 6452 6451
3 6455 6456 6454
3 6455 6454 6453
3 6457 6458 6456
3 6457 6456 6455
3 6459 6460 6458
3 6459 6458 6457
3 6461 6462 6460
3 6461 6460 6459
3 6463 6464 6462
3 6463 6462 6461
3 6465 6466 6464
3 6465 6464 6463
3 6467 6468 6466
3 6467 6466 6465
3 6469 6470 6468
3 6469 6468 6467
3 6471 6472 6470
3 6471 6470 6469
3 6473 6474 6472
3 6473 6472 6471
3 6475 6476 6477
3 6475 6477 6478
3 6479 6480 6476
3 6479 6476 6475
3 6481 6482 6480
3 6481 6480 6479
3 6483 6484 6482
3 6483 6482 6481
3 6485 6486 6484
3 6485 6484 6483
3 6487 6488 6486
3 6487 6486 6485
3 6489 6490 6488
3 6489 6488 6487
3 6491 6492 6490
3 6491 6490 6489
3 6493 6494 6492
3 6493 6492 6491
3 6495 6496 6494
3 6495 6494 6493
3 6497 6498 6496
3 6497 6496 6495
3 6499 6500 6498
3 6499 6498 6497
3 6501 6502 6500
3 6501 6500 6499
3 6503 6504 6505
3 6503 6505 6506
3 6507 6508 6504
3 6507 6504 6503
3 6509 6510 6508
3 6509 6508 6507
3 6511 6512 6510
3 6511 6510 6509
3 6513 6514 6512
3 6513 6512 6511
3 6515 6516 6514
3 6515 6514 6513
3 6517 6518 6516
3 6517 6516 6515
3 6519 6520 6518
3 6519 6518 6517
3 6521 6522 6520
3 6521 6520 6519
3 6523 6524 6522
3 6523 6522 6521
3 6525 6526 6524
3 6525 6524 6523
3 6527 6528 6526
3 6527 6526 6525
3 6529 6530 6528
3 6529 6528 6527
3 6531 6532 6533
3 6531 6534 6532
3 6535 6536 6532
3 6535 6532 6534
3 6537 6533 6538
3 6537 6531 6533
3 6539 6540 6536
3 6539 6536 6535
3 6541 6538 6542
3 6541 6537 6538
3 6543 6544 6540
3 6543 6540 6539
3 6545 6542 6546
3 6545 6541 6542
3 6547 6548 6544
3 6547 6544 6543
3 6549 6546 6550
3 6549 6545 6546
3 6551 6552 6548
3 6551 6548 6547
3 6553 6550 6554
3 6553 6549 6550
3 6555 6556 6552
3 6555 6552 6551
3 6557 6558 6553
3 6557 6553 6554
3 6559 6556 6555
3 6559 6555 6560
3 6561 6558 6557
3 6561 6562 6558
3 6563 6559 6560
3 6563 6560 6564
3 6565 6562 6561
3 6565 6566 6562
3 6567 6563 6564
3 6567 6564 6568
3 6569 6570 6566
3 6569 6566 6565
3 6571 6567 6568
3 6571 6568 6572
3 6573 6570 6569
3 6573 6574 6570
3 6575 6571 6572
3 6575 6572 6576
3 6577 6574 6573
3 6577 6578 6574
3 6579 6576 6580
3 6579 6575 6576
3 6581 6580 6582
3 6581 6582 6578
3 6581 6578 6577
3 6581 6579 6580
3 6583 6584 6585
3 6583 6586 6584
3 6587 6588 6584
3 6587 6584 6586
3 6589 6585 6590
3 6589 6583 6585
3 6591 6592 6588
3 6591 6588 6587
3 6593 6590 6594
3 6593 6589 6590
3 6595 6596 6592
3 6595 6592 6591
3 6597 6594 6598
3 6597 6593 6594
3 6599 6600 6596
3 6599 6596 6595
3 6601 6598 6602
3 6601 6597 6598
3 6603 6604 6600
3 6603 6600 6599
3 6605 6602 6606
3 6605 6601 6602
3 6607 6608 6604
3 6607 6604 6603
3 6609 6610 6605
3 6609 6605 6606
3 6611 6608 6607
3 6611 6607 6612
3 6613 6610 6609
3 6613 6614 6610
3 6615 6611 6612
3 6615 6612 6616
3 6617 6614 6613
3 6617 6618 6614
3 6619 6615 6616
3 6619 6616 6620
3 6621 6622 6618
3 6621 6618 6617
3 6623 6619 6620
3 6623 6620 6624
3 6625 6622 6621
3 6625 6626 6622
3 6627 6623 6624
3 6627 6624 6628
3 6629 6626 6625
3 6629 6630 6626
3 6631 6628 6632
3 6631 6627 6628
3 6633 6632 6634
3 6633 6634 6630
3 6633 6630 6629
3 6633 6631 6632
3 6635 6636 6637
3 6635 6638 6636
3 6639 6640 6638
3 6639 6638 6635
3 6641 6642 6640
3 6641 6640 6639
3 6643 6644 6642
3 6643 6642 6641
3 6645 6646 6644
3 6645 6644 6643
3 6647 6648 6646
3 6647 6646 6645
3 6649 6650 6648
3 6649 6648 6647
3 6651 6652 6650
3 6651 6650 6649
3 6653 6654 6652
3 6653 6652 6651
3 6655 6656 6654
3 6655 6654 6653
3 6657 6658 6656
3 6657 6656 6655
3 6659 6660 6658
3 6659 6658 6657
3 6661 6662 6660
3 6661 6660 6659
3 6663 6664 6665
3 6666 6667 6664
3 6666 6664 6663
3 6668 6667 6666
3 6669 6667 6668
3 6670 6668 6671
3 6670 6669 6668
3 6672 6673 6669
3 6672 6669 6670
3 6674 6675 6673
3 6674 6673 6672
3 6676 6677 6675
3 6676 6675 6674
3 6678 6679 6677
3 6678 6680 6679
3 6678 6677 6676
3 6681 6682 6680
3 6681 6680 6678
3 6683 6684 6682
3 6683 6682 6681
3 6685 6686 6684
3 6685 6684 6683
3 6687 6688 6686
3 6687 6686 6685
3 6689 6688 6687
3 6690 6691 6688
3 6690 6688 6689
3 6692 6693 6691
3 6692 6691 6690
3 6694 6693 6692
3 6695 6690 6689
3 6696 6693 6694
3 6697 6698 6699
3 6700 6698 6697
3 6701 6700 6697
3 6702 6700 6701
3 6703 6702 6701
3 6704 6702 6703
3 6705 6704 6703
3 6706 6704 6705
3 6707 6706 6705
3 6708 6706 6707
3 6709 6708 6707
3 6710 6708 6709
3 6711 6710 6709
3 6712 6710 6711
3 6713 6712 6711
3 6714 6712 6713
3 6715 6714 6713
3 6716 6714 6715
3 6717 6715 6718
3 6717 6716 6715
3 6719 6718 6720
3 6719 6717 6718
3 6721 6720 6722
3 6721 6719 6720
3 6723 6722 6724
3 6723 6721 6722
3 6725 6724 6726
3 6725 6723 6724
3 6727 6726 6728
3 6727 6725 6726
3 6729 6727 6728
3 6729 6728 6730
3 6731 6730 6732
3 6731 6729 6730
3 6733 6734 6735
3 6733 6735 6736
3 6737 6736 6738
3 6737 6733 6736
3 6739 6738 6740
3 6739 6737 6738
3 6741 6740 6742
3 6741 6739 6740
3 6743 6742 6744
3 6743 6741 6742
3 6745 6744 6746
3 6745 6743 6744
3 6747 6746 6748
3 6747 6745 6746
3 6749 6748 6750
3 6749 6747 6748
3 6751 6750 6752
3 6751 6749 6750
3 6753 6752 6754
3 6753 6751 6752
3 6755 6754 6756
3 6755 6753 6754
3 6757 6756 6758
3 6757 6755 6756
3 6759 6758 6760
3 6759 6757 6758
3 6761 6760 6762
3 6761 6759 6760
3 6763 6762 6764
3 6763 6761 6762
3 6765 6763 6764
3 6765 6764 6766
3 6767 6765 6766
3 6767 6766 6768
3 6769 6770 6771
3 6772 6771 6773
3 6772 6769 6771
3 6774 6773 6775
3 6774 6772 6773
3 6776 6775 6777
3 6776 6774 6775
3 6778 6777 6779
3 6778 6776 6777
3 6780 6779 6781
3 6780 6778 6779
3 6782 6781 6783
3 6782 6780 6781
3 6784 6783 6785
3 6784 6782 6783
3 6786 6785 6787
3 6786 6784 6785
3 6788 6787 6789
3 6788 6786 6787
3 6790 6789 6791
3 6790 6788 6789
3 6792 6791 6793
3 6792 6790 6791
3 6794 6793 6795
3 6794 6792 6793
3 6796 6795 6797
3 6796 6794 6795
3 6798 6797 6799
3 6798 6796 6797
3 6800 6799 6801
3 6800 6798 6799
3 6802 6800 6801
3 6802 6801 6803
3 6804 6802 6803
3 6805 6806 6807
3 6808 6809 6806
3 6808 6806 6805
3 6810 6809 6808
3 6811 6809 6810
3 6812 6810 6813
3 6812 6811 6810
3 6814 6815 6811
3 6814 6811 6812
3 6816 6817 6815
3 6816 6815 6814
3 6818 6819 6817
3 6818 6817 6816
3 6820 6821 6819
3 6820 6819 6818
3 6822 6823 6821
3 6822 6824 6823
3 6822 6821 6820
3 6825 6826 6824
3 6825 6824 6822
3 6827 6828 6826
3 6827 6826 6825
3 6829 6830 6828
3 6829 6828 6827
3 6831 6830 6829
3 6832 6833 6830
3 6832 6830 6831
3 6834 6835 6833
3 6834 6833 6832
3 6836 6835 6834
3 6837 6832 6831
3 6838 6835 6836
3 6839 6840 6841
3 6842 6840 6839
3 6843 6842 6839
3 6844 6842 6843
3 6845 6844 6843
3 6846 6844 6845
3 6847 6846 6845
3 6848 6846 6847
3 6849 6848 6847
3 6850 6848 6849
3 6851 6850 6849
3 6852 6850 6851
3 6853 6852 6851
3 6854 6852 6853
3 6855 6854 6853
3 6856 6854 6855
3 6857 6855 6858
3 6857 6856 6855
3 6859 6858 6860
3 6859 6857 6858
3 6861 6860 6862
3 6861 6859 6860
3 6863 6862 6864
3 6863 6861 6862
3 6865 6864 6866
3 6865 6863 6864
3 6867 6866 6868
3 6867 6865 6866
3 6869 6868 6870
3 6869 6867 6868
3 6871 6869 6870
3 6871 6870 6872
3 6873 6872 6874
3 6873 6871 6872
3 6875 6876 6877
3 6875 6878 6876
3 6879 6880 6878
3 6879 6878 6875
3 6881 6882 6880
3 6881 6880 6879
3 6883 6884 6882
3 6883 6882 6881
3 6885 6886 6884
3 6885 6884 6883
3 6887 6888 6886
3 6887 6886 6885
3 6889 6890 6888
3 6889 6888 6887
3 6891 6892 6890
3 6891 6890 6889
3 6893 6894 6892
3 6893 6892 6891
3 6895 6896 6894
3 6895 6894 6893
3 6897 6898 6896
3 6897 6896 6895
3 6899 6900 6898
3 6899 6898 6897
3 6901 6902 6900
3 6901 6900 6899
3 6903 6904 6905
3 6903 6905 6906
3 6907 6908 6904
3 6907 6904 6903
3 6909 6910 6908
3 6909 6908 6907
3 6911 6912 6910
3 6911 6910 6909
3 6913 6914 6912
3 6913 6912 6911
3 6915 6916 6914
3 6915 6914 6913
3 6917 6918 6916
3 6917 6916 6915
3 6919 6920 6918
3 6919 6918 6917
3 6921 6922 6920
3 6921 6920 6919
3 6923 6924 6922
3 6923 6922 6921
3 6925 6926 6924
3 6925 6924 6923
3 6927 6928 6926
3 6927 6926 6925
3 6929 6930 6928
3 6929 6928 6927
3 6931 6932 6933
3 6931 6933 6934
3 6935 6936 6932
3 6935 6932 6931
3 6937 6938 6936
3 6937 6936 6935
3 6939 6940 6938
3 6939 6938 6937
3 6941 6942 6940
3 6941 6940 6939
3 6943 6944 6942
3 6943 6942 6941
3 6945 6946 6944
3 6945 6944 6943
3 6947 6948 6946
3 6947 6946 6945
3 6949 6950 6948
3 6949 6948 6947
3 6951 6952 6950
3 6951 6950 6949
3 6953 6954 6952
3 6953 6952 6951
3 6955 6956 6954
3 6955 6954 6953
3 6957 6958 6956
3 6957 6956 6955
3 6959 6960 6961
3 6959 6961 6962
3 6963 6964 6960
3 6963 6960 6959
3 6965 6966 6964
3 6965 6964 6963
3 6967 6968 6966
3 6967 6966 6965
3 6969 6970 6968
3 6969 6968 6967
3 6971 6972 6970
3 6971 6970 6969
3 6973 6974 6972
3 6973 6972 6971
3 6975 6976 6974
3 6975 6974 6973
3 6977 6978 6976
3 6977 6976 6975
3 6979 6980 6978
3 6979 6978 6977
3 6981 6982 6980
3 6981 6980 6979
3 6983 6984 6982
3 6983 6982 6981
3 6985 6986 6984
3 6985 6984 6983
3 6987 6988 6989
3 6987 6989 6990
3 6991 6990 6992
3 6991 6987 6990
3 6993 6992 6994
3 6993 6991 6992
3 6995 6994 6996
3 6995 6993 6994
3 6997 6996 6998
3 6997 6995 6996
3 6999 6998 7000
3 6999 6997 6998
3 7001 7000 7002
3 7001 6999 7000
3 7003 7002 7004
3 7003 7001 7002
3 7005 7004 7006
3 7005 7003 7004
3 7007 7006 7008
3 7007 7005 7006
3 7009 7008 7010
3 7009 7007 7008
3 7011 7010 7012
3 7011 7009 7010
3 7013 7012 7014
3 7013 7011 7012
3 7015 7016 7017
3 7015 7017 7018
3 7019 7018 7020
3 7019 7015 7018
3 7021 7020 7022
3 7021 7019 7020
3 7023 7022 7024
3 7023 7021 7022
3 7025 7024 7026
3 7025 7023 7024
3 7027 7026 7028
3 7027 7025 7026
3 7029 7028 7030
3 7029 7027 7028
3 7031 7030 7032
3 7031 7029 7030
3 7033 7032 7034
3 7033 7031 7032
3 7035 7034 7036
3 7035 7033 7034
3 7037 7036 7038
3 7037 7035 7036
3 7039 7038 7040
3 7039 7037 7038
3 7041 7040 7042
3 7041 7039 7040
3 7043 7044 7045
3 7043 7045 7046
3 7047 7046 7048
3 7047 7043 7046
3 7049 7048 7050
3 7049 7047 7048
3 7051 7050 7052
3 7051 7049 7050
3 7053 7052 7054
3 7053 7051 7052
3 7055 7054 7056
3 7055 7053 7054
3 7057 7056 7058
3 7057 7055 7056
3 7059 7058 7060
3 7059 7057 7058
3 7061 7060 7062
3 7061 7059 7060
3 7063 7062 7064
3 7063 7061 7062
3 7065 7064 7066
3 7065 7063 7064
3 7067 7066 7068
3 7067 7065 7066
3 7069 7068 7070
3 7069 7067 7068
3 7071 7072 7073
3 7071 7073 7074
3 7075 7074 7076
3 7075 7071 7074
3 7077 7076 7078
3 7077 7075 7076
3 7079 7078 7080
3 7079 7077 7078
3 7081 7080 7082
3 7081 7079 7080
3 7083 7082 7084
3 7083 7081 7082
3 7085 7084 7086
3 7085 7083 7084
3 7087 7086 7088
3 7087 7085 7086
3 7089 7088 7090
3 7089 7087 7088
3 7091 7090 7092
3 7091 7089 7090
3 7093 7092 7094
3 7093 7091 7092
3 7095 7094 7096
3 7095 7093 7094
3 7097 7096 7098
3 7097 7095 7096
